ISO-10303-21;
HEADER;
FILE_DESCRIPTION(('FreeCAD Model'),'2;1');
FILE_NAME('Open CASCADE Shape Model','2026-09-20T12:52:37',('Author'),(
    ''),'Open CASCADE STEP processor 7.8','FreeCAD','Unknown');
FILE_SCHEMA(('AUTOMOTIVE_DESIGN { 1 0 10303 214 1 1 1 1 }'));
ENDSEC;
DATA;
#1 = APPLICATION_PROTOCOL_DEFINITION('international standard',
  'automotive_design',2000,#2);
#2 = APPLICATION_CONTEXT(
  'core data for automotive mechanical design processes');
#3 = SHAPE_DEFINITION_REPRESENTATION(#4,#10);
#4 = PRODUCT_DEFINITION_SHAPE('','',#5);
#5 = PRODUCT_DEFINITION('design','',#6,#9);
#6 = PRODUCT_DEFINITION_FORMATION('','',#7);
#7 = PRODUCT('InfinitePad','InfinitePad','',(#8));
#8 = PRODUCT_CONTEXT('',#2,'mechanical');
#9 = PRODUCT_DEFINITION_CONTEXT('part definition',#2,'design');
#10 = SHAPE_REPRESENTATION('',(#11,#15,#19,#23,#27,#31,#35,#39),#43);
#11 = AXIS2_PLACEMENT_3D('',#12,#13,#14);
#12 = CARTESIAN_POINT('',(0.,0.,0.));
#13 = DIRECTION('',(0.,0.,1.));
#14 = DIRECTION('',(1.,0.,-0.));
#15 = AXIS2_PLACEMENT_3D('',#16,#17,#18);
#16 = CARTESIAN_POINT('',(0.,0.,0.));
#17 = DIRECTION('',(0.,0.,1.));
#18 = DIRECTION('',(1.,0.,0.));
#19 = AXIS2_PLACEMENT_3D('',#20,#21,#22);
#20 = CARTESIAN_POINT('',(0.,0.,0.));
#21 = DIRECTION('',(0.,0.,1.));
#22 = DIRECTION('',(1.,0.,0.));
#23 = AXIS2_PLACEMENT_3D('',#24,#25,#26);
#24 = CARTESIAN_POINT('',(0.,0.,0.));
#25 = DIRECTION('',(0.,0.,1.));
#26 = DIRECTION('',(1.,0.,0.));
#27 = AXIS2_PLACEMENT_3D('',#28,#29,#30);
#28 = CARTESIAN_POINT('',(0.,0.,0.));
#29 = DIRECTION('',(0.,0.,1.));
#30 = DIRECTION('',(1.,0.,0.));
#31 = AXIS2_PLACEMENT_3D('',#32,#33,#34);
#32 = CARTESIAN_POINT('',(0.,0.,0.));
#33 = DIRECTION('',(0.,0.,1.));
#34 = DIRECTION('',(1.,0.,0.));
#35 = AXIS2_PLACEMENT_3D('',#36,#37,#38);
#36 = CARTESIAN_POINT('',(0.,0.,0.));
#37 = DIRECTION('',(0.,0.,1.));
#38 = DIRECTION('',(1.,0.,0.));
#39 = AXIS2_PLACEMENT_3D('',#40,#41,#42);
#40 = CARTESIAN_POINT('',(0.,0.,0.));
#41 = DIRECTION('',(0.,0.,1.));
#42 = DIRECTION('',(1.,0.,0.));
#43 = ( GEOMETRIC_REPRESENTATION_CONTEXT(3) 
GLOBAL_UNCERTAINTY_ASSIGNED_CONTEXT((#47)) GLOBAL_UNIT_ASSIGNED_CONTEXT(
(#44,#45,#46)) REPRESENTATION_CONTEXT('Context #1',
  '3D Context with UNIT and UNCERTAINTY') );
#44 = ( LENGTH_UNIT() NAMED_UNIT(*) SI_UNIT(.MILLI.,.METRE.) );
#45 = ( NAMED_UNIT(*) PLANE_ANGLE_UNIT() SI_UNIT($,.RADIAN.) );
#46 = ( NAMED_UNIT(*) SI_UNIT($,.STERADIAN.) SOLID_ANGLE_UNIT() );
#47 = UNCERTAINTY_MEASURE_WITH_UNIT(LENGTH_MEASURE(1.E-07),#44,
  'distance_accuracy_value','confusion accuracy');
#48 = PRODUCT_RELATED_PRODUCT_CATEGORY('part',$,(#7));
#49 = SHAPE_DEFINITION_REPRESENTATION(#50,#56);
#50 = PRODUCT_DEFINITION_SHAPE('','',#51);
#51 = PRODUCT_DEFINITION('design','',#52,#55);
#52 = PRODUCT_DEFINITION_FORMATION('','',#53);
#53 = PRODUCT('StructuralRibs','StructuralRibs','',(#54));
#54 = PRODUCT_CONTEXT('',#2,'mechanical');
#55 = PRODUCT_DEFINITION_CONTEXT('part definition',#2,'design');
#56 = SHAPE_REPRESENTATION('',(#11,#57,#207,#357,#507,#657,#807),#957);
#57 = MANIFOLD_SOLID_BREP('',#58);
#58 = CLOSED_SHELL('',(#59,#99,#139,#161,#183,#195));
#59 = ADVANCED_FACE('',(#60),#94,.F.);
#60 = FACE_BOUND('',#61,.F.);
#61 = EDGE_LOOP('',(#62,#72,#80,#88));
#62 = ORIENTED_EDGE('',*,*,#63,.F.);
#63 = EDGE_CURVE('',#64,#66,#68,.T.);
#64 = VERTEX_POINT('',#65);
#65 = CARTESIAN_POINT('',(8.,12.,4.));
#66 = VERTEX_POINT('',#67);
#67 = CARTESIAN_POINT('',(8.,12.,12.));
#68 = LINE('',#69,#70);
#69 = CARTESIAN_POINT('',(8.,12.,4.));
#70 = VECTOR('',#71,1.);
#71 = DIRECTION('',(0.,0.,1.));
#72 = ORIENTED_EDGE('',*,*,#73,.T.);
#73 = EDGE_CURVE('',#64,#74,#76,.T.);
#74 = VERTEX_POINT('',#75);
#75 = CARTESIAN_POINT('',(8.,84.,4.));
#76 = LINE('',#77,#78);
#77 = CARTESIAN_POINT('',(8.,12.,4.));
#78 = VECTOR('',#79,1.);
#79 = DIRECTION('',(-0.,1.,0.));
#80 = ORIENTED_EDGE('',*,*,#81,.T.);
#81 = EDGE_CURVE('',#74,#82,#84,.T.);
#82 = VERTEX_POINT('',#83);
#83 = CARTESIAN_POINT('',(8.,84.,12.));
#84 = LINE('',#85,#86);
#85 = CARTESIAN_POINT('',(8.,84.,4.));
#86 = VECTOR('',#87,1.);
#87 = DIRECTION('',(0.,0.,1.));
#88 = ORIENTED_EDGE('',*,*,#89,.F.);
#89 = EDGE_CURVE('',#66,#82,#90,.T.);
#90 = LINE('',#91,#92);
#91 = CARTESIAN_POINT('',(8.,12.,12.));
#92 = VECTOR('',#93,1.);
#93 = DIRECTION('',(-0.,1.,0.));
#94 = PLANE('',#95);
#95 = AXIS2_PLACEMENT_3D('',#96,#97,#98);
#96 = CARTESIAN_POINT('',(8.,12.,4.));
#97 = DIRECTION('',(1.,0.,-0.));
#98 = DIRECTION('',(0.,0.,1.));
#99 = ADVANCED_FACE('',(#100),#134,.T.);
#100 = FACE_BOUND('',#101,.T.);
#101 = EDGE_LOOP('',(#102,#112,#120,#128));
#102 = ORIENTED_EDGE('',*,*,#103,.F.);
#103 = EDGE_CURVE('',#104,#106,#108,.T.);
#104 = VERTEX_POINT('',#105);
#105 = CARTESIAN_POINT('',(11.,12.,4.));
#106 = VERTEX_POINT('',#107);
#107 = CARTESIAN_POINT('',(11.,12.,12.));
#108 = LINE('',#109,#110);
#109 = CARTESIAN_POINT('',(11.,12.,4.));
#110 = VECTOR('',#111,1.);
#111 = DIRECTION('',(0.,0.,1.));
#112 = ORIENTED_EDGE('',*,*,#113,.T.);
#113 = EDGE_CURVE('',#104,#114,#116,.T.);
#114 = VERTEX_POINT('',#115);
#115 = CARTESIAN_POINT('',(11.,84.,4.));
#116 = LINE('',#117,#118);
#117 = CARTESIAN_POINT('',(11.,12.,4.));
#118 = VECTOR('',#119,1.);
#119 = DIRECTION('',(-0.,1.,0.));
#120 = ORIENTED_EDGE('',*,*,#121,.T.);
#121 = EDGE_CURVE('',#114,#122,#124,.T.);
#122 = VERTEX_POINT('',#123);
#123 = CARTESIAN_POINT('',(11.,84.,12.));
#124 = LINE('',#125,#126);
#125 = CARTESIAN_POINT('',(11.,84.,4.));
#126 = VECTOR('',#127,1.);
#127 = DIRECTION('',(0.,0.,1.));
#128 = ORIENTED_EDGE('',*,*,#129,.F.);
#129 = EDGE_CURVE('',#106,#122,#130,.T.);
#130 = LINE('',#131,#132);
#131 = CARTESIAN_POINT('',(11.,12.,12.));
#132 = VECTOR('',#133,1.);
#133 = DIRECTION('',(-0.,1.,0.));
#134 = PLANE('',#135);
#135 = AXIS2_PLACEMENT_3D('',#136,#137,#138);
#136 = CARTESIAN_POINT('',(11.,12.,4.));
#137 = DIRECTION('',(1.,0.,-0.));
#138 = DIRECTION('',(0.,0.,1.));
#139 = ADVANCED_FACE('',(#140),#156,.F.);
#140 = FACE_BOUND('',#141,.F.);
#141 = EDGE_LOOP('',(#142,#148,#149,#155));
#142 = ORIENTED_EDGE('',*,*,#143,.F.);
#143 = EDGE_CURVE('',#64,#104,#144,.T.);
#144 = LINE('',#145,#146);
#145 = CARTESIAN_POINT('',(8.,12.,4.));
#146 = VECTOR('',#147,1.);
#147 = DIRECTION('',(1.,0.,-0.));
#148 = ORIENTED_EDGE('',*,*,#63,.T.);
#149 = ORIENTED_EDGE('',*,*,#150,.T.);
#150 = EDGE_CURVE('',#66,#106,#151,.T.);
#151 = LINE('',#152,#153);
#152 = CARTESIAN_POINT('',(8.,12.,12.));
#153 = VECTOR('',#154,1.);
#154 = DIRECTION('',(1.,0.,-0.));
#155 = ORIENTED_EDGE('',*,*,#103,.F.);
#156 = PLANE('',#157);
#157 = AXIS2_PLACEMENT_3D('',#158,#159,#160);
#158 = CARTESIAN_POINT('',(8.,12.,4.));
#159 = DIRECTION('',(-0.,1.,0.));
#160 = DIRECTION('',(0.,0.,1.));
#161 = ADVANCED_FACE('',(#162),#178,.T.);
#162 = FACE_BOUND('',#163,.T.);
#163 = EDGE_LOOP('',(#164,#170,#171,#177));
#164 = ORIENTED_EDGE('',*,*,#165,.F.);
#165 = EDGE_CURVE('',#74,#114,#166,.T.);
#166 = LINE('',#167,#168);
#167 = CARTESIAN_POINT('',(8.,84.,4.));
#168 = VECTOR('',#169,1.);
#169 = DIRECTION('',(1.,0.,-0.));
#170 = ORIENTED_EDGE('',*,*,#81,.T.);
#171 = ORIENTED_EDGE('',*,*,#172,.T.);
#172 = EDGE_CURVE('',#82,#122,#173,.T.);
#173 = LINE('',#174,#175);
#174 = CARTESIAN_POINT('',(8.,84.,12.));
#175 = VECTOR('',#176,1.);
#176 = DIRECTION('',(1.,0.,-0.));
#177 = ORIENTED_EDGE('',*,*,#121,.F.);
#178 = PLANE('',#179);
#179 = AXIS2_PLACEMENT_3D('',#180,#181,#182);
#180 = CARTESIAN_POINT('',(8.,84.,4.));
#181 = DIRECTION('',(-0.,1.,0.));
#182 = DIRECTION('',(0.,0.,1.));
#183 = ADVANCED_FACE('',(#184),#190,.F.);
#184 = FACE_BOUND('',#185,.F.);
#185 = EDGE_LOOP('',(#186,#187,#188,#189));
#186 = ORIENTED_EDGE('',*,*,#73,.F.);
#187 = ORIENTED_EDGE('',*,*,#143,.T.);
#188 = ORIENTED_EDGE('',*,*,#113,.T.);
#189 = ORIENTED_EDGE('',*,*,#165,.F.);
#190 = PLANE('',#191);
#191 = AXIS2_PLACEMENT_3D('',#192,#193,#194);
#192 = CARTESIAN_POINT('',(8.,12.,4.));
#193 = DIRECTION('',(0.,0.,1.));
#194 = DIRECTION('',(1.,0.,-0.));
#195 = ADVANCED_FACE('',(#196),#202,.T.);
#196 = FACE_BOUND('',#197,.T.);
#197 = EDGE_LOOP('',(#198,#199,#200,#201));
#198 = ORIENTED_EDGE('',*,*,#89,.F.);
#199 = ORIENTED_EDGE('',*,*,#150,.T.);
#200 = ORIENTED_EDGE('',*,*,#129,.T.);
#201 = ORIENTED_EDGE('',*,*,#172,.F.);
#202 = PLANE('',#203);
#203 = AXIS2_PLACEMENT_3D('',#204,#205,#206);
#204 = CARTESIAN_POINT('',(8.,12.,12.));
#205 = DIRECTION('',(0.,0.,1.));
#206 = DIRECTION('',(1.,0.,-0.));
#207 = MANIFOLD_SOLID_BREP('',#208);
#208 = CLOSED_SHELL('',(#209,#249,#289,#311,#333,#345));
#209 = ADVANCED_FACE('',(#210),#244,.F.);
#210 = FACE_BOUND('',#211,.F.);
#211 = EDGE_LOOP('',(#212,#222,#230,#238));
#212 = ORIENTED_EDGE('',*,*,#213,.F.);
#213 = EDGE_CURVE('',#214,#216,#218,.T.);
#214 = VERTEX_POINT('',#215);
#215 = CARTESIAN_POINT('',(109.,12.,4.));
#216 = VERTEX_POINT('',#217);
#217 = CARTESIAN_POINT('',(109.,12.,12.));
#218 = LINE('',#219,#220);
#219 = CARTESIAN_POINT('',(109.,12.,4.));
#220 = VECTOR('',#221,1.);
#221 = DIRECTION('',(0.,0.,1.));
#222 = ORIENTED_EDGE('',*,*,#223,.T.);
#223 = EDGE_CURVE('',#214,#224,#226,.T.);
#224 = VERTEX_POINT('',#225);
#225 = CARTESIAN_POINT('',(109.,84.,4.));
#226 = LINE('',#227,#228);
#227 = CARTESIAN_POINT('',(109.,12.,4.));
#228 = VECTOR('',#229,1.);
#229 = DIRECTION('',(-0.,1.,0.));
#230 = ORIENTED_EDGE('',*,*,#231,.T.);
#231 = EDGE_CURVE('',#224,#232,#234,.T.);
#232 = VERTEX_POINT('',#233);
#233 = CARTESIAN_POINT('',(109.,84.,12.));
#234 = LINE('',#235,#236);
#235 = CARTESIAN_POINT('',(109.,84.,4.));
#236 = VECTOR('',#237,1.);
#237 = DIRECTION('',(0.,0.,1.));
#238 = ORIENTED_EDGE('',*,*,#239,.F.);
#239 = EDGE_CURVE('',#216,#232,#240,.T.);
#240 = LINE('',#241,#242);
#241 = CARTESIAN_POINT('',(109.,12.,12.));
#242 = VECTOR('',#243,1.);
#243 = DIRECTION('',(-0.,1.,0.));
#244 = PLANE('',#245);
#245 = AXIS2_PLACEMENT_3D('',#246,#247,#248);
#246 = CARTESIAN_POINT('',(109.,12.,4.));
#247 = DIRECTION('',(1.,0.,-0.));
#248 = DIRECTION('',(0.,0.,1.));
#249 = ADVANCED_FACE('',(#250),#284,.T.);
#250 = FACE_BOUND('',#251,.T.);
#251 = EDGE_LOOP('',(#252,#262,#270,#278));
#252 = ORIENTED_EDGE('',*,*,#253,.F.);
#253 = EDGE_CURVE('',#254,#256,#258,.T.);
#254 = VERTEX_POINT('',#255);
#255 = CARTESIAN_POINT('',(112.,12.,4.));
#256 = VERTEX_POINT('',#257);
#257 = CARTESIAN_POINT('',(112.,12.,12.));
#258 = LINE('',#259,#260);
#259 = CARTESIAN_POINT('',(112.,12.,4.));
#260 = VECTOR('',#261,1.);
#261 = DIRECTION('',(0.,0.,1.));
#262 = ORIENTED_EDGE('',*,*,#263,.T.);
#263 = EDGE_CURVE('',#254,#264,#266,.T.);
#264 = VERTEX_POINT('',#265);
#265 = CARTESIAN_POINT('',(112.,84.,4.));
#266 = LINE('',#267,#268);
#267 = CARTESIAN_POINT('',(112.,12.,4.));
#268 = VECTOR('',#269,1.);
#269 = DIRECTION('',(-0.,1.,0.));
#270 = ORIENTED_EDGE('',*,*,#271,.T.);
#271 = EDGE_CURVE('',#264,#272,#274,.T.);
#272 = VERTEX_POINT('',#273);
#273 = CARTESIAN_POINT('',(112.,84.,12.));
#274 = LINE('',#275,#276);
#275 = CARTESIAN_POINT('',(112.,84.,4.));
#276 = VECTOR('',#277,1.);
#277 = DIRECTION('',(0.,0.,1.));
#278 = ORIENTED_EDGE('',*,*,#279,.F.);
#279 = EDGE_CURVE('',#256,#272,#280,.T.);
#280 = LINE('',#281,#282);
#281 = CARTESIAN_POINT('',(112.,12.,12.));
#282 = VECTOR('',#283,1.);
#283 = DIRECTION('',(-0.,1.,0.));
#284 = PLANE('',#285);
#285 = AXIS2_PLACEMENT_3D('',#286,#287,#288);
#286 = CARTESIAN_POINT('',(112.,12.,4.));
#287 = DIRECTION('',(1.,0.,-0.));
#288 = DIRECTION('',(0.,0.,1.));
#289 = ADVANCED_FACE('',(#290),#306,.F.);
#290 = FACE_BOUND('',#291,.F.);
#291 = EDGE_LOOP('',(#292,#298,#299,#305));
#292 = ORIENTED_EDGE('',*,*,#293,.F.);
#293 = EDGE_CURVE('',#214,#254,#294,.T.);
#294 = LINE('',#295,#296);
#295 = CARTESIAN_POINT('',(109.,12.,4.));
#296 = VECTOR('',#297,1.);
#297 = DIRECTION('',(1.,0.,-0.));
#298 = ORIENTED_EDGE('',*,*,#213,.T.);
#299 = ORIENTED_EDGE('',*,*,#300,.T.);
#300 = EDGE_CURVE('',#216,#256,#301,.T.);
#301 = LINE('',#302,#303);
#302 = CARTESIAN_POINT('',(109.,12.,12.));
#303 = VECTOR('',#304,1.);
#304 = DIRECTION('',(1.,0.,-0.));
#305 = ORIENTED_EDGE('',*,*,#253,.F.);
#306 = PLANE('',#307);
#307 = AXIS2_PLACEMENT_3D('',#308,#309,#310);
#308 = CARTESIAN_POINT('',(109.,12.,4.));
#309 = DIRECTION('',(-0.,1.,0.));
#310 = DIRECTION('',(0.,0.,1.));
#311 = ADVANCED_FACE('',(#312),#328,.T.);
#312 = FACE_BOUND('',#313,.T.);
#313 = EDGE_LOOP('',(#314,#320,#321,#327));
#314 = ORIENTED_EDGE('',*,*,#315,.F.);
#315 = EDGE_CURVE('',#224,#264,#316,.T.);
#316 = LINE('',#317,#318);
#317 = CARTESIAN_POINT('',(109.,84.,4.));
#318 = VECTOR('',#319,1.);
#319 = DIRECTION('',(1.,0.,-0.));
#320 = ORIENTED_EDGE('',*,*,#231,.T.);
#321 = ORIENTED_EDGE('',*,*,#322,.T.);
#322 = EDGE_CURVE('',#232,#272,#323,.T.);
#323 = LINE('',#324,#325);
#324 = CARTESIAN_POINT('',(109.,84.,12.));
#325 = VECTOR('',#326,1.);
#326 = DIRECTION('',(1.,0.,-0.));
#327 = ORIENTED_EDGE('',*,*,#271,.F.);
#328 = PLANE('',#329);
#329 = AXIS2_PLACEMENT_3D('',#330,#331,#332);
#330 = CARTESIAN_POINT('',(109.,84.,4.));
#331 = DIRECTION('',(-0.,1.,0.));
#332 = DIRECTION('',(0.,0.,1.));
#333 = ADVANCED_FACE('',(#334),#340,.F.);
#334 = FACE_BOUND('',#335,.F.);
#335 = EDGE_LOOP('',(#336,#337,#338,#339));
#336 = ORIENTED_EDGE('',*,*,#223,.F.);
#337 = ORIENTED_EDGE('',*,*,#293,.T.);
#338 = ORIENTED_EDGE('',*,*,#263,.T.);
#339 = ORIENTED_EDGE('',*,*,#315,.F.);
#340 = PLANE('',#341);
#341 = AXIS2_PLACEMENT_3D('',#342,#343,#344);
#342 = CARTESIAN_POINT('',(109.,12.,4.));
#343 = DIRECTION('',(0.,0.,1.));
#344 = DIRECTION('',(1.,0.,-0.));
#345 = ADVANCED_FACE('',(#346),#352,.T.);
#346 = FACE_BOUND('',#347,.T.);
#347 = EDGE_LOOP('',(#348,#349,#350,#351));
#348 = ORIENTED_EDGE('',*,*,#239,.F.);
#349 = ORIENTED_EDGE('',*,*,#300,.T.);
#350 = ORIENTED_EDGE('',*,*,#279,.T.);
#351 = ORIENTED_EDGE('',*,*,#322,.F.);
#352 = PLANE('',#353);
#353 = AXIS2_PLACEMENT_3D('',#354,#355,#356);
#354 = CARTESIAN_POINT('',(109.,12.,12.));
#355 = DIRECTION('',(0.,0.,1.));
#356 = DIRECTION('',(1.,0.,-0.));
#357 = MANIFOLD_SOLID_BREP('',#358);
#358 = CLOSED_SHELL('',(#359,#399,#439,#461,#483,#495));
#359 = ADVANCED_FACE('',(#360),#394,.F.);
#360 = FACE_BOUND('',#361,.F.);
#361 = EDGE_LOOP('',(#362,#372,#380,#388));
#362 = ORIENTED_EDGE('',*,*,#363,.F.);
#363 = EDGE_CURVE('',#364,#366,#368,.T.);
#364 = VERTEX_POINT('',#365);
#365 = CARTESIAN_POINT('',(14.,12.,4.));
#366 = VERTEX_POINT('',#367);
#367 = CARTESIAN_POINT('',(14.,12.,11.));
#368 = LINE('',#369,#370);
#369 = CARTESIAN_POINT('',(14.,12.,4.));
#370 = VECTOR('',#371,1.);
#371 = DIRECTION('',(0.,0.,1.));
#372 = ORIENTED_EDGE('',*,*,#373,.T.);
#373 = EDGE_CURVE('',#364,#374,#376,.T.);
#374 = VERTEX_POINT('',#375);
#375 = CARTESIAN_POINT('',(14.,15.,4.));
#376 = LINE('',#377,#378);
#377 = CARTESIAN_POINT('',(14.,12.,4.));
#378 = VECTOR('',#379,1.);
#379 = DIRECTION('',(-0.,1.,0.));
#380 = ORIENTED_EDGE('',*,*,#381,.T.);
#381 = EDGE_CURVE('',#374,#382,#384,.T.);
#382 = VERTEX_POINT('',#383);
#383 = CARTESIAN_POINT('',(14.,15.,11.));
#384 = LINE('',#385,#386);
#385 = CARTESIAN_POINT('',(14.,15.,4.));
#386 = VECTOR('',#387,1.);
#387 = DIRECTION('',(0.,0.,1.));
#388 = ORIENTED_EDGE('',*,*,#389,.F.);
#389 = EDGE_CURVE('',#366,#382,#390,.T.);
#390 = LINE('',#391,#392);
#391 = CARTESIAN_POINT('',(14.,12.,11.));
#392 = VECTOR('',#393,1.);
#393 = DIRECTION('',(-0.,1.,0.));
#394 = PLANE('',#395);
#395 = AXIS2_PLACEMENT_3D('',#396,#397,#398);
#396 = CARTESIAN_POINT('',(14.,12.,4.));
#397 = DIRECTION('',(1.,0.,-0.));
#398 = DIRECTION('',(0.,0.,1.));
#399 = ADVANCED_FACE('',(#400),#434,.T.);
#400 = FACE_BOUND('',#401,.T.);
#401 = EDGE_LOOP('',(#402,#412,#420,#428));
#402 = ORIENTED_EDGE('',*,*,#403,.F.);
#403 = EDGE_CURVE('',#404,#406,#408,.T.);
#404 = VERTEX_POINT('',#405);
#405 = CARTESIAN_POINT('',(106.,12.,4.));
#406 = VERTEX_POINT('',#407);
#407 = CARTESIAN_POINT('',(106.,12.,11.));
#408 = LINE('',#409,#410);
#409 = CARTESIAN_POINT('',(106.,12.,4.));
#410 = VECTOR('',#411,1.);
#411 = DIRECTION('',(0.,0.,1.));
#412 = ORIENTED_EDGE('',*,*,#413,.T.);
#413 = EDGE_CURVE('',#404,#414,#416,.T.);
#414 = VERTEX_POINT('',#415);
#415 = CARTESIAN_POINT('',(106.,15.,4.));
#416 = LINE('',#417,#418);
#417 = CARTESIAN_POINT('',(106.,12.,4.));
#418 = VECTOR('',#419,1.);
#419 = DIRECTION('',(-0.,1.,0.));
#420 = ORIENTED_EDGE('',*,*,#421,.T.);
#421 = EDGE_CURVE('',#414,#422,#424,.T.);
#422 = VERTEX_POINT('',#423);
#423 = CARTESIAN_POINT('',(106.,15.,11.));
#424 = LINE('',#425,#426);
#425 = CARTESIAN_POINT('',(106.,15.,4.));
#426 = VECTOR('',#427,1.);
#427 = DIRECTION('',(0.,0.,1.));
#428 = ORIENTED_EDGE('',*,*,#429,.F.);
#429 = EDGE_CURVE('',#406,#422,#430,.T.);
#430 = LINE('',#431,#432);
#431 = CARTESIAN_POINT('',(106.,12.,11.));
#432 = VECTOR('',#433,1.);
#433 = DIRECTION('',(-0.,1.,0.));
#434 = PLANE('',#435);
#435 = AXIS2_PLACEMENT_3D('',#436,#437,#438);
#436 = CARTESIAN_POINT('',(106.,12.,4.));
#437 = DIRECTION('',(1.,0.,-0.));
#438 = DIRECTION('',(0.,0.,1.));
#439 = ADVANCED_FACE('',(#440),#456,.F.);
#440 = FACE_BOUND('',#441,.F.);
#441 = EDGE_LOOP('',(#442,#448,#449,#455));
#442 = ORIENTED_EDGE('',*,*,#443,.F.);
#443 = EDGE_CURVE('',#364,#404,#444,.T.);
#444 = LINE('',#445,#446);
#445 = CARTESIAN_POINT('',(14.,12.,4.));
#446 = VECTOR('',#447,1.);
#447 = DIRECTION('',(1.,0.,-0.));
#448 = ORIENTED_EDGE('',*,*,#363,.T.);
#449 = ORIENTED_EDGE('',*,*,#450,.T.);
#450 = EDGE_CURVE('',#366,#406,#451,.T.);
#451 = LINE('',#452,#453);
#452 = CARTESIAN_POINT('',(14.,12.,11.));
#453 = VECTOR('',#454,1.);
#454 = DIRECTION('',(1.,0.,-0.));
#455 = ORIENTED_EDGE('',*,*,#403,.F.);
#456 = PLANE('',#457);
#457 = AXIS2_PLACEMENT_3D('',#458,#459,#460);
#458 = CARTESIAN_POINT('',(14.,12.,4.));
#459 = DIRECTION('',(-0.,1.,0.));
#460 = DIRECTION('',(0.,0.,1.));
#461 = ADVANCED_FACE('',(#462),#478,.T.);
#462 = FACE_BOUND('',#463,.T.);
#463 = EDGE_LOOP('',(#464,#470,#471,#477));
#464 = ORIENTED_EDGE('',*,*,#465,.F.);
#465 = EDGE_CURVE('',#374,#414,#466,.T.);
#466 = LINE('',#467,#468);
#467 = CARTESIAN_POINT('',(14.,15.,4.));
#468 = VECTOR('',#469,1.);
#469 = DIRECTION('',(1.,0.,-0.));
#470 = ORIENTED_EDGE('',*,*,#381,.T.);
#471 = ORIENTED_EDGE('',*,*,#472,.T.);
#472 = EDGE_CURVE('',#382,#422,#473,.T.);
#473 = LINE('',#474,#475);
#474 = CARTESIAN_POINT('',(14.,15.,11.));
#475 = VECTOR('',#476,1.);
#476 = DIRECTION('',(1.,0.,-0.));
#477 = ORIENTED_EDGE('',*,*,#421,.F.);
#478 = PLANE('',#479);
#479 = AXIS2_PLACEMENT_3D('',#480,#481,#482);
#480 = CARTESIAN_POINT('',(14.,15.,4.));
#481 = DIRECTION('',(-0.,1.,0.));
#482 = DIRECTION('',(0.,0.,1.));
#483 = ADVANCED_FACE('',(#484),#490,.F.);
#484 = FACE_BOUND('',#485,.F.);
#485 = EDGE_LOOP('',(#486,#487,#488,#489));
#486 = ORIENTED_EDGE('',*,*,#373,.F.);
#487 = ORIENTED_EDGE('',*,*,#443,.T.);
#488 = ORIENTED_EDGE('',*,*,#413,.T.);
#489 = ORIENTED_EDGE('',*,*,#465,.F.);
#490 = PLANE('',#491);
#491 = AXIS2_PLACEMENT_3D('',#492,#493,#494);
#492 = CARTESIAN_POINT('',(14.,12.,4.));
#493 = DIRECTION('',(0.,0.,1.));
#494 = DIRECTION('',(1.,0.,-0.));
#495 = ADVANCED_FACE('',(#496),#502,.T.);
#496 = FACE_BOUND('',#497,.T.);
#497 = EDGE_LOOP('',(#498,#499,#500,#501));
#498 = ORIENTED_EDGE('',*,*,#389,.F.);
#499 = ORIENTED_EDGE('',*,*,#450,.T.);
#500 = ORIENTED_EDGE('',*,*,#429,.T.);
#501 = ORIENTED_EDGE('',*,*,#472,.F.);
#502 = PLANE('',#503);
#503 = AXIS2_PLACEMENT_3D('',#504,#505,#506);
#504 = CARTESIAN_POINT('',(14.,12.,11.));
#505 = DIRECTION('',(0.,0.,1.));
#506 = DIRECTION('',(1.,0.,-0.));
#507 = MANIFOLD_SOLID_BREP('',#508);
#508 = CLOSED_SHELL('',(#509,#549,#589,#611,#633,#645));
#509 = ADVANCED_FACE('',(#510),#544,.F.);
#510 = FACE_BOUND('',#511,.F.);
#511 = EDGE_LOOP('',(#512,#522,#530,#538));
#512 = ORIENTED_EDGE('',*,*,#513,.F.);
#513 = EDGE_CURVE('',#514,#516,#518,.T.);
#514 = VERTEX_POINT('',#515);
#515 = CARTESIAN_POINT('',(14.,80.,4.));
#516 = VERTEX_POINT('',#517);
#517 = CARTESIAN_POINT('',(14.,80.,11.));
#518 = LINE('',#519,#520);
#519 = CARTESIAN_POINT('',(14.,80.,4.));
#520 = VECTOR('',#521,1.);
#521 = DIRECTION('',(0.,0.,1.));
#522 = ORIENTED_EDGE('',*,*,#523,.T.);
#523 = EDGE_CURVE('',#514,#524,#526,.T.);
#524 = VERTEX_POINT('',#525);
#525 = CARTESIAN_POINT('',(14.,83.,4.));
#526 = LINE('',#527,#528);
#527 = CARTESIAN_POINT('',(14.,80.,4.));
#528 = VECTOR('',#529,1.);
#529 = DIRECTION('',(-0.,1.,0.));
#530 = ORIENTED_EDGE('',*,*,#531,.T.);
#531 = EDGE_CURVE('',#524,#532,#534,.T.);
#532 = VERTEX_POINT('',#533);
#533 = CARTESIAN_POINT('',(14.,83.,11.));
#534 = LINE('',#535,#536);
#535 = CARTESIAN_POINT('',(14.,83.,4.));
#536 = VECTOR('',#537,1.);
#537 = DIRECTION('',(0.,0.,1.));
#538 = ORIENTED_EDGE('',*,*,#539,.F.);
#539 = EDGE_CURVE('',#516,#532,#540,.T.);
#540 = LINE('',#541,#542);
#541 = CARTESIAN_POINT('',(14.,80.,11.));
#542 = VECTOR('',#543,1.);
#543 = DIRECTION('',(-0.,1.,0.));
#544 = PLANE('',#545);
#545 = AXIS2_PLACEMENT_3D('',#546,#547,#548);
#546 = CARTESIAN_POINT('',(14.,80.,4.));
#547 = DIRECTION('',(1.,0.,-0.));
#548 = DIRECTION('',(0.,0.,1.));
#549 = ADVANCED_FACE('',(#550),#584,.T.);
#550 = FACE_BOUND('',#551,.T.);
#551 = EDGE_LOOP('',(#552,#562,#570,#578));
#552 = ORIENTED_EDGE('',*,*,#553,.F.);
#553 = EDGE_CURVE('',#554,#556,#558,.T.);
#554 = VERTEX_POINT('',#555);
#555 = CARTESIAN_POINT('',(106.,80.,4.));
#556 = VERTEX_POINT('',#557);
#557 = CARTESIAN_POINT('',(106.,80.,11.));
#558 = LINE('',#559,#560);
#559 = CARTESIAN_POINT('',(106.,80.,4.));
#560 = VECTOR('',#561,1.);
#561 = DIRECTION('',(0.,0.,1.));
#562 = ORIENTED_EDGE('',*,*,#563,.T.);
#563 = EDGE_CURVE('',#554,#564,#566,.T.);
#564 = VERTEX_POINT('',#565);
#565 = CARTESIAN_POINT('',(106.,83.,4.));
#566 = LINE('',#567,#568);
#567 = CARTESIAN_POINT('',(106.,80.,4.));
#568 = VECTOR('',#569,1.);
#569 = DIRECTION('',(-0.,1.,0.));
#570 = ORIENTED_EDGE('',*,*,#571,.T.);
#571 = EDGE_CURVE('',#564,#572,#574,.T.);
#572 = VERTEX_POINT('',#573);
#573 = CARTESIAN_POINT('',(106.,83.,11.));
#574 = LINE('',#575,#576);
#575 = CARTESIAN_POINT('',(106.,83.,4.));
#576 = VECTOR('',#577,1.);
#577 = DIRECTION('',(0.,0.,1.));
#578 = ORIENTED_EDGE('',*,*,#579,.F.);
#579 = EDGE_CURVE('',#556,#572,#580,.T.);
#580 = LINE('',#581,#582);
#581 = CARTESIAN_POINT('',(106.,80.,11.));
#582 = VECTOR('',#583,1.);
#583 = DIRECTION('',(-0.,1.,0.));
#584 = PLANE('',#585);
#585 = AXIS2_PLACEMENT_3D('',#586,#587,#588);
#586 = CARTESIAN_POINT('',(106.,80.,4.));
#587 = DIRECTION('',(1.,0.,-0.));
#588 = DIRECTION('',(0.,0.,1.));
#589 = ADVANCED_FACE('',(#590),#606,.F.);
#590 = FACE_BOUND('',#591,.F.);
#591 = EDGE_LOOP('',(#592,#598,#599,#605));
#592 = ORIENTED_EDGE('',*,*,#593,.F.);
#593 = EDGE_CURVE('',#514,#554,#594,.T.);
#594 = LINE('',#595,#596);
#595 = CARTESIAN_POINT('',(14.,80.,4.));
#596 = VECTOR('',#597,1.);
#597 = DIRECTION('',(1.,0.,-0.));
#598 = ORIENTED_EDGE('',*,*,#513,.T.);
#599 = ORIENTED_EDGE('',*,*,#600,.T.);
#600 = EDGE_CURVE('',#516,#556,#601,.T.);
#601 = LINE('',#602,#603);
#602 = CARTESIAN_POINT('',(14.,80.,11.));
#603 = VECTOR('',#604,1.);
#604 = DIRECTION('',(1.,0.,-0.));
#605 = ORIENTED_EDGE('',*,*,#553,.F.);
#606 = PLANE('',#607);
#607 = AXIS2_PLACEMENT_3D('',#608,#609,#610);
#608 = CARTESIAN_POINT('',(14.,80.,4.));
#609 = DIRECTION('',(-0.,1.,0.));
#610 = DIRECTION('',(0.,0.,1.));
#611 = ADVANCED_FACE('',(#612),#628,.T.);
#612 = FACE_BOUND('',#613,.T.);
#613 = EDGE_LOOP('',(#614,#620,#621,#627));
#614 = ORIENTED_EDGE('',*,*,#615,.F.);
#615 = EDGE_CURVE('',#524,#564,#616,.T.);
#616 = LINE('',#617,#618);
#617 = CARTESIAN_POINT('',(14.,83.,4.));
#618 = VECTOR('',#619,1.);
#619 = DIRECTION('',(1.,0.,-0.));
#620 = ORIENTED_EDGE('',*,*,#531,.T.);
#621 = ORIENTED_EDGE('',*,*,#622,.T.);
#622 = EDGE_CURVE('',#532,#572,#623,.T.);
#623 = LINE('',#624,#625);
#624 = CARTESIAN_POINT('',(14.,83.,11.));
#625 = VECTOR('',#626,1.);
#626 = DIRECTION('',(1.,0.,-0.));
#627 = ORIENTED_EDGE('',*,*,#571,.F.);
#628 = PLANE('',#629);
#629 = AXIS2_PLACEMENT_3D('',#630,#631,#632);
#630 = CARTESIAN_POINT('',(14.,83.,4.));
#631 = DIRECTION('',(-0.,1.,0.));
#632 = DIRECTION('',(0.,0.,1.));
#633 = ADVANCED_FACE('',(#634),#640,.F.);
#634 = FACE_BOUND('',#635,.F.);
#635 = EDGE_LOOP('',(#636,#637,#638,#639));
#636 = ORIENTED_EDGE('',*,*,#523,.F.);
#637 = ORIENTED_EDGE('',*,*,#593,.T.);
#638 = ORIENTED_EDGE('',*,*,#563,.T.);
#639 = ORIENTED_EDGE('',*,*,#615,.F.);
#640 = PLANE('',#641);
#641 = AXIS2_PLACEMENT_3D('',#642,#643,#644);
#642 = CARTESIAN_POINT('',(14.,80.,4.));
#643 = DIRECTION('',(0.,0.,1.));
#644 = DIRECTION('',(1.,0.,-0.));
#645 = ADVANCED_FACE('',(#646),#652,.T.);
#646 = FACE_BOUND('',#647,.T.);
#647 = EDGE_LOOP('',(#648,#649,#650,#651));
#648 = ORIENTED_EDGE('',*,*,#539,.F.);
#649 = ORIENTED_EDGE('',*,*,#600,.T.);
#650 = ORIENTED_EDGE('',*,*,#579,.T.);
#651 = ORIENTED_EDGE('',*,*,#622,.F.);
#652 = PLANE('',#653);
#653 = AXIS2_PLACEMENT_3D('',#654,#655,#656);
#654 = CARTESIAN_POINT('',(14.,80.,11.));
#655 = DIRECTION('',(0.,0.,1.));
#656 = DIRECTION('',(1.,0.,-0.));
#657 = MANIFOLD_SOLID_BREP('',#658);
#658 = CLOSED_SHELL('',(#659,#699,#739,#761,#783,#795));
#659 = ADVANCED_FACE('',(#660),#694,.F.);
#660 = FACE_BOUND('',#661,.F.);
#661 = EDGE_LOOP('',(#662,#672,#680,#688));
#662 = ORIENTED_EDGE('',*,*,#663,.F.);
#663 = EDGE_CURVE('',#664,#666,#668,.T.);
#664 = VERTEX_POINT('',#665);
#665 = CARTESIAN_POINT('',(31.,20.,4.));
#666 = VERTEX_POINT('',#667);
#667 = CARTESIAN_POINT('',(31.,20.,10.));
#668 = LINE('',#669,#670);
#669 = CARTESIAN_POINT('',(31.,20.,4.));
#670 = VECTOR('',#671,1.);
#671 = DIRECTION('',(0.,0.,1.));
#672 = ORIENTED_EDGE('',*,*,#673,.T.);
#673 = EDGE_CURVE('',#664,#674,#676,.T.);
#674 = VERTEX_POINT('',#675);
#675 = CARTESIAN_POINT('',(31.,75.,4.));
#676 = LINE('',#677,#678);
#677 = CARTESIAN_POINT('',(31.,20.,4.));
#678 = VECTOR('',#679,1.);
#679 = DIRECTION('',(-0.,1.,0.));
#680 = ORIENTED_EDGE('',*,*,#681,.T.);
#681 = EDGE_CURVE('',#674,#682,#684,.T.);
#682 = VERTEX_POINT('',#683);
#683 = CARTESIAN_POINT('',(31.,75.,10.));
#684 = LINE('',#685,#686);
#685 = CARTESIAN_POINT('',(31.,75.,4.));
#686 = VECTOR('',#687,1.);
#687 = DIRECTION('',(0.,0.,1.));
#688 = ORIENTED_EDGE('',*,*,#689,.F.);
#689 = EDGE_CURVE('',#666,#682,#690,.T.);
#690 = LINE('',#691,#692);
#691 = CARTESIAN_POINT('',(31.,20.,10.));
#692 = VECTOR('',#693,1.);
#693 = DIRECTION('',(-0.,1.,0.));
#694 = PLANE('',#695);
#695 = AXIS2_PLACEMENT_3D('',#696,#697,#698);
#696 = CARTESIAN_POINT('',(31.,20.,4.));
#697 = DIRECTION('',(1.,0.,-0.));
#698 = DIRECTION('',(0.,0.,1.));
#699 = ADVANCED_FACE('',(#700),#734,.T.);
#700 = FACE_BOUND('',#701,.T.);
#701 = EDGE_LOOP('',(#702,#712,#720,#728));
#702 = ORIENTED_EDGE('',*,*,#703,.F.);
#703 = EDGE_CURVE('',#704,#706,#708,.T.);
#704 = VERTEX_POINT('',#705);
#705 = CARTESIAN_POINT('',(34.,20.,4.));
#706 = VERTEX_POINT('',#707);
#707 = CARTESIAN_POINT('',(34.,20.,10.));
#708 = LINE('',#709,#710);
#709 = CARTESIAN_POINT('',(34.,20.,4.));
#710 = VECTOR('',#711,1.);
#711 = DIRECTION('',(0.,0.,1.));
#712 = ORIENTED_EDGE('',*,*,#713,.T.);
#713 = EDGE_CURVE('',#704,#714,#716,.T.);
#714 = VERTEX_POINT('',#715);
#715 = CARTESIAN_POINT('',(34.,75.,4.));
#716 = LINE('',#717,#718);
#717 = CARTESIAN_POINT('',(34.,20.,4.));
#718 = VECTOR('',#719,1.);
#719 = DIRECTION('',(-0.,1.,0.));
#720 = ORIENTED_EDGE('',*,*,#721,.T.);
#721 = EDGE_CURVE('',#714,#722,#724,.T.);
#722 = VERTEX_POINT('',#723);
#723 = CARTESIAN_POINT('',(34.,75.,10.));
#724 = LINE('',#725,#726);
#725 = CARTESIAN_POINT('',(34.,75.,4.));
#726 = VECTOR('',#727,1.);
#727 = DIRECTION('',(0.,0.,1.));
#728 = ORIENTED_EDGE('',*,*,#729,.F.);
#729 = EDGE_CURVE('',#706,#722,#730,.T.);
#730 = LINE('',#731,#732);
#731 = CARTESIAN_POINT('',(34.,20.,10.));
#732 = VECTOR('',#733,1.);
#733 = DIRECTION('',(-0.,1.,0.));
#734 = PLANE('',#735);
#735 = AXIS2_PLACEMENT_3D('',#736,#737,#738);
#736 = CARTESIAN_POINT('',(34.,20.,4.));
#737 = DIRECTION('',(1.,0.,-0.));
#738 = DIRECTION('',(0.,0.,1.));
#739 = ADVANCED_FACE('',(#740),#756,.F.);
#740 = FACE_BOUND('',#741,.F.);
#741 = EDGE_LOOP('',(#742,#748,#749,#755));
#742 = ORIENTED_EDGE('',*,*,#743,.F.);
#743 = EDGE_CURVE('',#664,#704,#744,.T.);
#744 = LINE('',#745,#746);
#745 = CARTESIAN_POINT('',(31.,20.,4.));
#746 = VECTOR('',#747,1.);
#747 = DIRECTION('',(1.,0.,-0.));
#748 = ORIENTED_EDGE('',*,*,#663,.T.);
#749 = ORIENTED_EDGE('',*,*,#750,.T.);
#750 = EDGE_CURVE('',#666,#706,#751,.T.);
#751 = LINE('',#752,#753);
#752 = CARTESIAN_POINT('',(31.,20.,10.));
#753 = VECTOR('',#754,1.);
#754 = DIRECTION('',(1.,0.,-0.));
#755 = ORIENTED_EDGE('',*,*,#703,.F.);
#756 = PLANE('',#757);
#757 = AXIS2_PLACEMENT_3D('',#758,#759,#760);
#758 = CARTESIAN_POINT('',(31.,20.,4.));
#759 = DIRECTION('',(-0.,1.,0.));
#760 = DIRECTION('',(0.,0.,1.));
#761 = ADVANCED_FACE('',(#762),#778,.T.);
#762 = FACE_BOUND('',#763,.T.);
#763 = EDGE_LOOP('',(#764,#770,#771,#777));
#764 = ORIENTED_EDGE('',*,*,#765,.F.);
#765 = EDGE_CURVE('',#674,#714,#766,.T.);
#766 = LINE('',#767,#768);
#767 = CARTESIAN_POINT('',(31.,75.,4.));
#768 = VECTOR('',#769,1.);
#769 = DIRECTION('',(1.,0.,-0.));
#770 = ORIENTED_EDGE('',*,*,#681,.T.);
#771 = ORIENTED_EDGE('',*,*,#772,.T.);
#772 = EDGE_CURVE('',#682,#722,#773,.T.);
#773 = LINE('',#774,#775);
#774 = CARTESIAN_POINT('',(31.,75.,10.));
#775 = VECTOR('',#776,1.);
#776 = DIRECTION('',(1.,0.,-0.));
#777 = ORIENTED_EDGE('',*,*,#721,.F.);
#778 = PLANE('',#779);
#779 = AXIS2_PLACEMENT_3D('',#780,#781,#782);
#780 = CARTESIAN_POINT('',(31.,75.,4.));
#781 = DIRECTION('',(-0.,1.,0.));
#782 = DIRECTION('',(0.,0.,1.));
#783 = ADVANCED_FACE('',(#784),#790,.F.);
#784 = FACE_BOUND('',#785,.F.);
#785 = EDGE_LOOP('',(#786,#787,#788,#789));
#786 = ORIENTED_EDGE('',*,*,#673,.F.);
#787 = ORIENTED_EDGE('',*,*,#743,.T.);
#788 = ORIENTED_EDGE('',*,*,#713,.T.);
#789 = ORIENTED_EDGE('',*,*,#765,.F.);
#790 = PLANE('',#791);
#791 = AXIS2_PLACEMENT_3D('',#792,#793,#794);
#792 = CARTESIAN_POINT('',(31.,20.,4.));
#793 = DIRECTION('',(0.,0.,1.));
#794 = DIRECTION('',(1.,0.,-0.));
#795 = ADVANCED_FACE('',(#796),#802,.T.);
#796 = FACE_BOUND('',#797,.T.);
#797 = EDGE_LOOP('',(#798,#799,#800,#801));
#798 = ORIENTED_EDGE('',*,*,#689,.F.);
#799 = ORIENTED_EDGE('',*,*,#750,.T.);
#800 = ORIENTED_EDGE('',*,*,#729,.T.);
#801 = ORIENTED_EDGE('',*,*,#772,.F.);
#802 = PLANE('',#803);
#803 = AXIS2_PLACEMENT_3D('',#804,#805,#806);
#804 = CARTESIAN_POINT('',(31.,20.,10.));
#805 = DIRECTION('',(0.,0.,1.));
#806 = DIRECTION('',(1.,0.,-0.));
#807 = MANIFOLD_SOLID_BREP('',#808);
#808 = CLOSED_SHELL('',(#809,#849,#889,#911,#933,#945));
#809 = ADVANCED_FACE('',(#810),#844,.F.);
#810 = FACE_BOUND('',#811,.F.);
#811 = EDGE_LOOP('',(#812,#822,#830,#838));
#812 = ORIENTED_EDGE('',*,*,#813,.F.);
#813 = EDGE_CURVE('',#814,#816,#818,.T.);
#814 = VERTEX_POINT('',#815);
#815 = CARTESIAN_POINT('',(86.,20.,4.));
#816 = VERTEX_POINT('',#817);
#817 = CARTESIAN_POINT('',(86.,20.,10.));
#818 = LINE('',#819,#820);
#819 = CARTESIAN_POINT('',(86.,20.,4.));
#820 = VECTOR('',#821,1.);
#821 = DIRECTION('',(0.,0.,1.));
#822 = ORIENTED_EDGE('',*,*,#823,.T.);
#823 = EDGE_CURVE('',#814,#824,#826,.T.);
#824 = VERTEX_POINT('',#825);
#825 = CARTESIAN_POINT('',(86.,75.,4.));
#826 = LINE('',#827,#828);
#827 = CARTESIAN_POINT('',(86.,20.,4.));
#828 = VECTOR('',#829,1.);
#829 = DIRECTION('',(-0.,1.,0.));
#830 = ORIENTED_EDGE('',*,*,#831,.T.);
#831 = EDGE_CURVE('',#824,#832,#834,.T.);
#832 = VERTEX_POINT('',#833);
#833 = CARTESIAN_POINT('',(86.,75.,10.));
#834 = LINE('',#835,#836);
#835 = CARTESIAN_POINT('',(86.,75.,4.));
#836 = VECTOR('',#837,1.);
#837 = DIRECTION('',(0.,0.,1.));
#838 = ORIENTED_EDGE('',*,*,#839,.F.);
#839 = EDGE_CURVE('',#816,#832,#840,.T.);
#840 = LINE('',#841,#842);
#841 = CARTESIAN_POINT('',(86.,20.,10.));
#842 = VECTOR('',#843,1.);
#843 = DIRECTION('',(-0.,1.,0.));
#844 = PLANE('',#845);
#845 = AXIS2_PLACEMENT_3D('',#846,#847,#848);
#846 = CARTESIAN_POINT('',(86.,20.,4.));
#847 = DIRECTION('',(1.,0.,-0.));
#848 = DIRECTION('',(0.,0.,1.));
#849 = ADVANCED_FACE('',(#850),#884,.T.);
#850 = FACE_BOUND('',#851,.T.);
#851 = EDGE_LOOP('',(#852,#862,#870,#878));
#852 = ORIENTED_EDGE('',*,*,#853,.F.);
#853 = EDGE_CURVE('',#854,#856,#858,.T.);
#854 = VERTEX_POINT('',#855);
#855 = CARTESIAN_POINT('',(89.,20.,4.));
#856 = VERTEX_POINT('',#857);
#857 = CARTESIAN_POINT('',(89.,20.,10.));
#858 = LINE('',#859,#860);
#859 = CARTESIAN_POINT('',(89.,20.,4.));
#860 = VECTOR('',#861,1.);
#861 = DIRECTION('',(0.,0.,1.));
#862 = ORIENTED_EDGE('',*,*,#863,.T.);
#863 = EDGE_CURVE('',#854,#864,#866,.T.);
#864 = VERTEX_POINT('',#865);
#865 = CARTESIAN_POINT('',(89.,75.,4.));
#866 = LINE('',#867,#868);
#867 = CARTESIAN_POINT('',(89.,20.,4.));
#868 = VECTOR('',#869,1.);
#869 = DIRECTION('',(-0.,1.,0.));
#870 = ORIENTED_EDGE('',*,*,#871,.T.);
#871 = EDGE_CURVE('',#864,#872,#874,.T.);
#872 = VERTEX_POINT('',#873);
#873 = CARTESIAN_POINT('',(89.,75.,10.));
#874 = LINE('',#875,#876);
#875 = CARTESIAN_POINT('',(89.,75.,4.));
#876 = VECTOR('',#877,1.);
#877 = DIRECTION('',(0.,0.,1.));
#878 = ORIENTED_EDGE('',*,*,#879,.F.);
#879 = EDGE_CURVE('',#856,#872,#880,.T.);
#880 = LINE('',#881,#882);
#881 = CARTESIAN_POINT('',(89.,20.,10.));
#882 = VECTOR('',#883,1.);
#883 = DIRECTION('',(-0.,1.,0.));
#884 = PLANE('',#885);
#885 = AXIS2_PLACEMENT_3D('',#886,#887,#888);
#886 = CARTESIAN_POINT('',(89.,20.,4.));
#887 = DIRECTION('',(1.,0.,-0.));
#888 = DIRECTION('',(0.,0.,1.));
#889 = ADVANCED_FACE('',(#890),#906,.F.);
#890 = FACE_BOUND('',#891,.F.);
#891 = EDGE_LOOP('',(#892,#898,#899,#905));
#892 = ORIENTED_EDGE('',*,*,#893,.F.);
#893 = EDGE_CURVE('',#814,#854,#894,.T.);
#894 = LINE('',#895,#896);
#895 = CARTESIAN_POINT('',(86.,20.,4.));
#896 = VECTOR('',#897,1.);
#897 = DIRECTION('',(1.,0.,-0.));
#898 = ORIENTED_EDGE('',*,*,#813,.T.);
#899 = ORIENTED_EDGE('',*,*,#900,.T.);
#900 = EDGE_CURVE('',#816,#856,#901,.T.);
#901 = LINE('',#902,#903);
#902 = CARTESIAN_POINT('',(86.,20.,10.));
#903 = VECTOR('',#904,1.);
#904 = DIRECTION('',(1.,0.,-0.));
#905 = ORIENTED_EDGE('',*,*,#853,.F.);
#906 = PLANE('',#907);
#907 = AXIS2_PLACEMENT_3D('',#908,#909,#910);
#908 = CARTESIAN_POINT('',(86.,20.,4.));
#909 = DIRECTION('',(-0.,1.,0.));
#910 = DIRECTION('',(0.,0.,1.));
#911 = ADVANCED_FACE('',(#912),#928,.T.);
#912 = FACE_BOUND('',#913,.T.);
#913 = EDGE_LOOP('',(#914,#920,#921,#927));
#914 = ORIENTED_EDGE('',*,*,#915,.F.);
#915 = EDGE_CURVE('',#824,#864,#916,.T.);
#916 = LINE('',#917,#918);
#917 = CARTESIAN_POINT('',(86.,75.,4.));
#918 = VECTOR('',#919,1.);
#919 = DIRECTION('',(1.,0.,-0.));
#920 = ORIENTED_EDGE('',*,*,#831,.T.);
#921 = ORIENTED_EDGE('',*,*,#922,.T.);
#922 = EDGE_CURVE('',#832,#872,#923,.T.);
#923 = LINE('',#924,#925);
#924 = CARTESIAN_POINT('',(86.,75.,10.));
#925 = VECTOR('',#926,1.);
#926 = DIRECTION('',(1.,0.,-0.));
#927 = ORIENTED_EDGE('',*,*,#871,.F.);
#928 = PLANE('',#929);
#929 = AXIS2_PLACEMENT_3D('',#930,#931,#932);
#930 = CARTESIAN_POINT('',(86.,75.,4.));
#931 = DIRECTION('',(-0.,1.,0.));
#932 = DIRECTION('',(0.,0.,1.));
#933 = ADVANCED_FACE('',(#934),#940,.F.);
#934 = FACE_BOUND('',#935,.F.);
#935 = EDGE_LOOP('',(#936,#937,#938,#939));
#936 = ORIENTED_EDGE('',*,*,#823,.F.);
#937 = ORIENTED_EDGE('',*,*,#893,.T.);
#938 = ORIENTED_EDGE('',*,*,#863,.T.);
#939 = ORIENTED_EDGE('',*,*,#915,.F.);
#940 = PLANE('',#941);
#941 = AXIS2_PLACEMENT_3D('',#942,#943,#944);
#942 = CARTESIAN_POINT('',(86.,20.,4.));
#943 = DIRECTION('',(0.,0.,1.));
#944 = DIRECTION('',(1.,0.,-0.));
#945 = ADVANCED_FACE('',(#946),#952,.T.);
#946 = FACE_BOUND('',#947,.T.);
#947 = EDGE_LOOP('',(#948,#949,#950,#951));
#948 = ORIENTED_EDGE('',*,*,#839,.F.);
#949 = ORIENTED_EDGE('',*,*,#900,.T.);
#950 = ORIENTED_EDGE('',*,*,#879,.T.);
#951 = ORIENTED_EDGE('',*,*,#922,.F.);
#952 = PLANE('',#953);
#953 = AXIS2_PLACEMENT_3D('',#954,#955,#956);
#954 = CARTESIAN_POINT('',(86.,20.,10.));
#955 = DIRECTION('',(0.,0.,1.));
#956 = DIRECTION('',(1.,0.,-0.));
#957 = ( GEOMETRIC_REPRESENTATION_CONTEXT(3) 
GLOBAL_UNCERTAINTY_ASSIGNED_CONTEXT((#961)) GLOBAL_UNIT_ASSIGNED_CONTEXT
((#958,#959,#960)) REPRESENTATION_CONTEXT('Context #1',
  '3D Context with UNIT and UNCERTAINTY') );
#958 = ( LENGTH_UNIT() NAMED_UNIT(*) SI_UNIT(.MILLI.,.METRE.) );
#959 = ( NAMED_UNIT(*) PLANE_ANGLE_UNIT() SI_UNIT($,.RADIAN.) );
#960 = ( NAMED_UNIT(*) SI_UNIT($,.STERADIAN.) SOLID_ANGLE_UNIT() );
#961 = UNCERTAINTY_MEASURE_WITH_UNIT(LENGTH_MEASURE(1.E-07),#958,
  'distance_accuracy_value','confusion accuracy');
#962 = CONTEXT_DEPENDENT_SHAPE_REPRESENTATION(#963,#965);
#963 = ( REPRESENTATION_RELATIONSHIP('','',#56,#10) 
REPRESENTATION_RELATIONSHIP_WITH_TRANSFORMATION(#964) 
SHAPE_REPRESENTATION_RELATIONSHIP() );
#964 = ITEM_DEFINED_TRANSFORMATION('','',#11,#15);
#965 = PRODUCT_DEFINITION_SHAPE('Placement','Placement of an item',#966
  );
#966 = NEXT_ASSEMBLY_USAGE_OCCURRENCE('1','StructuralRibs','',#5,#51,$);
#967 = PRODUCT_RELATED_PRODUCT_CATEGORY('part',$,(#53));
#968 = SHAPE_DEFINITION_REPRESENTATION(#969,#975);
#969 = PRODUCT_DEFINITION_SHAPE('','',#970);
#970 = PRODUCT_DEFINITION('design','',#971,#974);
#971 = PRODUCT_DEFINITION_FORMATION('','',#972);
#972 = PRODUCT('PCBSupports','PCBSupports','',(#973));
#973 = PRODUCT_CONTEXT('',#2,'mechanical');
#974 = PRODUCT_DEFINITION_CONTEXT('part definition',#2,'design');
#975 = SHAPE_REPRESENTATION('',(#11,#976,#1126,#1276,#1426),#1576);
#976 = MANIFOLD_SOLID_BREP('',#977);
#977 = CLOSED_SHELL('',(#978,#1018,#1058,#1080,#1102,#1114));
#978 = ADVANCED_FACE('',(#979),#1013,.F.);
#979 = FACE_BOUND('',#980,.F.);
#980 = EDGE_LOOP('',(#981,#991,#999,#1007));
#981 = ORIENTED_EDGE('',*,*,#982,.F.);
#982 = EDGE_CURVE('',#983,#985,#987,.T.);
#983 = VERTEX_POINT('',#984);
#984 = CARTESIAN_POINT('',(15.5,18.,4.));
#985 = VERTEX_POINT('',#986);
#986 = CARTESIAN_POINT('',(15.5,18.,5.5));
#987 = LINE('',#988,#989);
#988 = CARTESIAN_POINT('',(15.5,18.,4.));
#989 = VECTOR('',#990,1.);
#990 = DIRECTION('',(0.,0.,1.));
#991 = ORIENTED_EDGE('',*,*,#992,.T.);
#992 = EDGE_CURVE('',#983,#993,#995,.T.);
#993 = VERTEX_POINT('',#994);
#994 = CARTESIAN_POINT('',(15.5,26.,4.));
#995 = LINE('',#996,#997);
#996 = CARTESIAN_POINT('',(15.5,18.,4.));
#997 = VECTOR('',#998,1.);
#998 = DIRECTION('',(-0.,1.,0.));
#999 = ORIENTED_EDGE('',*,*,#1000,.T.);
#1000 = EDGE_CURVE('',#993,#1001,#1003,.T.);
#1001 = VERTEX_POINT('',#1002);
#1002 = CARTESIAN_POINT('',(15.5,26.,5.5));
#1003 = LINE('',#1004,#1005);
#1004 = CARTESIAN_POINT('',(15.5,26.,4.));
#1005 = VECTOR('',#1006,1.);
#1006 = DIRECTION('',(0.,0.,1.));
#1007 = ORIENTED_EDGE('',*,*,#1008,.F.);
#1008 = EDGE_CURVE('',#985,#1001,#1009,.T.);
#1009 = LINE('',#1010,#1011);
#1010 = CARTESIAN_POINT('',(15.5,18.,5.5));
#1011 = VECTOR('',#1012,1.);
#1012 = DIRECTION('',(-0.,1.,0.));
#1013 = PLANE('',#1014);
#1014 = AXIS2_PLACEMENT_3D('',#1015,#1016,#1017);
#1015 = CARTESIAN_POINT('',(15.5,18.,4.));
#1016 = DIRECTION('',(1.,0.,-0.));
#1017 = DIRECTION('',(0.,0.,1.));
#1018 = ADVANCED_FACE('',(#1019),#1053,.T.);
#1019 = FACE_BOUND('',#1020,.T.);
#1020 = EDGE_LOOP('',(#1021,#1031,#1039,#1047));
#1021 = ORIENTED_EDGE('',*,*,#1022,.F.);
#1022 = EDGE_CURVE('',#1023,#1025,#1027,.T.);
#1023 = VERTEX_POINT('',#1024);
#1024 = CARTESIAN_POINT('',(23.5,18.,4.));
#1025 = VERTEX_POINT('',#1026);
#1026 = CARTESIAN_POINT('',(23.5,18.,5.5));
#1027 = LINE('',#1028,#1029);
#1028 = CARTESIAN_POINT('',(23.5,18.,4.));
#1029 = VECTOR('',#1030,1.);
#1030 = DIRECTION('',(0.,0.,1.));
#1031 = ORIENTED_EDGE('',*,*,#1032,.T.);
#1032 = EDGE_CURVE('',#1023,#1033,#1035,.T.);
#1033 = VERTEX_POINT('',#1034);
#1034 = CARTESIAN_POINT('',(23.5,26.,4.));
#1035 = LINE('',#1036,#1037);
#1036 = CARTESIAN_POINT('',(23.5,18.,4.));
#1037 = VECTOR('',#1038,1.);
#1038 = DIRECTION('',(-0.,1.,0.));
#1039 = ORIENTED_EDGE('',*,*,#1040,.T.);
#1040 = EDGE_CURVE('',#1033,#1041,#1043,.T.);
#1041 = VERTEX_POINT('',#1042);
#1042 = CARTESIAN_POINT('',(23.5,26.,5.5));
#1043 = LINE('',#1044,#1045);
#1044 = CARTESIAN_POINT('',(23.5,26.,4.));
#1045 = VECTOR('',#1046,1.);
#1046 = DIRECTION('',(0.,0.,1.));
#1047 = ORIENTED_EDGE('',*,*,#1048,.F.);
#1048 = EDGE_CURVE('',#1025,#1041,#1049,.T.);
#1049 = LINE('',#1050,#1051);
#1050 = CARTESIAN_POINT('',(23.5,18.,5.5));
#1051 = VECTOR('',#1052,1.);
#1052 = DIRECTION('',(-0.,1.,0.));
#1053 = PLANE('',#1054);
#1054 = AXIS2_PLACEMENT_3D('',#1055,#1056,#1057);
#1055 = CARTESIAN_POINT('',(23.5,18.,4.));
#1056 = DIRECTION('',(1.,0.,-0.));
#1057 = DIRECTION('',(0.,0.,1.));
#1058 = ADVANCED_FACE('',(#1059),#1075,.F.);
#1059 = FACE_BOUND('',#1060,.F.);
#1060 = EDGE_LOOP('',(#1061,#1067,#1068,#1074));
#1061 = ORIENTED_EDGE('',*,*,#1062,.F.);
#1062 = EDGE_CURVE('',#983,#1023,#1063,.T.);
#1063 = LINE('',#1064,#1065);
#1064 = CARTESIAN_POINT('',(15.5,18.,4.));
#1065 = VECTOR('',#1066,1.);
#1066 = DIRECTION('',(1.,0.,-0.));
#1067 = ORIENTED_EDGE('',*,*,#982,.T.);
#1068 = ORIENTED_EDGE('',*,*,#1069,.T.);
#1069 = EDGE_CURVE('',#985,#1025,#1070,.T.);
#1070 = LINE('',#1071,#1072);
#1071 = CARTESIAN_POINT('',(15.5,18.,5.5));
#1072 = VECTOR('',#1073,1.);
#1073 = DIRECTION('',(1.,0.,-0.));
#1074 = ORIENTED_EDGE('',*,*,#1022,.F.);
#1075 = PLANE('',#1076);
#1076 = AXIS2_PLACEMENT_3D('',#1077,#1078,#1079);
#1077 = CARTESIAN_POINT('',(15.5,18.,4.));
#1078 = DIRECTION('',(-0.,1.,0.));
#1079 = DIRECTION('',(0.,0.,1.));
#1080 = ADVANCED_FACE('',(#1081),#1097,.T.);
#1081 = FACE_BOUND('',#1082,.T.);
#1082 = EDGE_LOOP('',(#1083,#1089,#1090,#1096));
#1083 = ORIENTED_EDGE('',*,*,#1084,.F.);
#1084 = EDGE_CURVE('',#993,#1033,#1085,.T.);
#1085 = LINE('',#1086,#1087);
#1086 = CARTESIAN_POINT('',(15.5,26.,4.));
#1087 = VECTOR('',#1088,1.);
#1088 = DIRECTION('',(1.,0.,-0.));
#1089 = ORIENTED_EDGE('',*,*,#1000,.T.);
#1090 = ORIENTED_EDGE('',*,*,#1091,.T.);
#1091 = EDGE_CURVE('',#1001,#1041,#1092,.T.);
#1092 = LINE('',#1093,#1094);
#1093 = CARTESIAN_POINT('',(15.5,26.,5.5));
#1094 = VECTOR('',#1095,1.);
#1095 = DIRECTION('',(1.,0.,-0.));
#1096 = ORIENTED_EDGE('',*,*,#1040,.F.);
#1097 = PLANE('',#1098);
#1098 = AXIS2_PLACEMENT_3D('',#1099,#1100,#1101);
#1099 = CARTESIAN_POINT('',(15.5,26.,4.));
#1100 = DIRECTION('',(-0.,1.,0.));
#1101 = DIRECTION('',(0.,0.,1.));
#1102 = ADVANCED_FACE('',(#1103),#1109,.F.);
#1103 = FACE_BOUND('',#1104,.F.);
#1104 = EDGE_LOOP('',(#1105,#1106,#1107,#1108));
#1105 = ORIENTED_EDGE('',*,*,#992,.F.);
#1106 = ORIENTED_EDGE('',*,*,#1062,.T.);
#1107 = ORIENTED_EDGE('',*,*,#1032,.T.);
#1108 = ORIENTED_EDGE('',*,*,#1084,.F.);
#1109 = PLANE('',#1110);
#1110 = AXIS2_PLACEMENT_3D('',#1111,#1112,#1113);
#1111 = CARTESIAN_POINT('',(15.5,18.,4.));
#1112 = DIRECTION('',(0.,0.,1.));
#1113 = DIRECTION('',(1.,0.,-0.));
#1114 = ADVANCED_FACE('',(#1115),#1121,.T.);
#1115 = FACE_BOUND('',#1116,.T.);
#1116 = EDGE_LOOP('',(#1117,#1118,#1119,#1120));
#1117 = ORIENTED_EDGE('',*,*,#1008,.F.);
#1118 = ORIENTED_EDGE('',*,*,#1069,.T.);
#1119 = ORIENTED_EDGE('',*,*,#1048,.T.);
#1120 = ORIENTED_EDGE('',*,*,#1091,.F.);
#1121 = PLANE('',#1122);
#1122 = AXIS2_PLACEMENT_3D('',#1123,#1124,#1125);
#1123 = CARTESIAN_POINT('',(15.5,18.,5.5));
#1124 = DIRECTION('',(0.,0.,1.));
#1125 = DIRECTION('',(1.,0.,-0.));
#1126 = MANIFOLD_SOLID_BREP('',#1127);
#1127 = CLOSED_SHELL('',(#1128,#1168,#1208,#1230,#1252,#1264));
#1128 = ADVANCED_FACE('',(#1129),#1163,.F.);
#1129 = FACE_BOUND('',#1130,.F.);
#1130 = EDGE_LOOP('',(#1131,#1141,#1149,#1157));
#1131 = ORIENTED_EDGE('',*,*,#1132,.F.);
#1132 = EDGE_CURVE('',#1133,#1135,#1137,.T.);
#1133 = VERTEX_POINT('',#1134);
#1134 = CARTESIAN_POINT('',(96.5,18.,4.));
#1135 = VERTEX_POINT('',#1136);
#1136 = CARTESIAN_POINT('',(96.5,18.,5.5));
#1137 = LINE('',#1138,#1139);
#1138 = CARTESIAN_POINT('',(96.5,18.,4.));
#1139 = VECTOR('',#1140,1.);
#1140 = DIRECTION('',(0.,0.,1.));
#1141 = ORIENTED_EDGE('',*,*,#1142,.T.);
#1142 = EDGE_CURVE('',#1133,#1143,#1145,.T.);
#1143 = VERTEX_POINT('',#1144);
#1144 = CARTESIAN_POINT('',(96.5,26.,4.));
#1145 = LINE('',#1146,#1147);
#1146 = CARTESIAN_POINT('',(96.5,18.,4.));
#1147 = VECTOR('',#1148,1.);
#1148 = DIRECTION('',(-0.,1.,0.));
#1149 = ORIENTED_EDGE('',*,*,#1150,.T.);
#1150 = EDGE_CURVE('',#1143,#1151,#1153,.T.);
#1151 = VERTEX_POINT('',#1152);
#1152 = CARTESIAN_POINT('',(96.5,26.,5.5));
#1153 = LINE('',#1154,#1155);
#1154 = CARTESIAN_POINT('',(96.5,26.,4.));
#1155 = VECTOR('',#1156,1.);
#1156 = DIRECTION('',(0.,0.,1.));
#1157 = ORIENTED_EDGE('',*,*,#1158,.F.);
#1158 = EDGE_CURVE('',#1135,#1151,#1159,.T.);
#1159 = LINE('',#1160,#1161);
#1160 = CARTESIAN_POINT('',(96.5,18.,5.5));
#1161 = VECTOR('',#1162,1.);
#1162 = DIRECTION('',(-0.,1.,0.));
#1163 = PLANE('',#1164);
#1164 = AXIS2_PLACEMENT_3D('',#1165,#1166,#1167);
#1165 = CARTESIAN_POINT('',(96.5,18.,4.));
#1166 = DIRECTION('',(1.,0.,-0.));
#1167 = DIRECTION('',(0.,0.,1.));
#1168 = ADVANCED_FACE('',(#1169),#1203,.T.);
#1169 = FACE_BOUND('',#1170,.T.);
#1170 = EDGE_LOOP('',(#1171,#1181,#1189,#1197));
#1171 = ORIENTED_EDGE('',*,*,#1172,.F.);
#1172 = EDGE_CURVE('',#1173,#1175,#1177,.T.);
#1173 = VERTEX_POINT('',#1174);
#1174 = CARTESIAN_POINT('',(104.5,18.,4.));
#1175 = VERTEX_POINT('',#1176);
#1176 = CARTESIAN_POINT('',(104.5,18.,5.5));
#1177 = LINE('',#1178,#1179);
#1178 = CARTESIAN_POINT('',(104.5,18.,4.));
#1179 = VECTOR('',#1180,1.);
#1180 = DIRECTION('',(0.,0.,1.));
#1181 = ORIENTED_EDGE('',*,*,#1182,.T.);
#1182 = EDGE_CURVE('',#1173,#1183,#1185,.T.);
#1183 = VERTEX_POINT('',#1184);
#1184 = CARTESIAN_POINT('',(104.5,26.,4.));
#1185 = LINE('',#1186,#1187);
#1186 = CARTESIAN_POINT('',(104.5,18.,4.));
#1187 = VECTOR('',#1188,1.);
#1188 = DIRECTION('',(-0.,1.,0.));
#1189 = ORIENTED_EDGE('',*,*,#1190,.T.);
#1190 = EDGE_CURVE('',#1183,#1191,#1193,.T.);
#1191 = VERTEX_POINT('',#1192);
#1192 = CARTESIAN_POINT('',(104.5,26.,5.5));
#1193 = LINE('',#1194,#1195);
#1194 = CARTESIAN_POINT('',(104.5,26.,4.));
#1195 = VECTOR('',#1196,1.);
#1196 = DIRECTION('',(0.,0.,1.));
#1197 = ORIENTED_EDGE('',*,*,#1198,.F.);
#1198 = EDGE_CURVE('',#1175,#1191,#1199,.T.);
#1199 = LINE('',#1200,#1201);
#1200 = CARTESIAN_POINT('',(104.5,18.,5.5));
#1201 = VECTOR('',#1202,1.);
#1202 = DIRECTION('',(-0.,1.,0.));
#1203 = PLANE('',#1204);
#1204 = AXIS2_PLACEMENT_3D('',#1205,#1206,#1207);
#1205 = CARTESIAN_POINT('',(104.5,18.,4.));
#1206 = DIRECTION('',(1.,0.,-0.));
#1207 = DIRECTION('',(0.,0.,1.));
#1208 = ADVANCED_FACE('',(#1209),#1225,.F.);
#1209 = FACE_BOUND('',#1210,.F.);
#1210 = EDGE_LOOP('',(#1211,#1217,#1218,#1224));
#1211 = ORIENTED_EDGE('',*,*,#1212,.F.);
#1212 = EDGE_CURVE('',#1133,#1173,#1213,.T.);
#1213 = LINE('',#1214,#1215);
#1214 = CARTESIAN_POINT('',(96.5,18.,4.));
#1215 = VECTOR('',#1216,1.);
#1216 = DIRECTION('',(1.,0.,-0.));
#1217 = ORIENTED_EDGE('',*,*,#1132,.T.);
#1218 = ORIENTED_EDGE('',*,*,#1219,.T.);
#1219 = EDGE_CURVE('',#1135,#1175,#1220,.T.);
#1220 = LINE('',#1221,#1222);
#1221 = CARTESIAN_POINT('',(96.5,18.,5.5));
#1222 = VECTOR('',#1223,1.);
#1223 = DIRECTION('',(1.,0.,-0.));
#1224 = ORIENTED_EDGE('',*,*,#1172,.F.);
#1225 = PLANE('',#1226);
#1226 = AXIS2_PLACEMENT_3D('',#1227,#1228,#1229);
#1227 = CARTESIAN_POINT('',(96.5,18.,4.));
#1228 = DIRECTION('',(-0.,1.,0.));
#1229 = DIRECTION('',(0.,0.,1.));
#1230 = ADVANCED_FACE('',(#1231),#1247,.T.);
#1231 = FACE_BOUND('',#1232,.T.);
#1232 = EDGE_LOOP('',(#1233,#1239,#1240,#1246));
#1233 = ORIENTED_EDGE('',*,*,#1234,.F.);
#1234 = EDGE_CURVE('',#1143,#1183,#1235,.T.);
#1235 = LINE('',#1236,#1237);
#1236 = CARTESIAN_POINT('',(96.5,26.,4.));
#1237 = VECTOR('',#1238,1.);
#1238 = DIRECTION('',(1.,0.,-0.));
#1239 = ORIENTED_EDGE('',*,*,#1150,.T.);
#1240 = ORIENTED_EDGE('',*,*,#1241,.T.);
#1241 = EDGE_CURVE('',#1151,#1191,#1242,.T.);
#1242 = LINE('',#1243,#1244);
#1243 = CARTESIAN_POINT('',(96.5,26.,5.5));
#1244 = VECTOR('',#1245,1.);
#1245 = DIRECTION('',(1.,0.,-0.));
#1246 = ORIENTED_EDGE('',*,*,#1190,.F.);
#1247 = PLANE('',#1248);
#1248 = AXIS2_PLACEMENT_3D('',#1249,#1250,#1251);
#1249 = CARTESIAN_POINT('',(96.5,26.,4.));
#1250 = DIRECTION('',(-0.,1.,0.));
#1251 = DIRECTION('',(0.,0.,1.));
#1252 = ADVANCED_FACE('',(#1253),#1259,.F.);
#1253 = FACE_BOUND('',#1254,.F.);
#1254 = EDGE_LOOP('',(#1255,#1256,#1257,#1258));
#1255 = ORIENTED_EDGE('',*,*,#1142,.F.);
#1256 = ORIENTED_EDGE('',*,*,#1212,.T.);
#1257 = ORIENTED_EDGE('',*,*,#1182,.T.);
#1258 = ORIENTED_EDGE('',*,*,#1234,.F.);
#1259 = PLANE('',#1260);
#1260 = AXIS2_PLACEMENT_3D('',#1261,#1262,#1263);
#1261 = CARTESIAN_POINT('',(96.5,18.,4.));
#1262 = DIRECTION('',(0.,0.,1.));
#1263 = DIRECTION('',(1.,0.,-0.));
#1264 = ADVANCED_FACE('',(#1265),#1271,.T.);
#1265 = FACE_BOUND('',#1266,.T.);
#1266 = EDGE_LOOP('',(#1267,#1268,#1269,#1270));
#1267 = ORIENTED_EDGE('',*,*,#1158,.F.);
#1268 = ORIENTED_EDGE('',*,*,#1219,.T.);
#1269 = ORIENTED_EDGE('',*,*,#1198,.T.);
#1270 = ORIENTED_EDGE('',*,*,#1241,.F.);
#1271 = PLANE('',#1272);
#1272 = AXIS2_PLACEMENT_3D('',#1273,#1274,#1275);
#1273 = CARTESIAN_POINT('',(96.5,18.,5.5));
#1274 = DIRECTION('',(0.,0.,1.));
#1275 = DIRECTION('',(1.,0.,-0.));
#1276 = MANIFOLD_SOLID_BREP('',#1277);
#1277 = CLOSED_SHELL('',(#1278,#1318,#1358,#1380,#1402,#1414));
#1278 = ADVANCED_FACE('',(#1279),#1313,.F.);
#1279 = FACE_BOUND('',#1280,.F.);
#1280 = EDGE_LOOP('',(#1281,#1291,#1299,#1307));
#1281 = ORIENTED_EDGE('',*,*,#1282,.F.);
#1282 = EDGE_CURVE('',#1283,#1285,#1287,.T.);
#1283 = VERTEX_POINT('',#1284);
#1284 = CARTESIAN_POINT('',(15.5,69.,4.));
#1285 = VERTEX_POINT('',#1286);
#1286 = CARTESIAN_POINT('',(15.5,69.,5.5));
#1287 = LINE('',#1288,#1289);
#1288 = CARTESIAN_POINT('',(15.5,69.,4.));
#1289 = VECTOR('',#1290,1.);
#1290 = DIRECTION('',(0.,0.,1.));
#1291 = ORIENTED_EDGE('',*,*,#1292,.T.);
#1292 = EDGE_CURVE('',#1283,#1293,#1295,.T.);
#1293 = VERTEX_POINT('',#1294);
#1294 = CARTESIAN_POINT('',(15.5,77.,4.));
#1295 = LINE('',#1296,#1297);
#1296 = CARTESIAN_POINT('',(15.5,69.,4.));
#1297 = VECTOR('',#1298,1.);
#1298 = DIRECTION('',(-0.,1.,0.));
#1299 = ORIENTED_EDGE('',*,*,#1300,.T.);
#1300 = EDGE_CURVE('',#1293,#1301,#1303,.T.);
#1301 = VERTEX_POINT('',#1302);
#1302 = CARTESIAN_POINT('',(15.5,77.,5.5));
#1303 = LINE('',#1304,#1305);
#1304 = CARTESIAN_POINT('',(15.5,77.,4.));
#1305 = VECTOR('',#1306,1.);
#1306 = DIRECTION('',(0.,0.,1.));
#1307 = ORIENTED_EDGE('',*,*,#1308,.F.);
#1308 = EDGE_CURVE('',#1285,#1301,#1309,.T.);
#1309 = LINE('',#1310,#1311);
#1310 = CARTESIAN_POINT('',(15.5,69.,5.5));
#1311 = VECTOR('',#1312,1.);
#1312 = DIRECTION('',(-0.,1.,0.));
#1313 = PLANE('',#1314);
#1314 = AXIS2_PLACEMENT_3D('',#1315,#1316,#1317);
#1315 = CARTESIAN_POINT('',(15.5,69.,4.));
#1316 = DIRECTION('',(1.,0.,-0.));
#1317 = DIRECTION('',(0.,0.,1.));
#1318 = ADVANCED_FACE('',(#1319),#1353,.T.);
#1319 = FACE_BOUND('',#1320,.T.);
#1320 = EDGE_LOOP('',(#1321,#1331,#1339,#1347));
#1321 = ORIENTED_EDGE('',*,*,#1322,.F.);
#1322 = EDGE_CURVE('',#1323,#1325,#1327,.T.);
#1323 = VERTEX_POINT('',#1324);
#1324 = CARTESIAN_POINT('',(23.5,69.,4.));
#1325 = VERTEX_POINT('',#1326);
#1326 = CARTESIAN_POINT('',(23.5,69.,5.5));
#1327 = LINE('',#1328,#1329);
#1328 = CARTESIAN_POINT('',(23.5,69.,4.));
#1329 = VECTOR('',#1330,1.);
#1330 = DIRECTION('',(0.,0.,1.));
#1331 = ORIENTED_EDGE('',*,*,#1332,.T.);
#1332 = EDGE_CURVE('',#1323,#1333,#1335,.T.);
#1333 = VERTEX_POINT('',#1334);
#1334 = CARTESIAN_POINT('',(23.5,77.,4.));
#1335 = LINE('',#1336,#1337);
#1336 = CARTESIAN_POINT('',(23.5,69.,4.));
#1337 = VECTOR('',#1338,1.);
#1338 = DIRECTION('',(-0.,1.,0.));
#1339 = ORIENTED_EDGE('',*,*,#1340,.T.);
#1340 = EDGE_CURVE('',#1333,#1341,#1343,.T.);
#1341 = VERTEX_POINT('',#1342);
#1342 = CARTESIAN_POINT('',(23.5,77.,5.5));
#1343 = LINE('',#1344,#1345);
#1344 = CARTESIAN_POINT('',(23.5,77.,4.));
#1345 = VECTOR('',#1346,1.);
#1346 = DIRECTION('',(0.,0.,1.));
#1347 = ORIENTED_EDGE('',*,*,#1348,.F.);
#1348 = EDGE_CURVE('',#1325,#1341,#1349,.T.);
#1349 = LINE('',#1350,#1351);
#1350 = CARTESIAN_POINT('',(23.5,69.,5.5));
#1351 = VECTOR('',#1352,1.);
#1352 = DIRECTION('',(-0.,1.,0.));
#1353 = PLANE('',#1354);
#1354 = AXIS2_PLACEMENT_3D('',#1355,#1356,#1357);
#1355 = CARTESIAN_POINT('',(23.5,69.,4.));
#1356 = DIRECTION('',(1.,0.,-0.));
#1357 = DIRECTION('',(0.,0.,1.));
#1358 = ADVANCED_FACE('',(#1359),#1375,.F.);
#1359 = FACE_BOUND('',#1360,.F.);
#1360 = EDGE_LOOP('',(#1361,#1367,#1368,#1374));
#1361 = ORIENTED_EDGE('',*,*,#1362,.F.);
#1362 = EDGE_CURVE('',#1283,#1323,#1363,.T.);
#1363 = LINE('',#1364,#1365);
#1364 = CARTESIAN_POINT('',(15.5,69.,4.));
#1365 = VECTOR('',#1366,1.);
#1366 = DIRECTION('',(1.,0.,-0.));
#1367 = ORIENTED_EDGE('',*,*,#1282,.T.);
#1368 = ORIENTED_EDGE('',*,*,#1369,.T.);
#1369 = EDGE_CURVE('',#1285,#1325,#1370,.T.);
#1370 = LINE('',#1371,#1372);
#1371 = CARTESIAN_POINT('',(15.5,69.,5.5));
#1372 = VECTOR('',#1373,1.);
#1373 = DIRECTION('',(1.,0.,-0.));
#1374 = ORIENTED_EDGE('',*,*,#1322,.F.);
#1375 = PLANE('',#1376);
#1376 = AXIS2_PLACEMENT_3D('',#1377,#1378,#1379);
#1377 = CARTESIAN_POINT('',(15.5,69.,4.));
#1378 = DIRECTION('',(-0.,1.,0.));
#1379 = DIRECTION('',(0.,0.,1.));
#1380 = ADVANCED_FACE('',(#1381),#1397,.T.);
#1381 = FACE_BOUND('',#1382,.T.);
#1382 = EDGE_LOOP('',(#1383,#1389,#1390,#1396));
#1383 = ORIENTED_EDGE('',*,*,#1384,.F.);
#1384 = EDGE_CURVE('',#1293,#1333,#1385,.T.);
#1385 = LINE('',#1386,#1387);
#1386 = CARTESIAN_POINT('',(15.5,77.,4.));
#1387 = VECTOR('',#1388,1.);
#1388 = DIRECTION('',(1.,0.,-0.));
#1389 = ORIENTED_EDGE('',*,*,#1300,.T.);
#1390 = ORIENTED_EDGE('',*,*,#1391,.T.);
#1391 = EDGE_CURVE('',#1301,#1341,#1392,.T.);
#1392 = LINE('',#1393,#1394);
#1393 = CARTESIAN_POINT('',(15.5,77.,5.5));
#1394 = VECTOR('',#1395,1.);
#1395 = DIRECTION('',(1.,0.,-0.));
#1396 = ORIENTED_EDGE('',*,*,#1340,.F.);
#1397 = PLANE('',#1398);
#1398 = AXIS2_PLACEMENT_3D('',#1399,#1400,#1401);
#1399 = CARTESIAN_POINT('',(15.5,77.,4.));
#1400 = DIRECTION('',(-0.,1.,0.));
#1401 = DIRECTION('',(0.,0.,1.));
#1402 = ADVANCED_FACE('',(#1403),#1409,.F.);
#1403 = FACE_BOUND('',#1404,.F.);
#1404 = EDGE_LOOP('',(#1405,#1406,#1407,#1408));
#1405 = ORIENTED_EDGE('',*,*,#1292,.F.);
#1406 = ORIENTED_EDGE('',*,*,#1362,.T.);
#1407 = ORIENTED_EDGE('',*,*,#1332,.T.);
#1408 = ORIENTED_EDGE('',*,*,#1384,.F.);
#1409 = PLANE('',#1410);
#1410 = AXIS2_PLACEMENT_3D('',#1411,#1412,#1413);
#1411 = CARTESIAN_POINT('',(15.5,69.,4.));
#1412 = DIRECTION('',(0.,0.,1.));
#1413 = DIRECTION('',(1.,0.,-0.));
#1414 = ADVANCED_FACE('',(#1415),#1421,.T.);
#1415 = FACE_BOUND('',#1416,.T.);
#1416 = EDGE_LOOP('',(#1417,#1418,#1419,#1420));
#1417 = ORIENTED_EDGE('',*,*,#1308,.F.);
#1418 = ORIENTED_EDGE('',*,*,#1369,.T.);
#1419 = ORIENTED_EDGE('',*,*,#1348,.T.);
#1420 = ORIENTED_EDGE('',*,*,#1391,.F.);
#1421 = PLANE('',#1422);
#1422 = AXIS2_PLACEMENT_3D('',#1423,#1424,#1425);
#1423 = CARTESIAN_POINT('',(15.5,69.,5.5));
#1424 = DIRECTION('',(0.,0.,1.));
#1425 = DIRECTION('',(1.,0.,-0.));
#1426 = MANIFOLD_SOLID_BREP('',#1427);
#1427 = CLOSED_SHELL('',(#1428,#1468,#1508,#1530,#1552,#1564));
#1428 = ADVANCED_FACE('',(#1429),#1463,.F.);
#1429 = FACE_BOUND('',#1430,.F.);
#1430 = EDGE_LOOP('',(#1431,#1441,#1449,#1457));
#1431 = ORIENTED_EDGE('',*,*,#1432,.F.);
#1432 = EDGE_CURVE('',#1433,#1435,#1437,.T.);
#1433 = VERTEX_POINT('',#1434);
#1434 = CARTESIAN_POINT('',(96.5,69.,4.));
#1435 = VERTEX_POINT('',#1436);
#1436 = CARTESIAN_POINT('',(96.5,69.,5.5));
#1437 = LINE('',#1438,#1439);
#1438 = CARTESIAN_POINT('',(96.5,69.,4.));
#1439 = VECTOR('',#1440,1.);
#1440 = DIRECTION('',(0.,0.,1.));
#1441 = ORIENTED_EDGE('',*,*,#1442,.T.);
#1442 = EDGE_CURVE('',#1433,#1443,#1445,.T.);
#1443 = VERTEX_POINT('',#1444);
#1444 = CARTESIAN_POINT('',(96.5,77.,4.));
#1445 = LINE('',#1446,#1447);
#1446 = CARTESIAN_POINT('',(96.5,69.,4.));
#1447 = VECTOR('',#1448,1.);
#1448 = DIRECTION('',(-0.,1.,0.));
#1449 = ORIENTED_EDGE('',*,*,#1450,.T.);
#1450 = EDGE_CURVE('',#1443,#1451,#1453,.T.);
#1451 = VERTEX_POINT('',#1452);
#1452 = CARTESIAN_POINT('',(96.5,77.,5.5));
#1453 = LINE('',#1454,#1455);
#1454 = CARTESIAN_POINT('',(96.5,77.,4.));
#1455 = VECTOR('',#1456,1.);
#1456 = DIRECTION('',(0.,0.,1.));
#1457 = ORIENTED_EDGE('',*,*,#1458,.F.);
#1458 = EDGE_CURVE('',#1435,#1451,#1459,.T.);
#1459 = LINE('',#1460,#1461);
#1460 = CARTESIAN_POINT('',(96.5,69.,5.5));
#1461 = VECTOR('',#1462,1.);
#1462 = DIRECTION('',(-0.,1.,0.));
#1463 = PLANE('',#1464);
#1464 = AXIS2_PLACEMENT_3D('',#1465,#1466,#1467);
#1465 = CARTESIAN_POINT('',(96.5,69.,4.));
#1466 = DIRECTION('',(1.,0.,-0.));
#1467 = DIRECTION('',(0.,0.,1.));
#1468 = ADVANCED_FACE('',(#1469),#1503,.T.);
#1469 = FACE_BOUND('',#1470,.T.);
#1470 = EDGE_LOOP('',(#1471,#1481,#1489,#1497));
#1471 = ORIENTED_EDGE('',*,*,#1472,.F.);
#1472 = EDGE_CURVE('',#1473,#1475,#1477,.T.);
#1473 = VERTEX_POINT('',#1474);
#1474 = CARTESIAN_POINT('',(104.5,69.,4.));
#1475 = VERTEX_POINT('',#1476);
#1476 = CARTESIAN_POINT('',(104.5,69.,5.5));
#1477 = LINE('',#1478,#1479);
#1478 = CARTESIAN_POINT('',(104.5,69.,4.));
#1479 = VECTOR('',#1480,1.);
#1480 = DIRECTION('',(0.,0.,1.));
#1481 = ORIENTED_EDGE('',*,*,#1482,.T.);
#1482 = EDGE_CURVE('',#1473,#1483,#1485,.T.);
#1483 = VERTEX_POINT('',#1484);
#1484 = CARTESIAN_POINT('',(104.5,77.,4.));
#1485 = LINE('',#1486,#1487);
#1486 = CARTESIAN_POINT('',(104.5,69.,4.));
#1487 = VECTOR('',#1488,1.);
#1488 = DIRECTION('',(-0.,1.,0.));
#1489 = ORIENTED_EDGE('',*,*,#1490,.T.);
#1490 = EDGE_CURVE('',#1483,#1491,#1493,.T.);
#1491 = VERTEX_POINT('',#1492);
#1492 = CARTESIAN_POINT('',(104.5,77.,5.5));
#1493 = LINE('',#1494,#1495);
#1494 = CARTESIAN_POINT('',(104.5,77.,4.));
#1495 = VECTOR('',#1496,1.);
#1496 = DIRECTION('',(0.,0.,1.));
#1497 = ORIENTED_EDGE('',*,*,#1498,.F.);
#1498 = EDGE_CURVE('',#1475,#1491,#1499,.T.);
#1499 = LINE('',#1500,#1501);
#1500 = CARTESIAN_POINT('',(104.5,69.,5.5));
#1501 = VECTOR('',#1502,1.);
#1502 = DIRECTION('',(-0.,1.,0.));
#1503 = PLANE('',#1504);
#1504 = AXIS2_PLACEMENT_3D('',#1505,#1506,#1507);
#1505 = CARTESIAN_POINT('',(104.5,69.,4.));
#1506 = DIRECTION('',(1.,0.,-0.));
#1507 = DIRECTION('',(0.,0.,1.));
#1508 = ADVANCED_FACE('',(#1509),#1525,.F.);
#1509 = FACE_BOUND('',#1510,.F.);
#1510 = EDGE_LOOP('',(#1511,#1517,#1518,#1524));
#1511 = ORIENTED_EDGE('',*,*,#1512,.F.);
#1512 = EDGE_CURVE('',#1433,#1473,#1513,.T.);
#1513 = LINE('',#1514,#1515);
#1514 = CARTESIAN_POINT('',(96.5,69.,4.));
#1515 = VECTOR('',#1516,1.);
#1516 = DIRECTION('',(1.,0.,-0.));
#1517 = ORIENTED_EDGE('',*,*,#1432,.T.);
#1518 = ORIENTED_EDGE('',*,*,#1519,.T.);
#1519 = EDGE_CURVE('',#1435,#1475,#1520,.T.);
#1520 = LINE('',#1521,#1522);
#1521 = CARTESIAN_POINT('',(96.5,69.,5.5));
#1522 = VECTOR('',#1523,1.);
#1523 = DIRECTION('',(1.,0.,-0.));
#1524 = ORIENTED_EDGE('',*,*,#1472,.F.);
#1525 = PLANE('',#1526);
#1526 = AXIS2_PLACEMENT_3D('',#1527,#1528,#1529);
#1527 = CARTESIAN_POINT('',(96.5,69.,4.));
#1528 = DIRECTION('',(-0.,1.,0.));
#1529 = DIRECTION('',(0.,0.,1.));
#1530 = ADVANCED_FACE('',(#1531),#1547,.T.);
#1531 = FACE_BOUND('',#1532,.T.);
#1532 = EDGE_LOOP('',(#1533,#1539,#1540,#1546));
#1533 = ORIENTED_EDGE('',*,*,#1534,.F.);
#1534 = EDGE_CURVE('',#1443,#1483,#1535,.T.);
#1535 = LINE('',#1536,#1537);
#1536 = CARTESIAN_POINT('',(96.5,77.,4.));
#1537 = VECTOR('',#1538,1.);
#1538 = DIRECTION('',(1.,0.,-0.));
#1539 = ORIENTED_EDGE('',*,*,#1450,.T.);
#1540 = ORIENTED_EDGE('',*,*,#1541,.T.);
#1541 = EDGE_CURVE('',#1451,#1491,#1542,.T.);
#1542 = LINE('',#1543,#1544);
#1543 = CARTESIAN_POINT('',(96.5,77.,5.5));
#1544 = VECTOR('',#1545,1.);
#1545 = DIRECTION('',(1.,0.,-0.));
#1546 = ORIENTED_EDGE('',*,*,#1490,.F.);
#1547 = PLANE('',#1548);
#1548 = AXIS2_PLACEMENT_3D('',#1549,#1550,#1551);
#1549 = CARTESIAN_POINT('',(96.5,77.,4.));
#1550 = DIRECTION('',(-0.,1.,0.));
#1551 = DIRECTION('',(0.,0.,1.));
#1552 = ADVANCED_FACE('',(#1553),#1559,.F.);
#1553 = FACE_BOUND('',#1554,.F.);
#1554 = EDGE_LOOP('',(#1555,#1556,#1557,#1558));
#1555 = ORIENTED_EDGE('',*,*,#1442,.F.);
#1556 = ORIENTED_EDGE('',*,*,#1512,.T.);
#1557 = ORIENTED_EDGE('',*,*,#1482,.T.);
#1558 = ORIENTED_EDGE('',*,*,#1534,.F.);
#1559 = PLANE('',#1560);
#1560 = AXIS2_PLACEMENT_3D('',#1561,#1562,#1563);
#1561 = CARTESIAN_POINT('',(96.5,69.,4.));
#1562 = DIRECTION('',(0.,0.,1.));
#1563 = DIRECTION('',(1.,0.,-0.));
#1564 = ADVANCED_FACE('',(#1565),#1571,.T.);
#1565 = FACE_BOUND('',#1566,.T.);
#1566 = EDGE_LOOP('',(#1567,#1568,#1569,#1570));
#1567 = ORIENTED_EDGE('',*,*,#1458,.F.);
#1568 = ORIENTED_EDGE('',*,*,#1519,.T.);
#1569 = ORIENTED_EDGE('',*,*,#1498,.T.);
#1570 = ORIENTED_EDGE('',*,*,#1541,.F.);
#1571 = PLANE('',#1572);
#1572 = AXIS2_PLACEMENT_3D('',#1573,#1574,#1575);
#1573 = CARTESIAN_POINT('',(96.5,69.,5.5));
#1574 = DIRECTION('',(0.,0.,1.));
#1575 = DIRECTION('',(1.,0.,-0.));
#1576 = ( GEOMETRIC_REPRESENTATION_CONTEXT(3) 
GLOBAL_UNCERTAINTY_ASSIGNED_CONTEXT((#1580)) 
GLOBAL_UNIT_ASSIGNED_CONTEXT((#1577,#1578,#1579)) REPRESENTATION_CONTEXT
('Context #1','3D Context with UNIT and UNCERTAINTY') );
#1577 = ( LENGTH_UNIT() NAMED_UNIT(*) SI_UNIT(.MILLI.,.METRE.) );
#1578 = ( NAMED_UNIT(*) PLANE_ANGLE_UNIT() SI_UNIT($,.RADIAN.) );
#1579 = ( NAMED_UNIT(*) SI_UNIT($,.STERADIAN.) SOLID_ANGLE_UNIT() );
#1580 = UNCERTAINTY_MEASURE_WITH_UNIT(LENGTH_MEASURE(1.E-07),#1577,
  'distance_accuracy_value','confusion accuracy');
#1581 = CONTEXT_DEPENDENT_SHAPE_REPRESENTATION(#1582,#1584);
#1582 = ( REPRESENTATION_RELATIONSHIP('','',#975,#10) 
REPRESENTATION_RELATIONSHIP_WITH_TRANSFORMATION(#1583) 
SHAPE_REPRESENTATION_RELATIONSHIP() );
#1583 = ITEM_DEFINED_TRANSFORMATION('','',#11,#19);
#1584 = PRODUCT_DEFINITION_SHAPE('Placement','Placement of an item',
  #1585);
#1585 = NEXT_ASSEMBLY_USAGE_OCCURRENCE('2','PCBSupports','',#5,#970,$);
#1586 = PRODUCT_RELATED_PRODUCT_CATEGORY('part',$,(#972));
#1587 = SHAPE_DEFINITION_REPRESENTATION(#1588,#1594);
#1588 = PRODUCT_DEFINITION_SHAPE('','',#1589);
#1589 = PRODUCT_DEFINITION('design','',#1590,#1593);
#1590 = PRODUCT_DEFINITION_FORMATION('','',#1591);
#1591 = PRODUCT('PCB','PCB','',(#1592));
#1592 = PRODUCT_CONTEXT('',#2,'mechanical');
#1593 = PRODUCT_DEFINITION_CONTEXT('part definition',#2,'design');
#1594 = ADVANCED_BREP_SHAPE_REPRESENTATION('',(#11,#1595),#1745);
#1595 = MANIFOLD_SOLID_BREP('',#1596);
#1596 = CLOSED_SHELL('',(#1597,#1637,#1677,#1699,#1721,#1733));
#1597 = ADVANCED_FACE('',(#1598),#1632,.F.);
#1598 = FACE_BOUND('',#1599,.F.);
#1599 = EDGE_LOOP('',(#1600,#1610,#1618,#1626));
#1600 = ORIENTED_EDGE('',*,*,#1601,.F.);
#1601 = EDGE_CURVE('',#1602,#1604,#1606,.T.);
#1602 = VERTEX_POINT('',#1603);
#1603 = CARTESIAN_POINT('',(11.5,14.,5.5));
#1604 = VERTEX_POINT('',#1605);
#1605 = CARTESIAN_POINT('',(11.5,14.,7.1));
#1606 = LINE('',#1607,#1608);
#1607 = CARTESIAN_POINT('',(11.5,14.,5.5));
#1608 = VECTOR('',#1609,1.);
#1609 = DIRECTION('',(0.,0.,1.));
#1610 = ORIENTED_EDGE('',*,*,#1611,.T.);
#1611 = EDGE_CURVE('',#1602,#1612,#1614,.T.);
#1612 = VERTEX_POINT('',#1613);
#1613 = CARTESIAN_POINT('',(11.5,81.,5.5));
#1614 = LINE('',#1615,#1616);
#1615 = CARTESIAN_POINT('',(11.5,14.,5.5));
#1616 = VECTOR('',#1617,1.);
#1617 = DIRECTION('',(-0.,1.,0.));
#1618 = ORIENTED_EDGE('',*,*,#1619,.T.);
#1619 = EDGE_CURVE('',#1612,#1620,#1622,.T.);
#1620 = VERTEX_POINT('',#1621);
#1621 = CARTESIAN_POINT('',(11.5,81.,7.1));
#1622 = LINE('',#1623,#1624);
#1623 = CARTESIAN_POINT('',(11.5,81.,5.5));
#1624 = VECTOR('',#1625,1.);
#1625 = DIRECTION('',(0.,0.,1.));
#1626 = ORIENTED_EDGE('',*,*,#1627,.F.);
#1627 = EDGE_CURVE('',#1604,#1620,#1628,.T.);
#1628 = LINE('',#1629,#1630);
#1629 = CARTESIAN_POINT('',(11.5,14.,7.1));
#1630 = VECTOR('',#1631,1.);
#1631 = DIRECTION('',(-0.,1.,0.));
#1632 = PLANE('',#1633);
#1633 = AXIS2_PLACEMENT_3D('',#1634,#1635,#1636);
#1634 = CARTESIAN_POINT('',(11.5,14.,5.5));
#1635 = DIRECTION('',(1.,0.,-0.));
#1636 = DIRECTION('',(0.,0.,1.));
#1637 = ADVANCED_FACE('',(#1638),#1672,.T.);
#1638 = FACE_BOUND('',#1639,.T.);
#1639 = EDGE_LOOP('',(#1640,#1650,#1658,#1666));
#1640 = ORIENTED_EDGE('',*,*,#1641,.F.);
#1641 = EDGE_CURVE('',#1642,#1644,#1646,.T.);
#1642 = VERTEX_POINT('',#1643);
#1643 = CARTESIAN_POINT('',(108.5,14.,5.5));
#1644 = VERTEX_POINT('',#1645);
#1645 = CARTESIAN_POINT('',(108.5,14.,7.1));
#1646 = LINE('',#1647,#1648);
#1647 = CARTESIAN_POINT('',(108.5,14.,5.5));
#1648 = VECTOR('',#1649,1.);
#1649 = DIRECTION('',(0.,0.,1.));
#1650 = ORIENTED_EDGE('',*,*,#1651,.T.);
#1651 = EDGE_CURVE('',#1642,#1652,#1654,.T.);
#1652 = VERTEX_POINT('',#1653);
#1653 = CARTESIAN_POINT('',(108.5,81.,5.5));
#1654 = LINE('',#1655,#1656);
#1655 = CARTESIAN_POINT('',(108.5,14.,5.5));
#1656 = VECTOR('',#1657,1.);
#1657 = DIRECTION('',(-0.,1.,0.));
#1658 = ORIENTED_EDGE('',*,*,#1659,.T.);
#1659 = EDGE_CURVE('',#1652,#1660,#1662,.T.);
#1660 = VERTEX_POINT('',#1661);
#1661 = CARTESIAN_POINT('',(108.5,81.,7.1));
#1662 = LINE('',#1663,#1664);
#1663 = CARTESIAN_POINT('',(108.5,81.,5.5));
#1664 = VECTOR('',#1665,1.);
#1665 = DIRECTION('',(0.,0.,1.));
#1666 = ORIENTED_EDGE('',*,*,#1667,.F.);
#1667 = EDGE_CURVE('',#1644,#1660,#1668,.T.);
#1668 = LINE('',#1669,#1670);
#1669 = CARTESIAN_POINT('',(108.5,14.,7.1));
#1670 = VECTOR('',#1671,1.);
#1671 = DIRECTION('',(-0.,1.,0.));
#1672 = PLANE('',#1673);
#1673 = AXIS2_PLACEMENT_3D('',#1674,#1675,#1676);
#1674 = CARTESIAN_POINT('',(108.5,14.,5.5));
#1675 = DIRECTION('',(1.,0.,-0.));
#1676 = DIRECTION('',(0.,0.,1.));
#1677 = ADVANCED_FACE('',(#1678),#1694,.F.);
#1678 = FACE_BOUND('',#1679,.F.);
#1679 = EDGE_LOOP('',(#1680,#1686,#1687,#1693));
#1680 = ORIENTED_EDGE('',*,*,#1681,.F.);
#1681 = EDGE_CURVE('',#1602,#1642,#1682,.T.);
#1682 = LINE('',#1683,#1684);
#1683 = CARTESIAN_POINT('',(11.5,14.,5.5));
#1684 = VECTOR('',#1685,1.);
#1685 = DIRECTION('',(1.,0.,-0.));
#1686 = ORIENTED_EDGE('',*,*,#1601,.T.);
#1687 = ORIENTED_EDGE('',*,*,#1688,.T.);
#1688 = EDGE_CURVE('',#1604,#1644,#1689,.T.);
#1689 = LINE('',#1690,#1691);
#1690 = CARTESIAN_POINT('',(11.5,14.,7.1));
#1691 = VECTOR('',#1692,1.);
#1692 = DIRECTION('',(1.,0.,-0.));
#1693 = ORIENTED_EDGE('',*,*,#1641,.F.);
#1694 = PLANE('',#1695);
#1695 = AXIS2_PLACEMENT_3D('',#1696,#1697,#1698);
#1696 = CARTESIAN_POINT('',(11.5,14.,5.5));
#1697 = DIRECTION('',(-0.,1.,0.));
#1698 = DIRECTION('',(0.,0.,1.));
#1699 = ADVANCED_FACE('',(#1700),#1716,.T.);
#1700 = FACE_BOUND('',#1701,.T.);
#1701 = EDGE_LOOP('',(#1702,#1708,#1709,#1715));
#1702 = ORIENTED_EDGE('',*,*,#1703,.F.);
#1703 = EDGE_CURVE('',#1612,#1652,#1704,.T.);
#1704 = LINE('',#1705,#1706);
#1705 = CARTESIAN_POINT('',(11.5,81.,5.5));
#1706 = VECTOR('',#1707,1.);
#1707 = DIRECTION('',(1.,0.,-0.));
#1708 = ORIENTED_EDGE('',*,*,#1619,.T.);
#1709 = ORIENTED_EDGE('',*,*,#1710,.T.);
#1710 = EDGE_CURVE('',#1620,#1660,#1711,.T.);
#1711 = LINE('',#1712,#1713);
#1712 = CARTESIAN_POINT('',(11.5,81.,7.1));
#1713 = VECTOR('',#1714,1.);
#1714 = DIRECTION('',(1.,0.,-0.));
#1715 = ORIENTED_EDGE('',*,*,#1659,.F.);
#1716 = PLANE('',#1717);
#1717 = AXIS2_PLACEMENT_3D('',#1718,#1719,#1720);
#1718 = CARTESIAN_POINT('',(11.5,81.,5.5));
#1719 = DIRECTION('',(-0.,1.,0.));
#1720 = DIRECTION('',(0.,0.,1.));
#1721 = ADVANCED_FACE('',(#1722),#1728,.F.);
#1722 = FACE_BOUND('',#1723,.F.);
#1723 = EDGE_LOOP('',(#1724,#1725,#1726,#1727));
#1724 = ORIENTED_EDGE('',*,*,#1611,.F.);
#1725 = ORIENTED_EDGE('',*,*,#1681,.T.);
#1726 = ORIENTED_EDGE('',*,*,#1651,.T.);
#1727 = ORIENTED_EDGE('',*,*,#1703,.F.);
#1728 = PLANE('',#1729);
#1729 = AXIS2_PLACEMENT_3D('',#1730,#1731,#1732);
#1730 = CARTESIAN_POINT('',(11.5,14.,5.5));
#1731 = DIRECTION('',(0.,0.,1.));
#1732 = DIRECTION('',(1.,0.,-0.));
#1733 = ADVANCED_FACE('',(#1734),#1740,.T.);
#1734 = FACE_BOUND('',#1735,.T.);
#1735 = EDGE_LOOP('',(#1736,#1737,#1738,#1739));
#1736 = ORIENTED_EDGE('',*,*,#1627,.F.);
#1737 = ORIENTED_EDGE('',*,*,#1688,.T.);
#1738 = ORIENTED_EDGE('',*,*,#1667,.T.);
#1739 = ORIENTED_EDGE('',*,*,#1710,.F.);
#1740 = PLANE('',#1741);
#1741 = AXIS2_PLACEMENT_3D('',#1742,#1743,#1744);
#1742 = CARTESIAN_POINT('',(11.5,14.,7.1));
#1743 = DIRECTION('',(0.,0.,1.));
#1744 = DIRECTION('',(1.,0.,-0.));
#1745 = ( GEOMETRIC_REPRESENTATION_CONTEXT(3) 
GLOBAL_UNCERTAINTY_ASSIGNED_CONTEXT((#1749)) 
GLOBAL_UNIT_ASSIGNED_CONTEXT((#1746,#1747,#1748)) REPRESENTATION_CONTEXT
('Context #1','3D Context with UNIT and UNCERTAINTY') );
#1746 = ( LENGTH_UNIT() NAMED_UNIT(*) SI_UNIT(.MILLI.,.METRE.) );
#1747 = ( NAMED_UNIT(*) PLANE_ANGLE_UNIT() SI_UNIT($,.RADIAN.) );
#1748 = ( NAMED_UNIT(*) SI_UNIT($,.STERADIAN.) SOLID_ANGLE_UNIT() );
#1749 = UNCERTAINTY_MEASURE_WITH_UNIT(LENGTH_MEASURE(1.E-07),#1746,
  'distance_accuracy_value','confusion accuracy');
#1750 = CONTEXT_DEPENDENT_SHAPE_REPRESENTATION(#1751,#1753);
#1751 = ( REPRESENTATION_RELATIONSHIP('','',#1594,#10) 
REPRESENTATION_RELATIONSHIP_WITH_TRANSFORMATION(#1752) 
SHAPE_REPRESENTATION_RELATIONSHIP() );
#1752 = ITEM_DEFINED_TRANSFORMATION('','',#11,#23);
#1753 = PRODUCT_DEFINITION_SHAPE('Placement','Placement of an item',
  #1754);
#1754 = NEXT_ASSEMBLY_USAGE_OCCURRENCE('3','PCB','',#5,#1589,$);
#1755 = PRODUCT_RELATED_PRODUCT_CATEGORY('part',$,(#1591));
#1756 = SHAPE_DEFINITION_REPRESENTATION(#1757,#1763);
#1757 = PRODUCT_DEFINITION_SHAPE('','',#1758);
#1758 = PRODUCT_DEFINITION('design','',#1759,#1762);
#1759 = PRODUCT_DEFINITION_FORMATION('','',#1760);
#1760 = PRODUCT('TopShell','TopShell','',(#1761));
#1761 = PRODUCT_CONTEXT('',#2,'mechanical');
#1762 = PRODUCT_DEFINITION_CONTEXT('part definition',#2,'design');
#1763 = ADVANCED_BREP_SHAPE_REPRESENTATION('',(#11,#1764),#3896);
#1764 = MANIFOLD_SOLID_BREP('',#1765);
#1765 = CLOSED_SHELL('',(#1766,#2304,#2334,#2358,#2382,#2406,#2430,#2454
    ,#2478,#2502,#2525,#2542,#2567,#2598,#2622,#2646,#2663,#2694,#2718,
    #2742,#2759,#2790,#2814,#2838,#2855,#2886,#2910,#2934,#2951,#2982,
    #3006,#3030,#3047,#3078,#3102,#3126,#3143,#3168,#3199,#3223,#3247,
    #3264,#3295,#3319,#3343,#3360,#3391,#3415,#3439,#3456,#3487,#3511,
    #3535,#3552,#3577,#3608,#3632,#3656,#3673,#3704,#3728,#3752,#3769,
    #3794));
#1766 = ADVANCED_FACE('',(#1767,#1847,#1858,#1892,#1926,#1960,#1994,
    #2028,#2062,#2073,#2107,#2141,#2175,#2209,#2220,#2254,#2288),#2299,
  .F.);
#1767 = FACE_BOUND('',#1768,.F.);
#1768 = EDGE_LOOP('',(#1769,#1778,#1786,#1793,#1801,#1809,#1817,#1825,
    #1833,#1841));
#1769 = ORIENTED_EDGE('',*,*,#1770,.F.);
#1770 = EDGE_CURVE('',#1771,#1773,#1775,.T.);
#1771 = VERTEX_POINT('',#1772);
#1772 = CARTESIAN_POINT('',(4.,4.,7.));
#1773 = VERTEX_POINT('',#1774);
#1774 = CARTESIAN_POINT('',(4.,91.,7.));
#1775 = B_SPLINE_CURVE_WITH_KNOTS('',1,(#1776,#1777),.UNSPECIFIED.,.F.,
  .F.,(2,2),(0.,1.),.PIECEWISE_BEZIER_KNOTS.);
#1776 = CARTESIAN_POINT('',(4.,4.,7.));
#1777 = CARTESIAN_POINT('',(4.,91.,7.));
#1778 = ORIENTED_EDGE('',*,*,#1779,.T.);
#1779 = EDGE_CURVE('',#1771,#1780,#1782,.T.);
#1780 = VERTEX_POINT('',#1781);
#1781 = CARTESIAN_POINT('',(116.,4.,7.));
#1782 = LINE('',#1783,#1784);
#1783 = CARTESIAN_POINT('',(4.,4.,7.));
#1784 = VECTOR('',#1785,1.);
#1785 = DIRECTION('',(1.,0.,0.));
#1786 = ORIENTED_EDGE('',*,*,#1787,.T.);
#1787 = EDGE_CURVE('',#1780,#1788,#1790,.T.);
#1788 = VERTEX_POINT('',#1789);
#1789 = CARTESIAN_POINT('',(116.,91.,7.));
#1790 = B_SPLINE_CURVE_WITH_KNOTS('',1,(#1791,#1792),.UNSPECIFIED.,.F.,
  .F.,(2,2),(0.,1.),.PIECEWISE_BEZIER_KNOTS.);
#1791 = CARTESIAN_POINT('',(116.,4.,7.));
#1792 = CARTESIAN_POINT('',(116.,91.,7.));
#1793 = ORIENTED_EDGE('',*,*,#1794,.F.);
#1794 = EDGE_CURVE('',#1795,#1788,#1797,.T.);
#1795 = VERTEX_POINT('',#1796);
#1796 = CARTESIAN_POINT('',(81.,91.,7.));
#1797 = LINE('',#1798,#1799);
#1798 = CARTESIAN_POINT('',(4.,91.,7.));
#1799 = VECTOR('',#1800,1.);
#1800 = DIRECTION('',(1.,0.,0.));
#1801 = ORIENTED_EDGE('',*,*,#1802,.F.);
#1802 = EDGE_CURVE('',#1803,#1795,#1805,.T.);
#1803 = VERTEX_POINT('',#1804);
#1804 = CARTESIAN_POINT('',(81.,75.,7.));
#1805 = LINE('',#1806,#1807);
#1806 = CARTESIAN_POINT('',(81.,83.,7.));
#1807 = VECTOR('',#1808,1.);
#1808 = DIRECTION('',(-0.,1.,0.));
#1809 = ORIENTED_EDGE('',*,*,#1810,.T.);
#1810 = EDGE_CURVE('',#1803,#1811,#1813,.T.);
#1811 = VERTEX_POINT('',#1812);
#1812 = CARTESIAN_POINT('',(79.,75.,7.));
#1813 = LINE('',#1814,#1815);
#1814 = CARTESIAN_POINT('',(21.5,75.,7.));
#1815 = VECTOR('',#1816,1.);
#1816 = DIRECTION('',(-1.,-0.,0.));
#1817 = ORIENTED_EDGE('',*,*,#1818,.T.);
#1818 = EDGE_CURVE('',#1811,#1819,#1821,.T.);
#1819 = VERTEX_POINT('',#1820);
#1820 = CARTESIAN_POINT('',(41.,75.,7.));
#1821 = LINE('',#1822,#1823);
#1822 = CARTESIAN_POINT('',(22.5,75.,7.));
#1823 = VECTOR('',#1824,1.);
#1824 = DIRECTION('',(-1.,0.,0.));
#1825 = ORIENTED_EDGE('',*,*,#1826,.T.);
#1826 = EDGE_CURVE('',#1819,#1827,#1829,.T.);
#1827 = VERTEX_POINT('',#1828);
#1828 = CARTESIAN_POINT('',(39.,75.,7.));
#1829 = LINE('',#1830,#1831);
#1830 = CARTESIAN_POINT('',(21.5,75.,7.));
#1831 = VECTOR('',#1832,1.);
#1832 = DIRECTION('',(-1.,-0.,0.));
#1833 = ORIENTED_EDGE('',*,*,#1834,.T.);
#1834 = EDGE_CURVE('',#1827,#1835,#1837,.T.);
#1835 = VERTEX_POINT('',#1836);
#1836 = CARTESIAN_POINT('',(39.,91.,7.));
#1837 = LINE('',#1838,#1839);
#1838 = CARTESIAN_POINT('',(39.,83.,7.));
#1839 = VECTOR('',#1840,1.);
#1840 = DIRECTION('',(-0.,1.,0.));
#1841 = ORIENTED_EDGE('',*,*,#1842,.F.);
#1842 = EDGE_CURVE('',#1773,#1835,#1843,.T.);
#1843 = LINE('',#1844,#1845);
#1844 = CARTESIAN_POINT('',(4.,91.,7.));
#1845 = VECTOR('',#1846,1.);
#1846 = DIRECTION('',(1.,0.,0.));
#1847 = FACE_BOUND('',#1848,.F.);
#1848 = EDGE_LOOP('',(#1849));
#1849 = ORIENTED_EDGE('',*,*,#1850,.F.);
#1850 = EDGE_CURVE('',#1851,#1851,#1853,.T.);
#1851 = VERTEX_POINT('',#1852);
#1852 = CARTESIAN_POINT('',(9.8,8.,7.));
#1853 = CIRCLE('',#1854,1.8);
#1854 = AXIS2_PLACEMENT_3D('',#1855,#1856,#1857);
#1855 = CARTESIAN_POINT('',(8.,8.,7.));
#1856 = DIRECTION('',(0.,0.,1.));
#1857 = DIRECTION('',(1.,0.,0.));
#1858 = FACE_BOUND('',#1859,.F.);
#1859 = EDGE_LOOP('',(#1860,#1870,#1878,#1886));
#1860 = ORIENTED_EDGE('',*,*,#1861,.T.);
#1861 = EDGE_CURVE('',#1862,#1864,#1866,.T.);
#1862 = VERTEX_POINT('',#1863);
#1863 = CARTESIAN_POINT('',(26.5,16.5,7.));
#1864 = VERTEX_POINT('',#1865);
#1865 = CARTESIAN_POINT('',(9.5,16.5,7.));
#1866 = LINE('',#1867,#1868);
#1867 = CARTESIAN_POINT('',(6.75,16.5,7.));
#1868 = VECTOR('',#1869,1.);
#1869 = DIRECTION('',(-1.,0.,0.));
#1870 = ORIENTED_EDGE('',*,*,#1871,.T.);
#1871 = EDGE_CURVE('',#1864,#1872,#1874,.T.);
#1872 = VERTEX_POINT('',#1873);
#1873 = CARTESIAN_POINT('',(9.5,33.5,7.));
#1874 = LINE('',#1875,#1876);
#1875 = CARTESIAN_POINT('',(9.5,53.75,7.));
#1876 = VECTOR('',#1877,1.);
#1877 = DIRECTION('',(0.,1.,0.));
#1878 = ORIENTED_EDGE('',*,*,#1879,.F.);
#1879 = EDGE_CURVE('',#1880,#1872,#1882,.T.);
#1880 = VERTEX_POINT('',#1881);
#1881 = CARTESIAN_POINT('',(26.5,33.5,7.));
#1882 = LINE('',#1883,#1884);
#1883 = CARTESIAN_POINT('',(6.75,33.5,7.));
#1884 = VECTOR('',#1885,1.);
#1885 = DIRECTION('',(-1.,0.,0.));
#1886 = ORIENTED_EDGE('',*,*,#1887,.F.);
#1887 = EDGE_CURVE('',#1862,#1880,#1888,.T.);
#1888 = LINE('',#1889,#1890);
#1889 = CARTESIAN_POINT('',(26.5,53.75,7.));
#1890 = VECTOR('',#1891,1.);
#1891 = DIRECTION('',(0.,1.,0.));
#1892 = FACE_BOUND('',#1893,.F.);
#1893 = EDGE_LOOP('',(#1894,#1904,#1912,#1920));
#1894 = ORIENTED_EDGE('',*,*,#1895,.T.);
#1895 = EDGE_CURVE('',#1896,#1898,#1900,.T.);
#1896 = VERTEX_POINT('',#1897);
#1897 = CARTESIAN_POINT('',(47.5,16.5,7.));
#1898 = VERTEX_POINT('',#1899);
#1899 = CARTESIAN_POINT('',(30.5,16.5,7.));
#1900 = LINE('',#1901,#1902);
#1901 = CARTESIAN_POINT('',(17.25,16.5,7.));
#1902 = VECTOR('',#1903,1.);
#1903 = DIRECTION('',(-1.,0.,0.));
#1904 = ORIENTED_EDGE('',*,*,#1905,.T.);
#1905 = EDGE_CURVE('',#1898,#1906,#1908,.T.);
#1906 = VERTEX_POINT('',#1907);
#1907 = CARTESIAN_POINT('',(30.5,33.5,7.));
#1908 = LINE('',#1909,#1910);
#1909 = CARTESIAN_POINT('',(30.5,53.75,7.));
#1910 = VECTOR('',#1911,1.);
#1911 = DIRECTION('',(0.,1.,0.));
#1912 = ORIENTED_EDGE('',*,*,#1913,.F.);
#1913 = EDGE_CURVE('',#1914,#1906,#1916,.T.);
#1914 = VERTEX_POINT('',#1915);
#1915 = CARTESIAN_POINT('',(47.5,33.5,7.));
#1916 = LINE('',#1917,#1918);
#1917 = CARTESIAN_POINT('',(17.25,33.5,7.));
#1918 = VECTOR('',#1919,1.);
#1919 = DIRECTION('',(-1.,0.,0.));
#1920 = ORIENTED_EDGE('',*,*,#1921,.F.);
#1921 = EDGE_CURVE('',#1896,#1914,#1922,.T.);
#1922 = LINE('',#1923,#1924);
#1923 = CARTESIAN_POINT('',(47.5,53.75,7.));
#1924 = VECTOR('',#1925,1.);
#1925 = DIRECTION('',(0.,1.,0.));
#1926 = FACE_BOUND('',#1927,.F.);
#1927 = EDGE_LOOP('',(#1928,#1938,#1946,#1954));
#1928 = ORIENTED_EDGE('',*,*,#1929,.T.);
#1929 = EDGE_CURVE('',#1930,#1932,#1934,.T.);
#1930 = VERTEX_POINT('',#1931);
#1931 = CARTESIAN_POINT('',(26.5,35.5,7.));
#1932 = VERTEX_POINT('',#1933);
#1933 = CARTESIAN_POINT('',(9.5,35.5,7.));
#1934 = LINE('',#1935,#1936);
#1935 = CARTESIAN_POINT('',(6.75,35.5,7.));
#1936 = VECTOR('',#1937,1.);
#1937 = DIRECTION('',(-1.,0.,0.));
#1938 = ORIENTED_EDGE('',*,*,#1939,.T.);
#1939 = EDGE_CURVE('',#1932,#1940,#1942,.T.);
#1940 = VERTEX_POINT('',#1941);
#1941 = CARTESIAN_POINT('',(9.5,52.5,7.));
#1942 = LINE('',#1943,#1944);
#1943 = CARTESIAN_POINT('',(9.5,63.25,7.));
#1944 = VECTOR('',#1945,1.);
#1945 = DIRECTION('',(0.,1.,0.));
#1946 = ORIENTED_EDGE('',*,*,#1947,.F.);
#1947 = EDGE_CURVE('',#1948,#1940,#1950,.T.);
#1948 = VERTEX_POINT('',#1949);
#1949 = CARTESIAN_POINT('',(26.5,52.5,7.));
#1950 = LINE('',#1951,#1952);
#1951 = CARTESIAN_POINT('',(6.75,52.5,7.));
#1952 = VECTOR('',#1953,1.);
#1953 = DIRECTION('',(-1.,0.,0.));
#1954 = ORIENTED_EDGE('',*,*,#1955,.F.);
#1955 = EDGE_CURVE('',#1930,#1948,#1956,.T.);
#1956 = LINE('',#1957,#1958);
#1957 = CARTESIAN_POINT('',(26.5,63.25,7.));
#1958 = VECTOR('',#1959,1.);
#1959 = DIRECTION('',(0.,1.,0.));
#1960 = FACE_BOUND('',#1961,.F.);
#1961 = EDGE_LOOP('',(#1962,#1972,#1980,#1988));
#1962 = ORIENTED_EDGE('',*,*,#1963,.T.);
#1963 = EDGE_CURVE('',#1964,#1966,#1968,.T.);
#1964 = VERTEX_POINT('',#1965);
#1965 = CARTESIAN_POINT('',(47.5,35.5,7.));
#1966 = VERTEX_POINT('',#1967);
#1967 = CARTESIAN_POINT('',(30.5,35.5,7.));
#1968 = LINE('',#1969,#1970);
#1969 = CARTESIAN_POINT('',(17.25,35.5,7.));
#1970 = VECTOR('',#1971,1.);
#1971 = DIRECTION('',(-1.,0.,0.));
#1972 = ORIENTED_EDGE('',*,*,#1973,.T.);
#1973 = EDGE_CURVE('',#1966,#1974,#1976,.T.);
#1974 = VERTEX_POINT('',#1975);
#1975 = CARTESIAN_POINT('',(30.5,52.5,7.));
#1976 = LINE('',#1977,#1978);
#1977 = CARTESIAN_POINT('',(30.5,63.25,7.));
#1978 = VECTOR('',#1979,1.);
#1979 = DIRECTION('',(0.,1.,0.));
#1980 = ORIENTED_EDGE('',*,*,#1981,.F.);
#1981 = EDGE_CURVE('',#1982,#1974,#1984,.T.);
#1982 = VERTEX_POINT('',#1983);
#1983 = CARTESIAN_POINT('',(47.5,52.5,7.));
#1984 = LINE('',#1985,#1986);
#1985 = CARTESIAN_POINT('',(17.25,52.5,7.));
#1986 = VECTOR('',#1987,1.);
#1987 = DIRECTION('',(-1.,0.,0.));
#1988 = ORIENTED_EDGE('',*,*,#1989,.F.);
#1989 = EDGE_CURVE('',#1964,#1982,#1990,.T.);
#1990 = LINE('',#1991,#1992);
#1991 = CARTESIAN_POINT('',(47.5,63.25,7.));
#1992 = VECTOR('',#1993,1.);
#1993 = DIRECTION('',(0.,1.,0.));
#1994 = FACE_BOUND('',#1995,.F.);
#1995 = EDGE_LOOP('',(#1996,#2006,#2014,#2022));
#1996 = ORIENTED_EDGE('',*,*,#1997,.T.);
#1997 = EDGE_CURVE('',#1998,#2000,#2002,.T.);
#1998 = VERTEX_POINT('',#1999);
#1999 = CARTESIAN_POINT('',(68.5,16.5,7.));
#2000 = VERTEX_POINT('',#2001);
#2001 = CARTESIAN_POINT('',(51.5,16.5,7.));
#2002 = LINE('',#2003,#2004);
#2003 = CARTESIAN_POINT('',(27.75,16.5,7.));
#2004 = VECTOR('',#2005,1.);
#2005 = DIRECTION('',(-1.,0.,0.));
#2006 = ORIENTED_EDGE('',*,*,#2007,.T.);
#2007 = EDGE_CURVE('',#2000,#2008,#2010,.T.);
#2008 = VERTEX_POINT('',#2009);
#2009 = CARTESIAN_POINT('',(51.5,33.5,7.));
#2010 = LINE('',#2011,#2012);
#2011 = CARTESIAN_POINT('',(51.5,53.75,7.));
#2012 = VECTOR('',#2013,1.);
#2013 = DIRECTION('',(0.,1.,0.));
#2014 = ORIENTED_EDGE('',*,*,#2015,.F.);
#2015 = EDGE_CURVE('',#2016,#2008,#2018,.T.);
#2016 = VERTEX_POINT('',#2017);
#2017 = CARTESIAN_POINT('',(68.5,33.5,7.));
#2018 = LINE('',#2019,#2020);
#2019 = CARTESIAN_POINT('',(27.75,33.5,7.));
#2020 = VECTOR('',#2021,1.);
#2021 = DIRECTION('',(-1.,0.,0.));
#2022 = ORIENTED_EDGE('',*,*,#2023,.F.);
#2023 = EDGE_CURVE('',#1998,#2016,#2024,.T.);
#2024 = LINE('',#2025,#2026);
#2025 = CARTESIAN_POINT('',(68.5,53.75,7.));
#2026 = VECTOR('',#2027,1.);
#2027 = DIRECTION('',(0.,1.,0.));
#2028 = FACE_BOUND('',#2029,.F.);
#2029 = EDGE_LOOP('',(#2030,#2040,#2048,#2056));
#2030 = ORIENTED_EDGE('',*,*,#2031,.T.);
#2031 = EDGE_CURVE('',#2032,#2034,#2036,.T.);
#2032 = VERTEX_POINT('',#2033);
#2033 = CARTESIAN_POINT('',(89.5,16.5,7.));
#2034 = VERTEX_POINT('',#2035);
#2035 = CARTESIAN_POINT('',(72.5,16.5,7.));
#2036 = LINE('',#2037,#2038);
#2037 = CARTESIAN_POINT('',(38.25,16.5,7.));
#2038 = VECTOR('',#2039,1.);
#2039 = DIRECTION('',(-1.,0.,0.));
#2040 = ORIENTED_EDGE('',*,*,#2041,.T.);
#2041 = EDGE_CURVE('',#2034,#2042,#2044,.T.);
#2042 = VERTEX_POINT('',#2043);
#2043 = CARTESIAN_POINT('',(72.5,33.5,7.));
#2044 = LINE('',#2045,#2046);
#2045 = CARTESIAN_POINT('',(72.5,53.75,7.));
#2046 = VECTOR('',#2047,1.);
#2047 = DIRECTION('',(0.,1.,0.));
#2048 = ORIENTED_EDGE('',*,*,#2049,.F.);
#2049 = EDGE_CURVE('',#2050,#2042,#2052,.T.);
#2050 = VERTEX_POINT('',#2051);
#2051 = CARTESIAN_POINT('',(89.5,33.5,7.));
#2052 = LINE('',#2053,#2054);
#2053 = CARTESIAN_POINT('',(38.25,33.5,7.));
#2054 = VECTOR('',#2055,1.);
#2055 = DIRECTION('',(-1.,0.,0.));
#2056 = ORIENTED_EDGE('',*,*,#2057,.F.);
#2057 = EDGE_CURVE('',#2032,#2050,#2058,.T.);
#2058 = LINE('',#2059,#2060);
#2059 = CARTESIAN_POINT('',(89.5,53.75,7.));
#2060 = VECTOR('',#2061,1.);
#2061 = DIRECTION('',(0.,1.,0.));
#2062 = FACE_BOUND('',#2063,.F.);
#2063 = EDGE_LOOP('',(#2064));
#2064 = ORIENTED_EDGE('',*,*,#2065,.F.);
#2065 = EDGE_CURVE('',#2066,#2066,#2068,.T.);
#2066 = VERTEX_POINT('',#2067);
#2067 = CARTESIAN_POINT('',(113.8,8.,7.));
#2068 = CIRCLE('',#2069,1.8);
#2069 = AXIS2_PLACEMENT_3D('',#2070,#2071,#2072);
#2070 = CARTESIAN_POINT('',(112.,8.,7.));
#2071 = DIRECTION('',(0.,0.,1.));
#2072 = DIRECTION('',(1.,0.,0.));
#2073 = FACE_BOUND('',#2074,.F.);
#2074 = EDGE_LOOP('',(#2075,#2085,#2093,#2101));
#2075 = ORIENTED_EDGE('',*,*,#2076,.T.);
#2076 = EDGE_CURVE('',#2077,#2079,#2081,.T.);
#2077 = VERTEX_POINT('',#2078);
#2078 = CARTESIAN_POINT('',(68.5,35.5,7.));
#2079 = VERTEX_POINT('',#2080);
#2080 = CARTESIAN_POINT('',(51.5,35.5,7.));
#2081 = LINE('',#2082,#2083);
#2082 = CARTESIAN_POINT('',(27.75,35.5,7.));
#2083 = VECTOR('',#2084,1.);
#2084 = DIRECTION('',(-1.,0.,0.));
#2085 = ORIENTED_EDGE('',*,*,#2086,.T.);
#2086 = EDGE_CURVE('',#2079,#2087,#2089,.T.);
#2087 = VERTEX_POINT('',#2088);
#2088 = CARTESIAN_POINT('',(51.5,52.5,7.));
#2089 = LINE('',#2090,#2091);
#2090 = CARTESIAN_POINT('',(51.5,63.25,7.));
#2091 = VECTOR('',#2092,1.);
#2092 = DIRECTION('',(0.,1.,0.));
#2093 = ORIENTED_EDGE('',*,*,#2094,.F.);
#2094 = EDGE_CURVE('',#2095,#2087,#2097,.T.);
#2095 = VERTEX_POINT('',#2096);
#2096 = CARTESIAN_POINT('',(68.5,52.5,7.));
#2097 = LINE('',#2098,#2099);
#2098 = CARTESIAN_POINT('',(27.75,52.5,7.));
#2099 = VECTOR('',#2100,1.);
#2100 = DIRECTION('',(-1.,0.,0.));
#2101 = ORIENTED_EDGE('',*,*,#2102,.F.);
#2102 = EDGE_CURVE('',#2077,#2095,#2103,.T.);
#2103 = LINE('',#2104,#2105);
#2104 = CARTESIAN_POINT('',(68.5,63.25,7.));
#2105 = VECTOR('',#2106,1.);
#2106 = DIRECTION('',(0.,1.,0.));
#2107 = FACE_BOUND('',#2108,.F.);
#2108 = EDGE_LOOP('',(#2109,#2119,#2127,#2135));
#2109 = ORIENTED_EDGE('',*,*,#2110,.T.);
#2110 = EDGE_CURVE('',#2111,#2113,#2115,.T.);
#2111 = VERTEX_POINT('',#2112);
#2112 = CARTESIAN_POINT('',(89.5,35.5,7.));
#2113 = VERTEX_POINT('',#2114);
#2114 = CARTESIAN_POINT('',(72.5,35.5,7.));
#2115 = LINE('',#2116,#2117);
#2116 = CARTESIAN_POINT('',(38.25,35.5,7.));
#2117 = VECTOR('',#2118,1.);
#2118 = DIRECTION('',(-1.,0.,0.));
#2119 = ORIENTED_EDGE('',*,*,#2120,.T.);
#2120 = EDGE_CURVE('',#2113,#2121,#2123,.T.);
#2121 = VERTEX_POINT('',#2122);
#2122 = CARTESIAN_POINT('',(72.5,52.5,7.));
#2123 = LINE('',#2124,#2125);
#2124 = CARTESIAN_POINT('',(72.5,63.25,7.));
#2125 = VECTOR('',#2126,1.);
#2126 = DIRECTION('',(0.,1.,0.));
#2127 = ORIENTED_EDGE('',*,*,#2128,.F.);
#2128 = EDGE_CURVE('',#2129,#2121,#2131,.T.);
#2129 = VERTEX_POINT('',#2130);
#2130 = CARTESIAN_POINT('',(89.5,52.5,7.));
#2131 = LINE('',#2132,#2133);
#2132 = CARTESIAN_POINT('',(38.25,52.5,7.));
#2133 = VECTOR('',#2134,1.);
#2134 = DIRECTION('',(-1.,0.,0.));
#2135 = ORIENTED_EDGE('',*,*,#2136,.F.);
#2136 = EDGE_CURVE('',#2111,#2129,#2137,.T.);
#2137 = LINE('',#2138,#2139);
#2138 = CARTESIAN_POINT('',(89.5,63.25,7.));
#2139 = VECTOR('',#2140,1.);
#2140 = DIRECTION('',(0.,1.,0.));
#2141 = FACE_BOUND('',#2142,.F.);
#2142 = EDGE_LOOP('',(#2143,#2153,#2161,#2169));
#2143 = ORIENTED_EDGE('',*,*,#2144,.T.);
#2144 = EDGE_CURVE('',#2145,#2147,#2149,.T.);
#2145 = VERTEX_POINT('',#2146);
#2146 = CARTESIAN_POINT('',(26.5,54.5,7.));
#2147 = VERTEX_POINT('',#2148);
#2148 = CARTESIAN_POINT('',(9.5,54.5,7.));
#2149 = LINE('',#2150,#2151);
#2150 = CARTESIAN_POINT('',(6.75,54.5,7.));
#2151 = VECTOR('',#2152,1.);
#2152 = DIRECTION('',(-1.,0.,0.));
#2153 = ORIENTED_EDGE('',*,*,#2154,.T.);
#2154 = EDGE_CURVE('',#2147,#2155,#2157,.T.);
#2155 = VERTEX_POINT('',#2156);
#2156 = CARTESIAN_POINT('',(9.5,71.5,7.));
#2157 = LINE('',#2158,#2159);
#2158 = CARTESIAN_POINT('',(9.5,72.75,7.));
#2159 = VECTOR('',#2160,1.);
#2160 = DIRECTION('',(0.,1.,0.));
#2161 = ORIENTED_EDGE('',*,*,#2162,.F.);
#2162 = EDGE_CURVE('',#2163,#2155,#2165,.T.);
#2163 = VERTEX_POINT('',#2164);
#2164 = CARTESIAN_POINT('',(26.5,71.5,7.));
#2165 = LINE('',#2166,#2167);
#2166 = CARTESIAN_POINT('',(6.75,71.5,7.));
#2167 = VECTOR('',#2168,1.);
#2168 = DIRECTION('',(-1.,0.,0.));
#2169 = ORIENTED_EDGE('',*,*,#2170,.F.);
#2170 = EDGE_CURVE('',#2145,#2163,#2171,.T.);
#2171 = LINE('',#2172,#2173);
#2172 = CARTESIAN_POINT('',(26.5,72.75,7.));
#2173 = VECTOR('',#2174,1.);
#2174 = DIRECTION('',(0.,1.,0.));
#2175 = FACE_BOUND('',#2176,.F.);
#2176 = EDGE_LOOP('',(#2177,#2187,#2195,#2203));
#2177 = ORIENTED_EDGE('',*,*,#2178,.T.);
#2178 = EDGE_CURVE('',#2179,#2181,#2183,.T.);
#2179 = VERTEX_POINT('',#2180);
#2180 = CARTESIAN_POINT('',(47.5,54.5,7.));
#2181 = VERTEX_POINT('',#2182);
#2182 = CARTESIAN_POINT('',(30.5,54.5,7.));
#2183 = LINE('',#2184,#2185);
#2184 = CARTESIAN_POINT('',(17.25,54.5,7.));
#2185 = VECTOR('',#2186,1.);
#2186 = DIRECTION('',(-1.,0.,0.));
#2187 = ORIENTED_EDGE('',*,*,#2188,.T.);
#2188 = EDGE_CURVE('',#2181,#2189,#2191,.T.);
#2189 = VERTEX_POINT('',#2190);
#2190 = CARTESIAN_POINT('',(30.5,71.5,7.));
#2191 = LINE('',#2192,#2193);
#2192 = CARTESIAN_POINT('',(30.5,72.75,7.));
#2193 = VECTOR('',#2194,1.);
#2194 = DIRECTION('',(0.,1.,0.));
#2195 = ORIENTED_EDGE('',*,*,#2196,.F.);
#2196 = EDGE_CURVE('',#2197,#2189,#2199,.T.);
#2197 = VERTEX_POINT('',#2198);
#2198 = CARTESIAN_POINT('',(47.5,71.5,7.));
#2199 = LINE('',#2200,#2201);
#2200 = CARTESIAN_POINT('',(17.25,71.5,7.));
#2201 = VECTOR('',#2202,1.);
#2202 = DIRECTION('',(-1.,0.,0.));
#2203 = ORIENTED_EDGE('',*,*,#2204,.F.);
#2204 = EDGE_CURVE('',#2179,#2197,#2205,.T.);
#2205 = LINE('',#2206,#2207);
#2206 = CARTESIAN_POINT('',(47.5,72.75,7.));
#2207 = VECTOR('',#2208,1.);
#2208 = DIRECTION('',(0.,1.,0.));
#2209 = FACE_BOUND('',#2210,.F.);
#2210 = EDGE_LOOP('',(#2211));
#2211 = ORIENTED_EDGE('',*,*,#2212,.F.);
#2212 = EDGE_CURVE('',#2213,#2213,#2215,.T.);
#2213 = VERTEX_POINT('',#2214);
#2214 = CARTESIAN_POINT('',(9.8,87.,7.));
#2215 = CIRCLE('',#2216,1.8);
#2216 = AXIS2_PLACEMENT_3D('',#2217,#2218,#2219);
#2217 = CARTESIAN_POINT('',(8.,87.,7.));
#2218 = DIRECTION('',(0.,0.,1.));
#2219 = DIRECTION('',(1.,0.,0.));
#2220 = FACE_BOUND('',#2221,.F.);
#2221 = EDGE_LOOP('',(#2222,#2232,#2240,#2248));
#2222 = ORIENTED_EDGE('',*,*,#2223,.T.);
#2223 = EDGE_CURVE('',#2224,#2226,#2228,.T.);
#2224 = VERTEX_POINT('',#2225);
#2225 = CARTESIAN_POINT('',(68.5,54.5,7.));
#2226 = VERTEX_POINT('',#2227);
#2227 = CARTESIAN_POINT('',(51.5,54.5,7.));
#2228 = LINE('',#2229,#2230);
#2229 = CARTESIAN_POINT('',(27.75,54.5,7.));
#2230 = VECTOR('',#2231,1.);
#2231 = DIRECTION('',(-1.,0.,0.));
#2232 = ORIENTED_EDGE('',*,*,#2233,.T.);
#2233 = EDGE_CURVE('',#2226,#2234,#2236,.T.);
#2234 = VERTEX_POINT('',#2235);
#2235 = CARTESIAN_POINT('',(51.5,71.5,7.));
#2236 = LINE('',#2237,#2238);
#2237 = CARTESIAN_POINT('',(51.5,72.75,7.));
#2238 = VECTOR('',#2239,1.);
#2239 = DIRECTION('',(0.,1.,0.));
#2240 = ORIENTED_EDGE('',*,*,#2241,.F.);
#2241 = EDGE_CURVE('',#2242,#2234,#2244,.T.);
#2242 = VERTEX_POINT('',#2243);
#2243 = CARTESIAN_POINT('',(68.5,71.5,7.));
#2244 = LINE('',#2245,#2246);
#2245 = CARTESIAN_POINT('',(27.75,71.5,7.));
#2246 = VECTOR('',#2247,1.);
#2247 = DIRECTION('',(-1.,0.,0.));
#2248 = ORIENTED_EDGE('',*,*,#2249,.F.);
#2249 = EDGE_CURVE('',#2224,#2242,#2250,.T.);
#2250 = LINE('',#2251,#2252);
#2251 = CARTESIAN_POINT('',(68.5,72.75,7.));
#2252 = VECTOR('',#2253,1.);
#2253 = DIRECTION('',(0.,1.,0.));
#2254 = FACE_BOUND('',#2255,.F.);
#2255 = EDGE_LOOP('',(#2256,#2266,#2274,#2282));
#2256 = ORIENTED_EDGE('',*,*,#2257,.T.);
#2257 = EDGE_CURVE('',#2258,#2260,#2262,.T.);
#2258 = VERTEX_POINT('',#2259);
#2259 = CARTESIAN_POINT('',(89.5,54.5,7.));
#2260 = VERTEX_POINT('',#2261);
#2261 = CARTESIAN_POINT('',(72.5,54.5,7.));
#2262 = LINE('',#2263,#2264);
#2263 = CARTESIAN_POINT('',(38.25,54.5,7.));
#2264 = VECTOR('',#2265,1.);
#2265 = DIRECTION('',(-1.,0.,0.));
#2266 = ORIENTED_EDGE('',*,*,#2267,.T.);
#2267 = EDGE_CURVE('',#2260,#2268,#2270,.T.);
#2268 = VERTEX_POINT('',#2269);
#2269 = CARTESIAN_POINT('',(72.5,71.5,7.));
#2270 = LINE('',#2271,#2272);
#2271 = CARTESIAN_POINT('',(72.5,72.75,7.));
#2272 = VECTOR('',#2273,1.);
#2273 = DIRECTION('',(0.,1.,0.));
#2274 = ORIENTED_EDGE('',*,*,#2275,.F.);
#2275 = EDGE_CURVE('',#2276,#2268,#2278,.T.);
#2276 = VERTEX_POINT('',#2277);
#2277 = CARTESIAN_POINT('',(89.5,71.5,7.));
#2278 = LINE('',#2279,#2280);
#2279 = CARTESIAN_POINT('',(38.25,71.5,7.));
#2280 = VECTOR('',#2281,1.);
#2281 = DIRECTION('',(-1.,0.,0.));
#2282 = ORIENTED_EDGE('',*,*,#2283,.F.);
#2283 = EDGE_CURVE('',#2258,#2276,#2284,.T.);
#2284 = LINE('',#2285,#2286);
#2285 = CARTESIAN_POINT('',(89.5,72.75,7.));
#2286 = VECTOR('',#2287,1.);
#2287 = DIRECTION('',(0.,1.,0.));
#2288 = FACE_BOUND('',#2289,.F.);
#2289 = EDGE_LOOP('',(#2290));
#2290 = ORIENTED_EDGE('',*,*,#2291,.F.);
#2291 = EDGE_CURVE('',#2292,#2292,#2294,.T.);
#2292 = VERTEX_POINT('',#2293);
#2293 = CARTESIAN_POINT('',(113.8,87.,7.));
#2294 = CIRCLE('',#2295,1.8);
#2295 = AXIS2_PLACEMENT_3D('',#2296,#2297,#2298);
#2296 = CARTESIAN_POINT('',(112.,87.,7.));
#2297 = DIRECTION('',(0.,0.,1.));
#2298 = DIRECTION('',(1.,0.,0.));
#2299 = PLANE('',#2300);
#2300 = AXIS2_PLACEMENT_3D('',#2301,#2302,#2303);
#2301 = CARTESIAN_POINT('',(4.,91.,7.));
#2302 = DIRECTION('',(0.,0.,1.));
#2303 = DIRECTION('',(1.,0.,0.));
#2304 = ADVANCED_FACE('',(#2305),#2329,.F.);
#2305 = FACE_BOUND('',#2306,.F.);
#2306 = EDGE_LOOP('',(#2307,#2315,#2316,#2324));
#2307 = ORIENTED_EDGE('',*,*,#2308,.T.);
#2308 = EDGE_CURVE('',#2309,#1771,#2311,.T.);
#2309 = VERTEX_POINT('',#2310);
#2310 = CARTESIAN_POINT('',(4.,4.,10.));
#2311 = LINE('',#2312,#2313);
#2312 = CARTESIAN_POINT('',(4.,4.,10.));
#2313 = VECTOR('',#2314,1.);
#2314 = DIRECTION('',(0.,0.,-1.));
#2315 = ORIENTED_EDGE('',*,*,#1770,.T.);
#2316 = ORIENTED_EDGE('',*,*,#2317,.F.);
#2317 = EDGE_CURVE('',#2318,#1773,#2320,.T.);
#2318 = VERTEX_POINT('',#2319);
#2319 = CARTESIAN_POINT('',(4.,91.,18.));
#2320 = LINE('',#2321,#2322);
#2321 = CARTESIAN_POINT('',(4.,91.,18.));
#2322 = VECTOR('',#2323,1.);
#2323 = DIRECTION('',(0.,0.,-1.));
#2324 = ORIENTED_EDGE('',*,*,#2325,.F.);
#2325 = EDGE_CURVE('',#2309,#2318,#2326,.T.);
#2326 = B_SPLINE_CURVE_WITH_KNOTS('',1,(#2327,#2328),.UNSPECIFIED.,.F.,
  .F.,(2,2),(0.,1.),.PIECEWISE_BEZIER_KNOTS.);
#2327 = CARTESIAN_POINT('',(4.,4.,10.));
#2328 = CARTESIAN_POINT('',(4.,91.,18.));
#2329 = B_SPLINE_SURFACE_WITH_KNOTS('',1,1,(
    (#2330,#2331)
    ,(#2332,#2333
    )),.UNSPECIFIED.,.F.,.F.,.F.,(2,2),(2,2),(0.,11.),(0.,1.),
  .PIECEWISE_BEZIER_KNOTS.);
#2330 = CARTESIAN_POINT('',(4.,4.,10.));
#2331 = CARTESIAN_POINT('',(4.,91.,18.));
#2332 = CARTESIAN_POINT('',(4.,4.,7.));
#2333 = CARTESIAN_POINT('',(4.,91.,7.));
#2334 = ADVANCED_FACE('',(#2335),#2353,.T.);
#2335 = FACE_BOUND('',#2336,.T.);
#2336 = EDGE_LOOP('',(#2337,#2338,#2339,#2347));
#2337 = ORIENTED_EDGE('',*,*,#1842,.F.);
#2338 = ORIENTED_EDGE('',*,*,#2317,.F.);
#2339 = ORIENTED_EDGE('',*,*,#2340,.F.);
#2340 = EDGE_CURVE('',#2341,#2318,#2343,.T.);
#2341 = VERTEX_POINT('',#2342);
#2342 = CARTESIAN_POINT('',(39.,91.,18.));
#2343 = LINE('',#2344,#2345);
#2344 = CARTESIAN_POINT('',(116.,91.,18.));
#2345 = VECTOR('',#2346,1.);
#2346 = DIRECTION('',(-1.,0.,0.));
#2347 = ORIENTED_EDGE('',*,*,#2348,.F.);
#2348 = EDGE_CURVE('',#1835,#2341,#2349,.T.);
#2349 = LINE('',#2350,#2351);
#2350 = CARTESIAN_POINT('',(39.,91.,5.));
#2351 = VECTOR('',#2352,1.);
#2352 = DIRECTION('',(0.,0.,1.));
#2353 = PLANE('',#2354);
#2354 = AXIS2_PLACEMENT_3D('',#2355,#2356,#2357);
#2355 = CARTESIAN_POINT('',(4.,91.,7.));
#2356 = DIRECTION('',(0.,1.,0.));
#2357 = DIRECTION('',(0.995211591236,0.,9.774399556782E-02));
#2358 = ADVANCED_FACE('',(#2359),#2377,.T.);
#2359 = FACE_BOUND('',#2360,.T.);
#2360 = EDGE_LOOP('',(#2361,#2369,#2370,#2371));
#2361 = ORIENTED_EDGE('',*,*,#2362,.F.);
#2362 = EDGE_CURVE('',#1827,#2363,#2365,.T.);
#2363 = VERTEX_POINT('',#2364);
#2364 = CARTESIAN_POINT('',(39.,75.,16.528735632184));
#2365 = LINE('',#2366,#2367);
#2366 = CARTESIAN_POINT('',(39.,75.,5.));
#2367 = VECTOR('',#2368,1.);
#2368 = DIRECTION('',(0.,0.,1.));
#2369 = ORIENTED_EDGE('',*,*,#1834,.T.);
#2370 = ORIENTED_EDGE('',*,*,#2348,.T.);
#2371 = ORIENTED_EDGE('',*,*,#2372,.T.);
#2372 = EDGE_CURVE('',#2341,#2363,#2373,.T.);
#2373 = LINE('',#2374,#2375);
#2374 = CARTESIAN_POINT('',(39.,82.47438752784,17.216035634744));
#2375 = VECTOR('',#2376,1.);
#2376 = DIRECTION('',(0.,-0.99579885237,-9.15677105628E-02));
#2377 = PLANE('',#2378);
#2378 = AXIS2_PLACEMENT_3D('',#2379,#2380,#2381);
#2379 = CARTESIAN_POINT('',(39.,75.,5.));
#2380 = DIRECTION('',(1.,0.,-0.));
#2381 = DIRECTION('',(0.,0.,1.));
#2382 = ADVANCED_FACE('',(#2383),#2401,.T.);
#2383 = FACE_BOUND('',#2384,.T.);
#2384 = EDGE_LOOP('',(#2385,#2386,#2387,#2395));
#2385 = ORIENTED_EDGE('',*,*,#1826,.T.);
#2386 = ORIENTED_EDGE('',*,*,#2362,.T.);
#2387 = ORIENTED_EDGE('',*,*,#2388,.T.);
#2388 = EDGE_CURVE('',#2363,#2389,#2391,.T.);
#2389 = VERTEX_POINT('',#2390);
#2390 = CARTESIAN_POINT('',(41.,75.,16.528735632184));
#2391 = LINE('',#2392,#2393);
#2392 = CARTESIAN_POINT('',(77.5,75.,16.528735632184));
#2393 = VECTOR('',#2394,1.);
#2394 = DIRECTION('',(1.,0.,0.));
#2395 = ORIENTED_EDGE('',*,*,#2396,.F.);
#2396 = EDGE_CURVE('',#1819,#2389,#2397,.T.);
#2397 = LINE('',#2398,#2399);
#2398 = CARTESIAN_POINT('',(41.,75.,5.));
#2399 = VECTOR('',#2400,1.);
#2400 = DIRECTION('',(0.,0.,1.));
#2401 = PLANE('',#2402);
#2402 = AXIS2_PLACEMENT_3D('',#2403,#2404,#2405);
#2403 = CARTESIAN_POINT('',(39.,75.,5.));
#2404 = DIRECTION('',(-0.,1.,0.));
#2405 = DIRECTION('',(0.,0.,1.));
#2406 = ADVANCED_FACE('',(#2407),#2425,.T.);
#2407 = FACE_BOUND('',#2408,.T.);
#2408 = EDGE_LOOP('',(#2409,#2417,#2418,#2419));
#2409 = ORIENTED_EDGE('',*,*,#2410,.F.);
#2410 = EDGE_CURVE('',#1811,#2411,#2413,.T.);
#2411 = VERTEX_POINT('',#2412);
#2412 = CARTESIAN_POINT('',(79.,75.,16.528735632184));
#2413 = LINE('',#2414,#2415);
#2414 = CARTESIAN_POINT('',(79.,75.,5.));
#2415 = VECTOR('',#2416,1.);
#2416 = DIRECTION('',(0.,0.,1.));
#2417 = ORIENTED_EDGE('',*,*,#1818,.T.);
#2418 = ORIENTED_EDGE('',*,*,#2396,.T.);
#2419 = ORIENTED_EDGE('',*,*,#2420,.T.);
#2420 = EDGE_CURVE('',#2389,#2411,#2421,.T.);
#2421 = LINE('',#2422,#2423);
#2422 = CARTESIAN_POINT('',(78.5,75.,16.528735632184));
#2423 = VECTOR('',#2424,1.);
#2424 = DIRECTION('',(1.,0.,0.));
#2425 = PLANE('',#2426);
#2426 = AXIS2_PLACEMENT_3D('',#2427,#2428,#2429);
#2427 = CARTESIAN_POINT('',(41.,75.,5.));
#2428 = DIRECTION('',(0.,1.,0.));
#2429 = DIRECTION('',(0.,0.,1.));
#2430 = ADVANCED_FACE('',(#2431),#2449,.T.);
#2431 = FACE_BOUND('',#2432,.T.);
#2432 = EDGE_LOOP('',(#2433,#2441,#2442,#2443));
#2433 = ORIENTED_EDGE('',*,*,#2434,.F.);
#2434 = EDGE_CURVE('',#1803,#2435,#2437,.T.);
#2435 = VERTEX_POINT('',#2436);
#2436 = CARTESIAN_POINT('',(81.,75.,16.528735632184));
#2437 = LINE('',#2438,#2439);
#2438 = CARTESIAN_POINT('',(81.,75.,5.));
#2439 = VECTOR('',#2440,1.);
#2440 = DIRECTION('',(0.,0.,1.));
#2441 = ORIENTED_EDGE('',*,*,#1810,.T.);
#2442 = ORIENTED_EDGE('',*,*,#2410,.T.);
#2443 = ORIENTED_EDGE('',*,*,#2444,.T.);
#2444 = EDGE_CURVE('',#2411,#2435,#2445,.T.);
#2445 = LINE('',#2446,#2447);
#2446 = CARTESIAN_POINT('',(77.5,75.,16.528735632184));
#2447 = VECTOR('',#2448,1.);
#2448 = DIRECTION('',(1.,0.,0.));
#2449 = PLANE('',#2450);
#2450 = AXIS2_PLACEMENT_3D('',#2451,#2452,#2453);
#2451 = CARTESIAN_POINT('',(39.,75.,5.));
#2452 = DIRECTION('',(-0.,1.,0.));
#2453 = DIRECTION('',(0.,0.,1.));
#2454 = ADVANCED_FACE('',(#2455),#2473,.F.);
#2455 = FACE_BOUND('',#2456,.F.);
#2456 = EDGE_LOOP('',(#2457,#2458,#2459,#2467));
#2457 = ORIENTED_EDGE('',*,*,#2434,.F.);
#2458 = ORIENTED_EDGE('',*,*,#1802,.T.);
#2459 = ORIENTED_EDGE('',*,*,#2460,.T.);
#2460 = EDGE_CURVE('',#1795,#2461,#2463,.T.);
#2461 = VERTEX_POINT('',#2462);
#2462 = CARTESIAN_POINT('',(81.,91.,18.));
#2463 = LINE('',#2464,#2465);
#2464 = CARTESIAN_POINT('',(81.,91.,5.));
#2465 = VECTOR('',#2466,1.);
#2466 = DIRECTION('',(0.,0.,1.));
#2467 = ORIENTED_EDGE('',*,*,#2468,.T.);
#2468 = EDGE_CURVE('',#2461,#2435,#2469,.T.);
#2469 = LINE('',#2470,#2471);
#2470 = CARTESIAN_POINT('',(81.,82.47438752784,17.216035634744));
#2471 = VECTOR('',#2472,1.);
#2472 = DIRECTION('',(0.,-0.99579885237,-9.15677105628E-02));
#2473 = PLANE('',#2474);
#2474 = AXIS2_PLACEMENT_3D('',#2475,#2476,#2477);
#2475 = CARTESIAN_POINT('',(81.,75.,5.));
#2476 = DIRECTION('',(1.,0.,-0.));
#2477 = DIRECTION('',(0.,0.,1.));
#2478 = ADVANCED_FACE('',(#2479),#2497,.T.);
#2479 = FACE_BOUND('',#2480,.T.);
#2480 = EDGE_LOOP('',(#2481,#2482,#2483,#2491));
#2481 = ORIENTED_EDGE('',*,*,#1794,.F.);
#2482 = ORIENTED_EDGE('',*,*,#2460,.T.);
#2483 = ORIENTED_EDGE('',*,*,#2484,.F.);
#2484 = EDGE_CURVE('',#2485,#2461,#2487,.T.);
#2485 = VERTEX_POINT('',#2486);
#2486 = CARTESIAN_POINT('',(116.,91.,18.));
#2487 = LINE('',#2488,#2489);
#2488 = CARTESIAN_POINT('',(116.,91.,18.));
#2489 = VECTOR('',#2490,1.);
#2490 = DIRECTION('',(-1.,0.,0.));
#2491 = ORIENTED_EDGE('',*,*,#2492,.F.);
#2492 = EDGE_CURVE('',#1788,#2485,#2493,.T.);
#2493 = LINE('',#2494,#2495);
#2494 = CARTESIAN_POINT('',(116.,91.,7.));
#2495 = VECTOR('',#2496,1.);
#2496 = DIRECTION('',(0.,0.,1.));
#2497 = PLANE('',#2498);
#2498 = AXIS2_PLACEMENT_3D('',#2499,#2500,#2501);
#2499 = CARTESIAN_POINT('',(4.,91.,7.));
#2500 = DIRECTION('',(0.,1.,0.));
#2501 = DIRECTION('',(0.995211591236,0.,9.774399556782E-02));
#2502 = ADVANCED_FACE('',(#2503),#2520,.F.);
#2503 = FACE_BOUND('',#2504,.F.);
#2504 = EDGE_LOOP('',(#2505,#2513,#2518,#2519));
#2505 = ORIENTED_EDGE('',*,*,#2506,.T.);
#2506 = EDGE_CURVE('',#1780,#2507,#2509,.T.);
#2507 = VERTEX_POINT('',#2508);
#2508 = CARTESIAN_POINT('',(116.,4.,10.));
#2509 = LINE('',#2510,#2511);
#2510 = CARTESIAN_POINT('',(116.,4.,7.));
#2511 = VECTOR('',#2512,1.);
#2512 = DIRECTION('',(0.,0.,1.));
#2513 = ORIENTED_EDGE('',*,*,#2514,.T.);
#2514 = EDGE_CURVE('',#2507,#2485,#2515,.T.);
#2515 = B_SPLINE_CURVE_WITH_KNOTS('',1,(#2516,#2517),.UNSPECIFIED.,.F.,
  .F.,(2,2),(0.,1.),.PIECEWISE_BEZIER_KNOTS.);
#2516 = CARTESIAN_POINT('',(116.,4.,10.));
#2517 = CARTESIAN_POINT('',(116.,91.,18.));
#2518 = ORIENTED_EDGE('',*,*,#2492,.F.);
#2519 = ORIENTED_EDGE('',*,*,#1787,.F.);
#2520 = B_SPLINE_SURFACE_WITH_KNOTS('',1,1,(
    (#2521,#2522)
    ,(#2523,#2524
    )),.UNSPECIFIED.,.F.,.F.,.F.,(2,2),(2,2),(0.,11.),(0.,1.),
  .PIECEWISE_BEZIER_KNOTS.);
#2521 = CARTESIAN_POINT('',(116.,4.,7.));
#2522 = CARTESIAN_POINT('',(116.,91.,7.));
#2523 = CARTESIAN_POINT('',(116.,4.,10.));
#2524 = CARTESIAN_POINT('',(116.,91.,18.));
#2525 = ADVANCED_FACE('',(#2526),#2537,.F.);
#2526 = FACE_BOUND('',#2527,.T.);
#2527 = EDGE_LOOP('',(#2528,#2529,#2530,#2536));
#2528 = ORIENTED_EDGE('',*,*,#1779,.T.);
#2529 = ORIENTED_EDGE('',*,*,#2506,.T.);
#2530 = ORIENTED_EDGE('',*,*,#2531,.T.);
#2531 = EDGE_CURVE('',#2507,#2309,#2532,.T.);
#2532 = LINE('',#2533,#2534);
#2533 = CARTESIAN_POINT('',(116.,4.,10.));
#2534 = VECTOR('',#2535,1.);
#2535 = DIRECTION('',(-1.,0.,0.));
#2536 = ORIENTED_EDGE('',*,*,#2308,.T.);
#2537 = PLANE('',#2538);
#2538 = AXIS2_PLACEMENT_3D('',#2539,#2540,#2541);
#2539 = CARTESIAN_POINT('',(4.,4.,7.));
#2540 = DIRECTION('',(0.,1.,0.));
#2541 = DIRECTION('',(0.999641455678,0.,2.677611041996E-02));
#2542 = ADVANCED_FACE('',(#2543),#2562,.F.);
#2543 = FACE_BOUND('',#2544,.F.);
#2544 = EDGE_LOOP('',(#2545,#2554,#2560,#2561));
#2545 = ORIENTED_EDGE('',*,*,#2546,.T.);
#2546 = EDGE_CURVE('',#2547,#2547,#2549,.T.);
#2547 = VERTEX_POINT('',#2548);
#2548 = CARTESIAN_POINT('',(9.8,8.,10.367816091954));
#2549 = ELLIPSE('',#2550,1.807593969119,1.8);
#2550 = AXIS2_PLACEMENT_3D('',#2551,#2552,#2553);
#2551 = CARTESIAN_POINT('',(8.,8.,10.367816091954));
#2552 = DIRECTION('',(0.,9.15677105628E-02,-0.99579885237));
#2553 = DIRECTION('',(0.,0.99579885237,9.15677105628E-02));
#2554 = ORIENTED_EDGE('',*,*,#2555,.F.);
#2555 = EDGE_CURVE('',#1851,#2547,#2556,.T.);
#2556 = LINE('',#2557,#2558);
#2557 = CARTESIAN_POINT('',(9.8,8.,0.));
#2558 = VECTOR('',#2559,1.);
#2559 = DIRECTION('',(0.,0.,1.));
#2560 = ORIENTED_EDGE('',*,*,#1850,.T.);
#2561 = ORIENTED_EDGE('',*,*,#2555,.T.);
#2562 = CYLINDRICAL_SURFACE('',#2563,1.8);
#2563 = AXIS2_PLACEMENT_3D('',#2564,#2565,#2566);
#2564 = CARTESIAN_POINT('',(8.,8.,0.));
#2565 = DIRECTION('',(0.,0.,1.));
#2566 = DIRECTION('',(1.,0.,0.));
#2567 = ADVANCED_FACE('',(#2568),#2593,.T.);
#2568 = FACE_BOUND('',#2569,.T.);
#2569 = EDGE_LOOP('',(#2570,#2578,#2579,#2587));
#2570 = ORIENTED_EDGE('',*,*,#2571,.F.);
#2571 = EDGE_CURVE('',#1862,#2572,#2574,.T.);
#2572 = VERTEX_POINT('',#2573);
#2573 = CARTESIAN_POINT('',(26.5,16.5,11.149425287356));
#2574 = LINE('',#2575,#2576);
#2575 = CARTESIAN_POINT('',(26.5,16.5,3.));
#2576 = VECTOR('',#2577,1.);
#2577 = DIRECTION('',(0.,0.,1.));
#2578 = ORIENTED_EDGE('',*,*,#1861,.T.);
#2579 = ORIENTED_EDGE('',*,*,#2580,.T.);
#2580 = EDGE_CURVE('',#1864,#2581,#2583,.T.);
#2581 = VERTEX_POINT('',#2582);
#2582 = CARTESIAN_POINT('',(9.5,16.5,11.149425287356));
#2583 = LINE('',#2584,#2585);
#2584 = CARTESIAN_POINT('',(9.5,16.5,3.));
#2585 = VECTOR('',#2586,1.);
#2586 = DIRECTION('',(0.,0.,1.));
#2587 = ORIENTED_EDGE('',*,*,#2588,.T.);
#2588 = EDGE_CURVE('',#2581,#2572,#2589,.T.);
#2589 = LINE('',#2590,#2591);
#2590 = CARTESIAN_POINT('',(62.75,16.5,11.149425287356));
#2591 = VECTOR('',#2592,1.);
#2592 = DIRECTION('',(1.,0.,0.));
#2593 = PLANE('',#2594);
#2594 = AXIS2_PLACEMENT_3D('',#2595,#2596,#2597);
#2595 = CARTESIAN_POINT('',(9.5,16.5,3.));
#2596 = DIRECTION('',(0.,1.,0.));
#2597 = DIRECTION('',(0.,0.,1.));
#2598 = ADVANCED_FACE('',(#2599),#2617,.F.);
#2599 = FACE_BOUND('',#2600,.F.);
#2600 = EDGE_LOOP('',(#2601,#2602,#2603,#2611));
#2601 = ORIENTED_EDGE('',*,*,#2571,.F.);
#2602 = ORIENTED_EDGE('',*,*,#1887,.T.);
#2603 = ORIENTED_EDGE('',*,*,#2604,.T.);
#2604 = EDGE_CURVE('',#1880,#2605,#2607,.T.);
#2605 = VERTEX_POINT('',#2606);
#2606 = CARTESIAN_POINT('',(26.5,33.5,12.712643678161));
#2607 = LINE('',#2608,#2609);
#2608 = CARTESIAN_POINT('',(26.5,33.5,3.));
#2609 = VECTOR('',#2610,1.);
#2610 = DIRECTION('',(0.,0.,1.));
#2611 = ORIENTED_EDGE('',*,*,#2612,.T.);
#2612 = EDGE_CURVE('',#2605,#2572,#2613,.T.);
#2613 = LINE('',#2614,#2615);
#2614 = CARTESIAN_POINT('',(26.5,53.378455391065,14.540547622167));
#2615 = VECTOR('',#2616,1.);
#2616 = DIRECTION('',(0.,-0.99579885237,-9.15677105628E-02));
#2617 = PLANE('',#2618);
#2618 = AXIS2_PLACEMENT_3D('',#2619,#2620,#2621);
#2619 = CARTESIAN_POINT('',(26.5,16.5,3.));
#2620 = DIRECTION('',(1.,0.,0.));
#2621 = DIRECTION('',(0.,0.,1.));
#2622 = ADVANCED_FACE('',(#2623),#2641,.T.);
#2623 = FACE_BOUND('',#2624,.T.);
#2624 = EDGE_LOOP('',(#2625,#2626,#2627,#2635));
#2625 = ORIENTED_EDGE('',*,*,#2580,.F.);
#2626 = ORIENTED_EDGE('',*,*,#1871,.T.);
#2627 = ORIENTED_EDGE('',*,*,#2628,.T.);
#2628 = EDGE_CURVE('',#1872,#2629,#2631,.T.);
#2629 = VERTEX_POINT('',#2630);
#2630 = CARTESIAN_POINT('',(9.5,33.5,12.712643678161));
#2631 = LINE('',#2632,#2633);
#2632 = CARTESIAN_POINT('',(9.5,33.5,3.));
#2633 = VECTOR('',#2634,1.);
#2634 = DIRECTION('',(0.,0.,1.));
#2635 = ORIENTED_EDGE('',*,*,#2636,.T.);
#2636 = EDGE_CURVE('',#2629,#2581,#2637,.T.);
#2637 = LINE('',#2638,#2639);
#2638 = CARTESIAN_POINT('',(9.5,53.378455391065,14.540547622167));
#2639 = VECTOR('',#2640,1.);
#2640 = DIRECTION('',(0.,-0.99579885237,-9.15677105628E-02));
#2641 = PLANE('',#2642);
#2642 = AXIS2_PLACEMENT_3D('',#2643,#2644,#2645);
#2643 = CARTESIAN_POINT('',(9.5,16.5,3.));
#2644 = DIRECTION('',(1.,0.,0.));
#2645 = DIRECTION('',(0.,0.,1.));
#2646 = ADVANCED_FACE('',(#2647),#2658,.F.);
#2647 = FACE_BOUND('',#2648,.F.);
#2648 = EDGE_LOOP('',(#2649,#2650,#2651,#2652));
#2649 = ORIENTED_EDGE('',*,*,#2604,.F.);
#2650 = ORIENTED_EDGE('',*,*,#1879,.T.);
#2651 = ORIENTED_EDGE('',*,*,#2628,.T.);
#2652 = ORIENTED_EDGE('',*,*,#2653,.T.);
#2653 = EDGE_CURVE('',#2629,#2605,#2654,.T.);
#2654 = LINE('',#2655,#2656);
#2655 = CARTESIAN_POINT('',(62.75,33.5,12.712643678161));
#2656 = VECTOR('',#2657,1.);
#2657 = DIRECTION('',(1.,0.,0.));
#2658 = PLANE('',#2659);
#2659 = AXIS2_PLACEMENT_3D('',#2660,#2661,#2662);
#2660 = CARTESIAN_POINT('',(9.5,33.5,3.));
#2661 = DIRECTION('',(0.,1.,0.));
#2662 = DIRECTION('',(0.,0.,1.));
#2663 = ADVANCED_FACE('',(#2664),#2689,.T.);
#2664 = FACE_BOUND('',#2665,.T.);
#2665 = EDGE_LOOP('',(#2666,#2674,#2675,#2683));
#2666 = ORIENTED_EDGE('',*,*,#2667,.F.);
#2667 = EDGE_CURVE('',#1896,#2668,#2670,.T.);
#2668 = VERTEX_POINT('',#2669);
#2669 = CARTESIAN_POINT('',(47.5,16.5,11.149425287356));
#2670 = LINE('',#2671,#2672);
#2671 = CARTESIAN_POINT('',(47.5,16.5,3.));
#2672 = VECTOR('',#2673,1.);
#2673 = DIRECTION('',(0.,0.,1.));
#2674 = ORIENTED_EDGE('',*,*,#1895,.T.);
#2675 = ORIENTED_EDGE('',*,*,#2676,.T.);
#2676 = EDGE_CURVE('',#1898,#2677,#2679,.T.);
#2677 = VERTEX_POINT('',#2678);
#2678 = CARTESIAN_POINT('',(30.5,16.5,11.149425287356));
#2679 = LINE('',#2680,#2681);
#2680 = CARTESIAN_POINT('',(30.5,16.5,3.));
#2681 = VECTOR('',#2682,1.);
#2682 = DIRECTION('',(0.,0.,1.));
#2683 = ORIENTED_EDGE('',*,*,#2684,.T.);
#2684 = EDGE_CURVE('',#2677,#2668,#2685,.T.);
#2685 = LINE('',#2686,#2687);
#2686 = CARTESIAN_POINT('',(73.25,16.5,11.149425287356));
#2687 = VECTOR('',#2688,1.);
#2688 = DIRECTION('',(1.,0.,0.));
#2689 = PLANE('',#2690);
#2690 = AXIS2_PLACEMENT_3D('',#2691,#2692,#2693);
#2691 = CARTESIAN_POINT('',(30.5,16.5,3.));
#2692 = DIRECTION('',(0.,1.,0.));
#2693 = DIRECTION('',(0.,0.,1.));
#2694 = ADVANCED_FACE('',(#2695),#2713,.F.);
#2695 = FACE_BOUND('',#2696,.F.);
#2696 = EDGE_LOOP('',(#2697,#2698,#2699,#2707));
#2697 = ORIENTED_EDGE('',*,*,#2667,.F.);
#2698 = ORIENTED_EDGE('',*,*,#1921,.T.);
#2699 = ORIENTED_EDGE('',*,*,#2700,.T.);
#2700 = EDGE_CURVE('',#1914,#2701,#2703,.T.);
#2701 = VERTEX_POINT('',#2702);
#2702 = CARTESIAN_POINT('',(47.5,33.5,12.712643678161));
#2703 = LINE('',#2704,#2705);
#2704 = CARTESIAN_POINT('',(47.5,33.5,3.));
#2705 = VECTOR('',#2706,1.);
#2706 = DIRECTION('',(0.,0.,1.));
#2707 = ORIENTED_EDGE('',*,*,#2708,.T.);
#2708 = EDGE_CURVE('',#2701,#2668,#2709,.T.);
#2709 = LINE('',#2710,#2711);
#2710 = CARTESIAN_POINT('',(47.5,53.378455391065,14.540547622167));
#2711 = VECTOR('',#2712,1.);
#2712 = DIRECTION('',(0.,-0.99579885237,-9.15677105628E-02));
#2713 = PLANE('',#2714);
#2714 = AXIS2_PLACEMENT_3D('',#2715,#2716,#2717);
#2715 = CARTESIAN_POINT('',(47.5,16.5,3.));
#2716 = DIRECTION('',(1.,0.,0.));
#2717 = DIRECTION('',(0.,0.,1.));
#2718 = ADVANCED_FACE('',(#2719),#2737,.T.);
#2719 = FACE_BOUND('',#2720,.T.);
#2720 = EDGE_LOOP('',(#2721,#2722,#2723,#2731));
#2721 = ORIENTED_EDGE('',*,*,#2676,.F.);
#2722 = ORIENTED_EDGE('',*,*,#1905,.T.);
#2723 = ORIENTED_EDGE('',*,*,#2724,.T.);
#2724 = EDGE_CURVE('',#1906,#2725,#2727,.T.);
#2725 = VERTEX_POINT('',#2726);
#2726 = CARTESIAN_POINT('',(30.5,33.5,12.712643678161));
#2727 = LINE('',#2728,#2729);
#2728 = CARTESIAN_POINT('',(30.5,33.5,3.));
#2729 = VECTOR('',#2730,1.);
#2730 = DIRECTION('',(0.,0.,1.));
#2731 = ORIENTED_EDGE('',*,*,#2732,.T.);
#2732 = EDGE_CURVE('',#2725,#2677,#2733,.T.);
#2733 = LINE('',#2734,#2735);
#2734 = CARTESIAN_POINT('',(30.5,53.378455391065,14.540547622167));
#2735 = VECTOR('',#2736,1.);
#2736 = DIRECTION('',(0.,-0.99579885237,-9.15677105628E-02));
#2737 = PLANE('',#2738);
#2738 = AXIS2_PLACEMENT_3D('',#2739,#2740,#2741);
#2739 = CARTESIAN_POINT('',(30.5,16.5,3.));
#2740 = DIRECTION('',(1.,0.,0.));
#2741 = DIRECTION('',(0.,0.,1.));
#2742 = ADVANCED_FACE('',(#2743),#2754,.F.);
#2743 = FACE_BOUND('',#2744,.F.);
#2744 = EDGE_LOOP('',(#2745,#2746,#2747,#2748));
#2745 = ORIENTED_EDGE('',*,*,#2700,.F.);
#2746 = ORIENTED_EDGE('',*,*,#1913,.T.);
#2747 = ORIENTED_EDGE('',*,*,#2724,.T.);
#2748 = ORIENTED_EDGE('',*,*,#2749,.T.);
#2749 = EDGE_CURVE('',#2725,#2701,#2750,.T.);
#2750 = LINE('',#2751,#2752);
#2751 = CARTESIAN_POINT('',(73.25,33.5,12.712643678161));
#2752 = VECTOR('',#2753,1.);
#2753 = DIRECTION('',(1.,0.,0.));
#2754 = PLANE('',#2755);
#2755 = AXIS2_PLACEMENT_3D('',#2756,#2757,#2758);
#2756 = CARTESIAN_POINT('',(30.5,33.5,3.));
#2757 = DIRECTION('',(0.,1.,0.));
#2758 = DIRECTION('',(0.,0.,1.));
#2759 = ADVANCED_FACE('',(#2760),#2785,.T.);
#2760 = FACE_BOUND('',#2761,.T.);
#2761 = EDGE_LOOP('',(#2762,#2770,#2771,#2779));
#2762 = ORIENTED_EDGE('',*,*,#2763,.F.);
#2763 = EDGE_CURVE('',#1930,#2764,#2766,.T.);
#2764 = VERTEX_POINT('',#2765);
#2765 = CARTESIAN_POINT('',(26.5,35.5,12.896551724138));
#2766 = LINE('',#2767,#2768);
#2767 = CARTESIAN_POINT('',(26.5,35.5,3.));
#2768 = VECTOR('',#2769,1.);
#2769 = DIRECTION('',(0.,0.,1.));
#2770 = ORIENTED_EDGE('',*,*,#1929,.T.);
#2771 = ORIENTED_EDGE('',*,*,#2772,.T.);
#2772 = EDGE_CURVE('',#1932,#2773,#2775,.T.);
#2773 = VERTEX_POINT('',#2774);
#2774 = CARTESIAN_POINT('',(9.5,35.5,12.896551724138));
#2775 = LINE('',#2776,#2777);
#2776 = CARTESIAN_POINT('',(9.5,35.5,3.));
#2777 = VECTOR('',#2778,1.);
#2778 = DIRECTION('',(0.,0.,1.));
#2779 = ORIENTED_EDGE('',*,*,#2780,.T.);
#2780 = EDGE_CURVE('',#2773,#2764,#2781,.T.);
#2781 = LINE('',#2782,#2783);
#2782 = CARTESIAN_POINT('',(62.75,35.5,12.896551724138));
#2783 = VECTOR('',#2784,1.);
#2784 = DIRECTION('',(1.,0.,0.));
#2785 = PLANE('',#2786);
#2786 = AXIS2_PLACEMENT_3D('',#2787,#2788,#2789);
#2787 = CARTESIAN_POINT('',(9.5,35.5,3.));
#2788 = DIRECTION('',(0.,1.,0.));
#2789 = DIRECTION('',(0.,0.,1.));
#2790 = ADVANCED_FACE('',(#2791),#2809,.F.);
#2791 = FACE_BOUND('',#2792,.F.);
#2792 = EDGE_LOOP('',(#2793,#2794,#2795,#2803));
#2793 = ORIENTED_EDGE('',*,*,#2763,.F.);
#2794 = ORIENTED_EDGE('',*,*,#1955,.T.);
#2795 = ORIENTED_EDGE('',*,*,#2796,.T.);
#2796 = EDGE_CURVE('',#1948,#2797,#2799,.T.);
#2797 = VERTEX_POINT('',#2798);
#2798 = CARTESIAN_POINT('',(26.5,52.5,14.459770114943));
#2799 = LINE('',#2800,#2801);
#2800 = CARTESIAN_POINT('',(26.5,52.5,3.));
#2801 = VECTOR('',#2802,1.);
#2802 = DIRECTION('',(0.,0.,1.));
#2803 = ORIENTED_EDGE('',*,*,#2804,.T.);
#2804 = EDGE_CURVE('',#2797,#2764,#2805,.T.);
#2805 = LINE('',#2806,#2807);
#2806 = CARTESIAN_POINT('',(26.5,62.798801257697,15.406786322547));
#2807 = VECTOR('',#2808,1.);
#2808 = DIRECTION('',(0.,-0.99579885237,-9.15677105628E-02));
#2809 = PLANE('',#2810);
#2810 = AXIS2_PLACEMENT_3D('',#2811,#2812,#2813);
#2811 = CARTESIAN_POINT('',(26.5,35.5,3.));
#2812 = DIRECTION('',(1.,0.,0.));
#2813 = DIRECTION('',(0.,0.,1.));
#2814 = ADVANCED_FACE('',(#2815),#2833,.T.);
#2815 = FACE_BOUND('',#2816,.T.);
#2816 = EDGE_LOOP('',(#2817,#2818,#2819,#2827));
#2817 = ORIENTED_EDGE('',*,*,#2772,.F.);
#2818 = ORIENTED_EDGE('',*,*,#1939,.T.);
#2819 = ORIENTED_EDGE('',*,*,#2820,.T.);
#2820 = EDGE_CURVE('',#1940,#2821,#2823,.T.);
#2821 = VERTEX_POINT('',#2822);
#2822 = CARTESIAN_POINT('',(9.5,52.5,14.459770114943));
#2823 = LINE('',#2824,#2825);
#2824 = CARTESIAN_POINT('',(9.5,52.5,3.));
#2825 = VECTOR('',#2826,1.);
#2826 = DIRECTION('',(0.,0.,1.));
#2827 = ORIENTED_EDGE('',*,*,#2828,.T.);
#2828 = EDGE_CURVE('',#2821,#2773,#2829,.T.);
#2829 = LINE('',#2830,#2831);
#2830 = CARTESIAN_POINT('',(9.5,62.798801257697,15.406786322547));
#2831 = VECTOR('',#2832,1.);
#2832 = DIRECTION('',(0.,-0.99579885237,-9.15677105628E-02));
#2833 = PLANE('',#2834);
#2834 = AXIS2_PLACEMENT_3D('',#2835,#2836,#2837);
#2835 = CARTESIAN_POINT('',(9.5,35.5,3.));
#2836 = DIRECTION('',(1.,0.,0.));
#2837 = DIRECTION('',(0.,0.,1.));
#2838 = ADVANCED_FACE('',(#2839),#2850,.F.);
#2839 = FACE_BOUND('',#2840,.F.);
#2840 = EDGE_LOOP('',(#2841,#2842,#2843,#2844));
#2841 = ORIENTED_EDGE('',*,*,#2796,.F.);
#2842 = ORIENTED_EDGE('',*,*,#1947,.T.);
#2843 = ORIENTED_EDGE('',*,*,#2820,.T.);
#2844 = ORIENTED_EDGE('',*,*,#2845,.T.);
#2845 = EDGE_CURVE('',#2821,#2797,#2846,.T.);
#2846 = LINE('',#2847,#2848);
#2847 = CARTESIAN_POINT('',(62.75,52.5,14.459770114943));
#2848 = VECTOR('',#2849,1.);
#2849 = DIRECTION('',(1.,0.,0.));
#2850 = PLANE('',#2851);
#2851 = AXIS2_PLACEMENT_3D('',#2852,#2853,#2854);
#2852 = CARTESIAN_POINT('',(9.5,52.5,3.));
#2853 = DIRECTION('',(0.,1.,0.));
#2854 = DIRECTION('',(0.,0.,1.));
#2855 = ADVANCED_FACE('',(#2856),#2881,.T.);
#2856 = FACE_BOUND('',#2857,.T.);
#2857 = EDGE_LOOP('',(#2858,#2866,#2867,#2875));
#2858 = ORIENTED_EDGE('',*,*,#2859,.F.);
#2859 = EDGE_CURVE('',#1964,#2860,#2862,.T.);
#2860 = VERTEX_POINT('',#2861);
#2861 = CARTESIAN_POINT('',(47.5,35.5,12.896551724138));
#2862 = LINE('',#2863,#2864);
#2863 = CARTESIAN_POINT('',(47.5,35.5,3.));
#2864 = VECTOR('',#2865,1.);
#2865 = DIRECTION('',(0.,0.,1.));
#2866 = ORIENTED_EDGE('',*,*,#1963,.T.);
#2867 = ORIENTED_EDGE('',*,*,#2868,.T.);
#2868 = EDGE_CURVE('',#1966,#2869,#2871,.T.);
#2869 = VERTEX_POINT('',#2870);
#2870 = CARTESIAN_POINT('',(30.5,35.5,12.896551724138));
#2871 = LINE('',#2872,#2873);
#2872 = CARTESIAN_POINT('',(30.5,35.5,3.));
#2873 = VECTOR('',#2874,1.);
#2874 = DIRECTION('',(0.,0.,1.));
#2875 = ORIENTED_EDGE('',*,*,#2876,.T.);
#2876 = EDGE_CURVE('',#2869,#2860,#2877,.T.);
#2877 = LINE('',#2878,#2879);
#2878 = CARTESIAN_POINT('',(73.25,35.5,12.896551724138));
#2879 = VECTOR('',#2880,1.);
#2880 = DIRECTION('',(1.,0.,0.));
#2881 = PLANE('',#2882);
#2882 = AXIS2_PLACEMENT_3D('',#2883,#2884,#2885);
#2883 = CARTESIAN_POINT('',(30.5,35.5,3.));
#2884 = DIRECTION('',(0.,1.,0.));
#2885 = DIRECTION('',(0.,0.,1.));
#2886 = ADVANCED_FACE('',(#2887),#2905,.F.);
#2887 = FACE_BOUND('',#2888,.F.);
#2888 = EDGE_LOOP('',(#2889,#2890,#2891,#2899));
#2889 = ORIENTED_EDGE('',*,*,#2859,.F.);
#2890 = ORIENTED_EDGE('',*,*,#1989,.T.);
#2891 = ORIENTED_EDGE('',*,*,#2892,.T.);
#2892 = EDGE_CURVE('',#1982,#2893,#2895,.T.);
#2893 = VERTEX_POINT('',#2894);
#2894 = CARTESIAN_POINT('',(47.5,52.5,14.459770114943));
#2895 = LINE('',#2896,#2897);
#2896 = CARTESIAN_POINT('',(47.5,52.5,3.));
#2897 = VECTOR('',#2898,1.);
#2898 = DIRECTION('',(0.,0.,1.));
#2899 = ORIENTED_EDGE('',*,*,#2900,.T.);
#2900 = EDGE_CURVE('',#2893,#2860,#2901,.T.);
#2901 = LINE('',#2902,#2903);
#2902 = CARTESIAN_POINT('',(47.5,62.798801257697,15.406786322547));
#2903 = VECTOR('',#2904,1.);
#2904 = DIRECTION('',(0.,-0.99579885237,-9.15677105628E-02));
#2905 = PLANE('',#2906);
#2906 = AXIS2_PLACEMENT_3D('',#2907,#2908,#2909);
#2907 = CARTESIAN_POINT('',(47.5,35.5,3.));
#2908 = DIRECTION('',(1.,0.,0.));
#2909 = DIRECTION('',(0.,0.,1.));
#2910 = ADVANCED_FACE('',(#2911),#2929,.T.);
#2911 = FACE_BOUND('',#2912,.T.);
#2912 = EDGE_LOOP('',(#2913,#2914,#2915,#2923));
#2913 = ORIENTED_EDGE('',*,*,#2868,.F.);
#2914 = ORIENTED_EDGE('',*,*,#1973,.T.);
#2915 = ORIENTED_EDGE('',*,*,#2916,.T.);
#2916 = EDGE_CURVE('',#1974,#2917,#2919,.T.);
#2917 = VERTEX_POINT('',#2918);
#2918 = CARTESIAN_POINT('',(30.5,52.5,14.459770114943));
#2919 = LINE('',#2920,#2921);
#2920 = CARTESIAN_POINT('',(30.5,52.5,3.));
#2921 = VECTOR('',#2922,1.);
#2922 = DIRECTION('',(0.,0.,1.));
#2923 = ORIENTED_EDGE('',*,*,#2924,.T.);
#2924 = EDGE_CURVE('',#2917,#2869,#2925,.T.);
#2925 = LINE('',#2926,#2927);
#2926 = CARTESIAN_POINT('',(30.5,62.798801257697,15.406786322547));
#2927 = VECTOR('',#2928,1.);
#2928 = DIRECTION('',(0.,-0.99579885237,-9.15677105628E-02));
#2929 = PLANE('',#2930);
#2930 = AXIS2_PLACEMENT_3D('',#2931,#2932,#2933);
#2931 = CARTESIAN_POINT('',(30.5,35.5,3.));
#2932 = DIRECTION('',(1.,0.,0.));
#2933 = DIRECTION('',(0.,0.,1.));
#2934 = ADVANCED_FACE('',(#2935),#2946,.F.);
#2935 = FACE_BOUND('',#2936,.F.);
#2936 = EDGE_LOOP('',(#2937,#2938,#2939,#2940));
#2937 = ORIENTED_EDGE('',*,*,#2892,.F.);
#2938 = ORIENTED_EDGE('',*,*,#1981,.T.);
#2939 = ORIENTED_EDGE('',*,*,#2916,.T.);
#2940 = ORIENTED_EDGE('',*,*,#2941,.T.);
#2941 = EDGE_CURVE('',#2917,#2893,#2942,.T.);
#2942 = LINE('',#2943,#2944);
#2943 = CARTESIAN_POINT('',(73.25,52.5,14.459770114943));
#2944 = VECTOR('',#2945,1.);
#2945 = DIRECTION('',(1.,0.,0.));
#2946 = PLANE('',#2947);
#2947 = AXIS2_PLACEMENT_3D('',#2948,#2949,#2950);
#2948 = CARTESIAN_POINT('',(30.5,52.5,3.));
#2949 = DIRECTION('',(0.,1.,0.));
#2950 = DIRECTION('',(0.,0.,1.));
#2951 = ADVANCED_FACE('',(#2952),#2977,.T.);
#2952 = FACE_BOUND('',#2953,.T.);
#2953 = EDGE_LOOP('',(#2954,#2962,#2963,#2971));
#2954 = ORIENTED_EDGE('',*,*,#2955,.F.);
#2955 = EDGE_CURVE('',#1998,#2956,#2958,.T.);
#2956 = VERTEX_POINT('',#2957);
#2957 = CARTESIAN_POINT('',(68.5,16.5,11.149425287356));
#2958 = LINE('',#2959,#2960);
#2959 = CARTESIAN_POINT('',(68.5,16.5,3.));
#2960 = VECTOR('',#2961,1.);
#2961 = DIRECTION('',(0.,0.,1.));
#2962 = ORIENTED_EDGE('',*,*,#1997,.T.);
#2963 = ORIENTED_EDGE('',*,*,#2964,.T.);
#2964 = EDGE_CURVE('',#2000,#2965,#2967,.T.);
#2965 = VERTEX_POINT('',#2966);
#2966 = CARTESIAN_POINT('',(51.5,16.5,11.149425287356));
#2967 = LINE('',#2968,#2969);
#2968 = CARTESIAN_POINT('',(51.5,16.5,3.));
#2969 = VECTOR('',#2970,1.);
#2970 = DIRECTION('',(0.,0.,1.));
#2971 = ORIENTED_EDGE('',*,*,#2972,.T.);
#2972 = EDGE_CURVE('',#2965,#2956,#2973,.T.);
#2973 = LINE('',#2974,#2975);
#2974 = CARTESIAN_POINT('',(83.75,16.5,11.149425287356));
#2975 = VECTOR('',#2976,1.);
#2976 = DIRECTION('',(1.,0.,0.));
#2977 = PLANE('',#2978);
#2978 = AXIS2_PLACEMENT_3D('',#2979,#2980,#2981);
#2979 = CARTESIAN_POINT('',(51.5,16.5,3.));
#2980 = DIRECTION('',(0.,1.,0.));
#2981 = DIRECTION('',(0.,0.,1.));
#2982 = ADVANCED_FACE('',(#2983),#3001,.F.);
#2983 = FACE_BOUND('',#2984,.F.);
#2984 = EDGE_LOOP('',(#2985,#2986,#2987,#2995));
#2985 = ORIENTED_EDGE('',*,*,#2955,.F.);
#2986 = ORIENTED_EDGE('',*,*,#2023,.T.);
#2987 = ORIENTED_EDGE('',*,*,#2988,.T.);
#2988 = EDGE_CURVE('',#2016,#2989,#2991,.T.);
#2989 = VERTEX_POINT('',#2990);
#2990 = CARTESIAN_POINT('',(68.5,33.5,12.712643678161));
#2991 = LINE('',#2992,#2993);
#2992 = CARTESIAN_POINT('',(68.5,33.5,3.));
#2993 = VECTOR('',#2994,1.);
#2994 = DIRECTION('',(0.,0.,1.));
#2995 = ORIENTED_EDGE('',*,*,#2996,.T.);
#2996 = EDGE_CURVE('',#2989,#2956,#2997,.T.);
#2997 = LINE('',#2998,#2999);
#2998 = CARTESIAN_POINT('',(68.5,53.378455391065,14.540547622167));
#2999 = VECTOR('',#3000,1.);
#3000 = DIRECTION('',(0.,-0.99579885237,-9.15677105628E-02));
#3001 = PLANE('',#3002);
#3002 = AXIS2_PLACEMENT_3D('',#3003,#3004,#3005);
#3003 = CARTESIAN_POINT('',(68.5,16.5,3.));
#3004 = DIRECTION('',(1.,0.,0.));
#3005 = DIRECTION('',(0.,0.,1.));
#3006 = ADVANCED_FACE('',(#3007),#3025,.T.);
#3007 = FACE_BOUND('',#3008,.T.);
#3008 = EDGE_LOOP('',(#3009,#3010,#3011,#3019));
#3009 = ORIENTED_EDGE('',*,*,#2964,.F.);
#3010 = ORIENTED_EDGE('',*,*,#2007,.T.);
#3011 = ORIENTED_EDGE('',*,*,#3012,.T.);
#3012 = EDGE_CURVE('',#2008,#3013,#3015,.T.);
#3013 = VERTEX_POINT('',#3014);
#3014 = CARTESIAN_POINT('',(51.5,33.5,12.712643678161));
#3015 = LINE('',#3016,#3017);
#3016 = CARTESIAN_POINT('',(51.5,33.5,3.));
#3017 = VECTOR('',#3018,1.);
#3018 = DIRECTION('',(0.,0.,1.));
#3019 = ORIENTED_EDGE('',*,*,#3020,.T.);
#3020 = EDGE_CURVE('',#3013,#2965,#3021,.T.);
#3021 = LINE('',#3022,#3023);
#3022 = CARTESIAN_POINT('',(51.5,53.378455391065,14.540547622167));
#3023 = VECTOR('',#3024,1.);
#3024 = DIRECTION('',(0.,-0.99579885237,-9.15677105628E-02));
#3025 = PLANE('',#3026);
#3026 = AXIS2_PLACEMENT_3D('',#3027,#3028,#3029);
#3027 = CARTESIAN_POINT('',(51.5,16.5,3.));
#3028 = DIRECTION('',(1.,0.,0.));
#3029 = DIRECTION('',(0.,0.,1.));
#3030 = ADVANCED_FACE('',(#3031),#3042,.F.);
#3031 = FACE_BOUND('',#3032,.F.);
#3032 = EDGE_LOOP('',(#3033,#3034,#3035,#3036));
#3033 = ORIENTED_EDGE('',*,*,#2988,.F.);
#3034 = ORIENTED_EDGE('',*,*,#2015,.T.);
#3035 = ORIENTED_EDGE('',*,*,#3012,.T.);
#3036 = ORIENTED_EDGE('',*,*,#3037,.T.);
#3037 = EDGE_CURVE('',#3013,#2989,#3038,.T.);
#3038 = LINE('',#3039,#3040);
#3039 = CARTESIAN_POINT('',(83.75,33.5,12.712643678161));
#3040 = VECTOR('',#3041,1.);
#3041 = DIRECTION('',(1.,0.,0.));
#3042 = PLANE('',#3043);
#3043 = AXIS2_PLACEMENT_3D('',#3044,#3045,#3046);
#3044 = CARTESIAN_POINT('',(51.5,33.5,3.));
#3045 = DIRECTION('',(0.,1.,0.));
#3046 = DIRECTION('',(0.,0.,1.));
#3047 = ADVANCED_FACE('',(#3048),#3073,.T.);
#3048 = FACE_BOUND('',#3049,.T.);
#3049 = EDGE_LOOP('',(#3050,#3058,#3059,#3067));
#3050 = ORIENTED_EDGE('',*,*,#3051,.F.);
#3051 = EDGE_CURVE('',#2032,#3052,#3054,.T.);
#3052 = VERTEX_POINT('',#3053);
#3053 = CARTESIAN_POINT('',(89.5,16.5,11.149425287356));
#3054 = LINE('',#3055,#3056);
#3055 = CARTESIAN_POINT('',(89.5,16.5,3.));
#3056 = VECTOR('',#3057,1.);
#3057 = DIRECTION('',(0.,0.,1.));
#3058 = ORIENTED_EDGE('',*,*,#2031,.T.);
#3059 = ORIENTED_EDGE('',*,*,#3060,.T.);
#3060 = EDGE_CURVE('',#2034,#3061,#3063,.T.);
#3061 = VERTEX_POINT('',#3062);
#3062 = CARTESIAN_POINT('',(72.5,16.5,11.149425287356));
#3063 = LINE('',#3064,#3065);
#3064 = CARTESIAN_POINT('',(72.5,16.5,3.));
#3065 = VECTOR('',#3066,1.);
#3066 = DIRECTION('',(0.,0.,1.));
#3067 = ORIENTED_EDGE('',*,*,#3068,.T.);
#3068 = EDGE_CURVE('',#3061,#3052,#3069,.T.);
#3069 = LINE('',#3070,#3071);
#3070 = CARTESIAN_POINT('',(94.25,16.5,11.149425287356));
#3071 = VECTOR('',#3072,1.);
#3072 = DIRECTION('',(1.,0.,0.));
#3073 = PLANE('',#3074);
#3074 = AXIS2_PLACEMENT_3D('',#3075,#3076,#3077);
#3075 = CARTESIAN_POINT('',(72.5,16.5,3.));
#3076 = DIRECTION('',(0.,1.,0.));
#3077 = DIRECTION('',(0.,0.,1.));
#3078 = ADVANCED_FACE('',(#3079),#3097,.F.);
#3079 = FACE_BOUND('',#3080,.F.);
#3080 = EDGE_LOOP('',(#3081,#3082,#3083,#3091));
#3081 = ORIENTED_EDGE('',*,*,#3051,.F.);
#3082 = ORIENTED_EDGE('',*,*,#2057,.T.);
#3083 = ORIENTED_EDGE('',*,*,#3084,.T.);
#3084 = EDGE_CURVE('',#2050,#3085,#3087,.T.);
#3085 = VERTEX_POINT('',#3086);
#3086 = CARTESIAN_POINT('',(89.5,33.5,12.712643678161));
#3087 = LINE('',#3088,#3089);
#3088 = CARTESIAN_POINT('',(89.5,33.5,3.));
#3089 = VECTOR('',#3090,1.);
#3090 = DIRECTION('',(0.,0.,1.));
#3091 = ORIENTED_EDGE('',*,*,#3092,.T.);
#3092 = EDGE_CURVE('',#3085,#3052,#3093,.T.);
#3093 = LINE('',#3094,#3095);
#3094 = CARTESIAN_POINT('',(89.5,53.378455391065,14.540547622167));
#3095 = VECTOR('',#3096,1.);
#3096 = DIRECTION('',(0.,-0.99579885237,-9.15677105628E-02));
#3097 = PLANE('',#3098);
#3098 = AXIS2_PLACEMENT_3D('',#3099,#3100,#3101);
#3099 = CARTESIAN_POINT('',(89.5,16.5,3.));
#3100 = DIRECTION('',(1.,0.,0.));
#3101 = DIRECTION('',(0.,0.,1.));
#3102 = ADVANCED_FACE('',(#3103),#3121,.T.);
#3103 = FACE_BOUND('',#3104,.T.);
#3104 = EDGE_LOOP('',(#3105,#3106,#3107,#3115));
#3105 = ORIENTED_EDGE('',*,*,#3060,.F.);
#3106 = ORIENTED_EDGE('',*,*,#2041,.T.);
#3107 = ORIENTED_EDGE('',*,*,#3108,.T.);
#3108 = EDGE_CURVE('',#2042,#3109,#3111,.T.);
#3109 = VERTEX_POINT('',#3110);
#3110 = CARTESIAN_POINT('',(72.5,33.5,12.712643678161));
#3111 = LINE('',#3112,#3113);
#3112 = CARTESIAN_POINT('',(72.5,33.5,3.));
#3113 = VECTOR('',#3114,1.);
#3114 = DIRECTION('',(0.,0.,1.));
#3115 = ORIENTED_EDGE('',*,*,#3116,.T.);
#3116 = EDGE_CURVE('',#3109,#3061,#3117,.T.);
#3117 = LINE('',#3118,#3119);
#3118 = CARTESIAN_POINT('',(72.5,53.378455391065,14.540547622167));
#3119 = VECTOR('',#3120,1.);
#3120 = DIRECTION('',(0.,-0.99579885237,-9.15677105628E-02));
#3121 = PLANE('',#3122);
#3122 = AXIS2_PLACEMENT_3D('',#3123,#3124,#3125);
#3123 = CARTESIAN_POINT('',(72.5,16.5,3.));
#3124 = DIRECTION('',(1.,0.,0.));
#3125 = DIRECTION('',(0.,0.,1.));
#3126 = ADVANCED_FACE('',(#3127),#3138,.F.);
#3127 = FACE_BOUND('',#3128,.F.);
#3128 = EDGE_LOOP('',(#3129,#3130,#3131,#3132));
#3129 = ORIENTED_EDGE('',*,*,#3084,.F.);
#3130 = ORIENTED_EDGE('',*,*,#2049,.T.);
#3131 = ORIENTED_EDGE('',*,*,#3108,.T.);
#3132 = ORIENTED_EDGE('',*,*,#3133,.T.);
#3133 = EDGE_CURVE('',#3109,#3085,#3134,.T.);
#3134 = LINE('',#3135,#3136);
#3135 = CARTESIAN_POINT('',(94.25,33.5,12.712643678161));
#3136 = VECTOR('',#3137,1.);
#3137 = DIRECTION('',(1.,0.,0.));
#3138 = PLANE('',#3139);
#3139 = AXIS2_PLACEMENT_3D('',#3140,#3141,#3142);
#3140 = CARTESIAN_POINT('',(72.5,33.5,3.));
#3141 = DIRECTION('',(0.,1.,0.));
#3142 = DIRECTION('',(0.,0.,1.));
#3143 = ADVANCED_FACE('',(#3144),#3163,.F.);
#3144 = FACE_BOUND('',#3145,.F.);
#3145 = EDGE_LOOP('',(#3146,#3155,#3161,#3162));
#3146 = ORIENTED_EDGE('',*,*,#3147,.T.);
#3147 = EDGE_CURVE('',#3148,#3148,#3150,.T.);
#3148 = VERTEX_POINT('',#3149);
#3149 = CARTESIAN_POINT('',(113.8,8.,10.367816091954));
#3150 = ELLIPSE('',#3151,1.807593969119,1.8);
#3151 = AXIS2_PLACEMENT_3D('',#3152,#3153,#3154);
#3152 = CARTESIAN_POINT('',(112.,8.,10.367816091954));
#3153 = DIRECTION('',(0.,9.15677105628E-02,-0.99579885237));
#3154 = DIRECTION('',(0.,0.99579885237,9.15677105628E-02));
#3155 = ORIENTED_EDGE('',*,*,#3156,.F.);
#3156 = EDGE_CURVE('',#2066,#3148,#3157,.T.);
#3157 = LINE('',#3158,#3159);
#3158 = CARTESIAN_POINT('',(113.8,8.,0.));
#3159 = VECTOR('',#3160,1.);
#3160 = DIRECTION('',(0.,0.,1.));
#3161 = ORIENTED_EDGE('',*,*,#2065,.T.);
#3162 = ORIENTED_EDGE('',*,*,#3156,.T.);
#3163 = CYLINDRICAL_SURFACE('',#3164,1.8);
#3164 = AXIS2_PLACEMENT_3D('',#3165,#3166,#3167);
#3165 = CARTESIAN_POINT('',(112.,8.,0.));
#3166 = DIRECTION('',(0.,0.,1.));
#3167 = DIRECTION('',(1.,0.,0.));
#3168 = ADVANCED_FACE('',(#3169),#3194,.T.);
#3169 = FACE_BOUND('',#3170,.T.);
#3170 = EDGE_LOOP('',(#3171,#3179,#3180,#3188));
#3171 = ORIENTED_EDGE('',*,*,#3172,.F.);
#3172 = EDGE_CURVE('',#2077,#3173,#3175,.T.);
#3173 = VERTEX_POINT('',#3174);
#3174 = CARTESIAN_POINT('',(68.5,35.5,12.896551724138));
#3175 = LINE('',#3176,#3177);
#3176 = CARTESIAN_POINT('',(68.5,35.5,3.));
#3177 = VECTOR('',#3178,1.);
#3178 = DIRECTION('',(0.,0.,1.));
#3179 = ORIENTED_EDGE('',*,*,#2076,.T.);
#3180 = ORIENTED_EDGE('',*,*,#3181,.T.);
#3181 = EDGE_CURVE('',#2079,#3182,#3184,.T.);
#3182 = VERTEX_POINT('',#3183);
#3183 = CARTESIAN_POINT('',(51.5,35.5,12.896551724138));
#3184 = LINE('',#3185,#3186);
#3185 = CARTESIAN_POINT('',(51.5,35.5,3.));
#3186 = VECTOR('',#3187,1.);
#3187 = DIRECTION('',(0.,0.,1.));
#3188 = ORIENTED_EDGE('',*,*,#3189,.T.);
#3189 = EDGE_CURVE('',#3182,#3173,#3190,.T.);
#3190 = LINE('',#3191,#3192);
#3191 = CARTESIAN_POINT('',(83.75,35.5,12.896551724138));
#3192 = VECTOR('',#3193,1.);
#3193 = DIRECTION('',(1.,0.,0.));
#3194 = PLANE('',#3195);
#3195 = AXIS2_PLACEMENT_3D('',#3196,#3197,#3198);
#3196 = CARTESIAN_POINT('',(51.5,35.5,3.));
#3197 = DIRECTION('',(0.,1.,0.));
#3198 = DIRECTION('',(0.,0.,1.));
#3199 = ADVANCED_FACE('',(#3200),#3218,.F.);
#3200 = FACE_BOUND('',#3201,.F.);
#3201 = EDGE_LOOP('',(#3202,#3203,#3204,#3212));
#3202 = ORIENTED_EDGE('',*,*,#3172,.F.);
#3203 = ORIENTED_EDGE('',*,*,#2102,.T.);
#3204 = ORIENTED_EDGE('',*,*,#3205,.T.);
#3205 = EDGE_CURVE('',#2095,#3206,#3208,.T.);
#3206 = VERTEX_POINT('',#3207);
#3207 = CARTESIAN_POINT('',(68.5,52.5,14.459770114943));
#3208 = LINE('',#3209,#3210);
#3209 = CARTESIAN_POINT('',(68.5,52.5,3.));
#3210 = VECTOR('',#3211,1.);
#3211 = DIRECTION('',(0.,0.,1.));
#3212 = ORIENTED_EDGE('',*,*,#3213,.T.);
#3213 = EDGE_CURVE('',#3206,#3173,#3214,.T.);
#3214 = LINE('',#3215,#3216);
#3215 = CARTESIAN_POINT('',(68.5,62.798801257697,15.406786322547));
#3216 = VECTOR('',#3217,1.);
#3217 = DIRECTION('',(0.,-0.99579885237,-9.15677105628E-02));
#3218 = PLANE('',#3219);
#3219 = AXIS2_PLACEMENT_3D('',#3220,#3221,#3222);
#3220 = CARTESIAN_POINT('',(68.5,35.5,3.));
#3221 = DIRECTION('',(1.,0.,0.));
#3222 = DIRECTION('',(0.,0.,1.));
#3223 = ADVANCED_FACE('',(#3224),#3242,.T.);
#3224 = FACE_BOUND('',#3225,.T.);
#3225 = EDGE_LOOP('',(#3226,#3227,#3228,#3236));
#3226 = ORIENTED_EDGE('',*,*,#3181,.F.);
#3227 = ORIENTED_EDGE('',*,*,#2086,.T.);
#3228 = ORIENTED_EDGE('',*,*,#3229,.T.);
#3229 = EDGE_CURVE('',#2087,#3230,#3232,.T.);
#3230 = VERTEX_POINT('',#3231);
#3231 = CARTESIAN_POINT('',(51.5,52.5,14.459770114943));
#3232 = LINE('',#3233,#3234);
#3233 = CARTESIAN_POINT('',(51.5,52.5,3.));
#3234 = VECTOR('',#3235,1.);
#3235 = DIRECTION('',(0.,0.,1.));
#3236 = ORIENTED_EDGE('',*,*,#3237,.T.);
#3237 = EDGE_CURVE('',#3230,#3182,#3238,.T.);
#3238 = LINE('',#3239,#3240);
#3239 = CARTESIAN_POINT('',(51.5,62.798801257697,15.406786322547));
#3240 = VECTOR('',#3241,1.);
#3241 = DIRECTION('',(0.,-0.99579885237,-9.15677105628E-02));
#3242 = PLANE('',#3243);
#3243 = AXIS2_PLACEMENT_3D('',#3244,#3245,#3246);
#3244 = CARTESIAN_POINT('',(51.5,35.5,3.));
#3245 = DIRECTION('',(1.,0.,0.));
#3246 = DIRECTION('',(0.,0.,1.));
#3247 = ADVANCED_FACE('',(#3248),#3259,.F.);
#3248 = FACE_BOUND('',#3249,.F.);
#3249 = EDGE_LOOP('',(#3250,#3251,#3252,#3253));
#3250 = ORIENTED_EDGE('',*,*,#3205,.F.);
#3251 = ORIENTED_EDGE('',*,*,#2094,.T.);
#3252 = ORIENTED_EDGE('',*,*,#3229,.T.);
#3253 = ORIENTED_EDGE('',*,*,#3254,.T.);
#3254 = EDGE_CURVE('',#3230,#3206,#3255,.T.);
#3255 = LINE('',#3256,#3257);
#3256 = CARTESIAN_POINT('',(83.75,52.5,14.459770114943));
#3257 = VECTOR('',#3258,1.);
#3258 = DIRECTION('',(1.,0.,0.));
#3259 = PLANE('',#3260);
#3260 = AXIS2_PLACEMENT_3D('',#3261,#3262,#3263);
#3261 = CARTESIAN_POINT('',(51.5,52.5,3.));
#3262 = DIRECTION('',(0.,1.,0.));
#3263 = DIRECTION('',(0.,0.,1.));
#3264 = ADVANCED_FACE('',(#3265),#3290,.T.);
#3265 = FACE_BOUND('',#3266,.T.);
#3266 = EDGE_LOOP('',(#3267,#3275,#3276,#3284));
#3267 = ORIENTED_EDGE('',*,*,#3268,.F.);
#3268 = EDGE_CURVE('',#2111,#3269,#3271,.T.);
#3269 = VERTEX_POINT('',#3270);
#3270 = CARTESIAN_POINT('',(89.5,35.5,12.896551724138));
#3271 = LINE('',#3272,#3273);
#3272 = CARTESIAN_POINT('',(89.5,35.5,3.));
#3273 = VECTOR('',#3274,1.);
#3274 = DIRECTION('',(0.,0.,1.));
#3275 = ORIENTED_EDGE('',*,*,#2110,.T.);
#3276 = ORIENTED_EDGE('',*,*,#3277,.T.);
#3277 = EDGE_CURVE('',#2113,#3278,#3280,.T.);
#3278 = VERTEX_POINT('',#3279);
#3279 = CARTESIAN_POINT('',(72.5,35.5,12.896551724138));
#3280 = LINE('',#3281,#3282);
#3281 = CARTESIAN_POINT('',(72.5,35.5,3.));
#3282 = VECTOR('',#3283,1.);
#3283 = DIRECTION('',(0.,0.,1.));
#3284 = ORIENTED_EDGE('',*,*,#3285,.T.);
#3285 = EDGE_CURVE('',#3278,#3269,#3286,.T.);
#3286 = LINE('',#3287,#3288);
#3287 = CARTESIAN_POINT('',(94.25,35.5,12.896551724138));
#3288 = VECTOR('',#3289,1.);
#3289 = DIRECTION('',(1.,0.,0.));
#3290 = PLANE('',#3291);
#3291 = AXIS2_PLACEMENT_3D('',#3292,#3293,#3294);
#3292 = CARTESIAN_POINT('',(72.5,35.5,3.));
#3293 = DIRECTION('',(0.,1.,0.));
#3294 = DIRECTION('',(0.,0.,1.));
#3295 = ADVANCED_FACE('',(#3296),#3314,.F.);
#3296 = FACE_BOUND('',#3297,.F.);
#3297 = EDGE_LOOP('',(#3298,#3299,#3300,#3308));
#3298 = ORIENTED_EDGE('',*,*,#3268,.F.);
#3299 = ORIENTED_EDGE('',*,*,#2136,.T.);
#3300 = ORIENTED_EDGE('',*,*,#3301,.T.);
#3301 = EDGE_CURVE('',#2129,#3302,#3304,.T.);
#3302 = VERTEX_POINT('',#3303);
#3303 = CARTESIAN_POINT('',(89.5,52.5,14.459770114943));
#3304 = LINE('',#3305,#3306);
#3305 = CARTESIAN_POINT('',(89.5,52.5,3.));
#3306 = VECTOR('',#3307,1.);
#3307 = DIRECTION('',(0.,0.,1.));
#3308 = ORIENTED_EDGE('',*,*,#3309,.T.);
#3309 = EDGE_CURVE('',#3302,#3269,#3310,.T.);
#3310 = LINE('',#3311,#3312);
#3311 = CARTESIAN_POINT('',(89.5,62.798801257697,15.406786322547));
#3312 = VECTOR('',#3313,1.);
#3313 = DIRECTION('',(0.,-0.99579885237,-9.15677105628E-02));
#3314 = PLANE('',#3315);
#3315 = AXIS2_PLACEMENT_3D('',#3316,#3317,#3318);
#3316 = CARTESIAN_POINT('',(89.5,35.5,3.));
#3317 = DIRECTION('',(1.,0.,0.));
#3318 = DIRECTION('',(0.,0.,1.));
#3319 = ADVANCED_FACE('',(#3320),#3338,.T.);
#3320 = FACE_BOUND('',#3321,.T.);
#3321 = EDGE_LOOP('',(#3322,#3323,#3324,#3332));
#3322 = ORIENTED_EDGE('',*,*,#3277,.F.);
#3323 = ORIENTED_EDGE('',*,*,#2120,.T.);
#3324 = ORIENTED_EDGE('',*,*,#3325,.T.);
#3325 = EDGE_CURVE('',#2121,#3326,#3328,.T.);
#3326 = VERTEX_POINT('',#3327);
#3327 = CARTESIAN_POINT('',(72.5,52.5,14.459770114943));
#3328 = LINE('',#3329,#3330);
#3329 = CARTESIAN_POINT('',(72.5,52.5,3.));
#3330 = VECTOR('',#3331,1.);
#3331 = DIRECTION('',(0.,0.,1.));
#3332 = ORIENTED_EDGE('',*,*,#3333,.T.);
#3333 = EDGE_CURVE('',#3326,#3278,#3334,.T.);
#3334 = LINE('',#3335,#3336);
#3335 = CARTESIAN_POINT('',(72.5,62.798801257697,15.406786322547));
#3336 = VECTOR('',#3337,1.);
#3337 = DIRECTION('',(0.,-0.99579885237,-9.15677105628E-02));
#3338 = PLANE('',#3339);
#3339 = AXIS2_PLACEMENT_3D('',#3340,#3341,#3342);
#3340 = CARTESIAN_POINT('',(72.5,35.5,3.));
#3341 = DIRECTION('',(1.,0.,0.));
#3342 = DIRECTION('',(0.,0.,1.));
#3343 = ADVANCED_FACE('',(#3344),#3355,.F.);
#3344 = FACE_BOUND('',#3345,.F.);
#3345 = EDGE_LOOP('',(#3346,#3347,#3348,#3349));
#3346 = ORIENTED_EDGE('',*,*,#3301,.F.);
#3347 = ORIENTED_EDGE('',*,*,#2128,.T.);
#3348 = ORIENTED_EDGE('',*,*,#3325,.T.);
#3349 = ORIENTED_EDGE('',*,*,#3350,.T.);
#3350 = EDGE_CURVE('',#3326,#3302,#3351,.T.);
#3351 = LINE('',#3352,#3353);
#3352 = CARTESIAN_POINT('',(94.25,52.5,14.459770114943));
#3353 = VECTOR('',#3354,1.);
#3354 = DIRECTION('',(1.,0.,0.));
#3355 = PLANE('',#3356);
#3356 = AXIS2_PLACEMENT_3D('',#3357,#3358,#3359);
#3357 = CARTESIAN_POINT('',(72.5,52.5,3.));
#3358 = DIRECTION('',(0.,1.,0.));
#3359 = DIRECTION('',(0.,0.,1.));
#3360 = ADVANCED_FACE('',(#3361),#3386,.T.);
#3361 = FACE_BOUND('',#3362,.T.);
#3362 = EDGE_LOOP('',(#3363,#3371,#3372,#3380));
#3363 = ORIENTED_EDGE('',*,*,#3364,.F.);
#3364 = EDGE_CURVE('',#2145,#3365,#3367,.T.);
#3365 = VERTEX_POINT('',#3366);
#3366 = CARTESIAN_POINT('',(26.5,54.5,14.64367816092));
#3367 = LINE('',#3368,#3369);
#3368 = CARTESIAN_POINT('',(26.5,54.5,3.));
#3369 = VECTOR('',#3370,1.);
#3370 = DIRECTION('',(0.,0.,1.));
#3371 = ORIENTED_EDGE('',*,*,#2144,.T.);
#3372 = ORIENTED_EDGE('',*,*,#3373,.T.);
#3373 = EDGE_CURVE('',#2147,#3374,#3376,.T.);
#3374 = VERTEX_POINT('',#3375);
#3375 = CARTESIAN_POINT('',(9.5,54.5,14.64367816092));
#3376 = LINE('',#3377,#3378);
#3377 = CARTESIAN_POINT('',(9.5,54.5,3.));
#3378 = VECTOR('',#3379,1.);
#3379 = DIRECTION('',(0.,0.,1.));
#3380 = ORIENTED_EDGE('',*,*,#3381,.T.);
#3381 = EDGE_CURVE('',#3374,#3365,#3382,.T.);
#3382 = LINE('',#3383,#3384);
#3383 = CARTESIAN_POINT('',(62.75,54.5,14.64367816092));
#3384 = VECTOR('',#3385,1.);
#3385 = DIRECTION('',(1.,0.,0.));
#3386 = PLANE('',#3387);
#3387 = AXIS2_PLACEMENT_3D('',#3388,#3389,#3390);
#3388 = CARTESIAN_POINT('',(9.5,54.5,3.));
#3389 = DIRECTION('',(0.,1.,0.));
#3390 = DIRECTION('',(0.,0.,1.));
#3391 = ADVANCED_FACE('',(#3392),#3410,.F.);
#3392 = FACE_BOUND('',#3393,.F.);
#3393 = EDGE_LOOP('',(#3394,#3395,#3396,#3404));
#3394 = ORIENTED_EDGE('',*,*,#3364,.F.);
#3395 = ORIENTED_EDGE('',*,*,#2170,.T.);
#3396 = ORIENTED_EDGE('',*,*,#3397,.T.);
#3397 = EDGE_CURVE('',#2163,#3398,#3400,.T.);
#3398 = VERTEX_POINT('',#3399);
#3399 = CARTESIAN_POINT('',(26.5,71.5,16.206896551724));
#3400 = LINE('',#3401,#3402);
#3401 = CARTESIAN_POINT('',(26.5,71.5,3.));
#3402 = VECTOR('',#3403,1.);
#3403 = DIRECTION('',(0.,0.,1.));
#3404 = ORIENTED_EDGE('',*,*,#3405,.T.);
#3405 = EDGE_CURVE('',#3398,#3365,#3406,.T.);
#3406 = LINE('',#3407,#3408);
#3407 = CARTESIAN_POINT('',(26.5,72.219147124329,16.273025022927));
#3408 = VECTOR('',#3409,1.);
#3409 = DIRECTION('',(0.,-0.99579885237,-9.15677105628E-02));
#3410 = PLANE('',#3411);
#3411 = AXIS2_PLACEMENT_3D('',#3412,#3413,#3414);
#3412 = CARTESIAN_POINT('',(26.5,54.5,3.));
#3413 = DIRECTION('',(1.,0.,0.));
#3414 = DIRECTION('',(0.,0.,1.));
#3415 = ADVANCED_FACE('',(#3416),#3434,.T.);
#3416 = FACE_BOUND('',#3417,.T.);
#3417 = EDGE_LOOP('',(#3418,#3419,#3420,#3428));
#3418 = ORIENTED_EDGE('',*,*,#3373,.F.);
#3419 = ORIENTED_EDGE('',*,*,#2154,.T.);
#3420 = ORIENTED_EDGE('',*,*,#3421,.T.);
#3421 = EDGE_CURVE('',#2155,#3422,#3424,.T.);
#3422 = VERTEX_POINT('',#3423);
#3423 = CARTESIAN_POINT('',(9.5,71.5,16.206896551724));
#3424 = LINE('',#3425,#3426);
#3425 = CARTESIAN_POINT('',(9.5,71.5,3.));
#3426 = VECTOR('',#3427,1.);
#3427 = DIRECTION('',(0.,0.,1.));
#3428 = ORIENTED_EDGE('',*,*,#3429,.T.);
#3429 = EDGE_CURVE('',#3422,#3374,#3430,.T.);
#3430 = LINE('',#3431,#3432);
#3431 = CARTESIAN_POINT('',(9.5,72.219147124329,16.273025022927));
#3432 = VECTOR('',#3433,1.);
#3433 = DIRECTION('',(0.,-0.99579885237,-9.15677105628E-02));
#3434 = PLANE('',#3435);
#3435 = AXIS2_PLACEMENT_3D('',#3436,#3437,#3438);
#3436 = CARTESIAN_POINT('',(9.5,54.5,3.));
#3437 = DIRECTION('',(1.,0.,0.));
#3438 = DIRECTION('',(0.,0.,1.));
#3439 = ADVANCED_FACE('',(#3440),#3451,.F.);
#3440 = FACE_BOUND('',#3441,.F.);
#3441 = EDGE_LOOP('',(#3442,#3443,#3444,#3445));
#3442 = ORIENTED_EDGE('',*,*,#3397,.F.);
#3443 = ORIENTED_EDGE('',*,*,#2162,.T.);
#3444 = ORIENTED_EDGE('',*,*,#3421,.T.);
#3445 = ORIENTED_EDGE('',*,*,#3446,.T.);
#3446 = EDGE_CURVE('',#3422,#3398,#3447,.T.);
#3447 = LINE('',#3448,#3449);
#3448 = CARTESIAN_POINT('',(62.75,71.5,16.206896551724));
#3449 = VECTOR('',#3450,1.);
#3450 = DIRECTION('',(1.,0.,0.));
#3451 = PLANE('',#3452);
#3452 = AXIS2_PLACEMENT_3D('',#3453,#3454,#3455);
#3453 = CARTESIAN_POINT('',(9.5,71.5,3.));
#3454 = DIRECTION('',(0.,1.,0.));
#3455 = DIRECTION('',(0.,0.,1.));
#3456 = ADVANCED_FACE('',(#3457),#3482,.T.);
#3457 = FACE_BOUND('',#3458,.T.);
#3458 = EDGE_LOOP('',(#3459,#3467,#3468,#3476));
#3459 = ORIENTED_EDGE('',*,*,#3460,.F.);
#3460 = EDGE_CURVE('',#2179,#3461,#3463,.T.);
#3461 = VERTEX_POINT('',#3462);
#3462 = CARTESIAN_POINT('',(47.5,54.5,14.64367816092));
#3463 = LINE('',#3464,#3465);
#3464 = CARTESIAN_POINT('',(47.5,54.5,3.));
#3465 = VECTOR('',#3466,1.);
#3466 = DIRECTION('',(0.,0.,1.));
#3467 = ORIENTED_EDGE('',*,*,#2178,.T.);
#3468 = ORIENTED_EDGE('',*,*,#3469,.T.);
#3469 = EDGE_CURVE('',#2181,#3470,#3472,.T.);
#3470 = VERTEX_POINT('',#3471);
#3471 = CARTESIAN_POINT('',(30.5,54.5,14.64367816092));
#3472 = LINE('',#3473,#3474);
#3473 = CARTESIAN_POINT('',(30.5,54.5,3.));
#3474 = VECTOR('',#3475,1.);
#3475 = DIRECTION('',(0.,0.,1.));
#3476 = ORIENTED_EDGE('',*,*,#3477,.T.);
#3477 = EDGE_CURVE('',#3470,#3461,#3478,.T.);
#3478 = LINE('',#3479,#3480);
#3479 = CARTESIAN_POINT('',(73.25,54.5,14.64367816092));
#3480 = VECTOR('',#3481,1.);
#3481 = DIRECTION('',(1.,0.,0.));
#3482 = PLANE('',#3483);
#3483 = AXIS2_PLACEMENT_3D('',#3484,#3485,#3486);
#3484 = CARTESIAN_POINT('',(30.5,54.5,3.));
#3485 = DIRECTION('',(0.,1.,0.));
#3486 = DIRECTION('',(0.,0.,1.));
#3487 = ADVANCED_FACE('',(#3488),#3506,.F.);
#3488 = FACE_BOUND('',#3489,.F.);
#3489 = EDGE_LOOP('',(#3490,#3491,#3492,#3500));
#3490 = ORIENTED_EDGE('',*,*,#3460,.F.);
#3491 = ORIENTED_EDGE('',*,*,#2204,.T.);
#3492 = ORIENTED_EDGE('',*,*,#3493,.T.);
#3493 = EDGE_CURVE('',#2197,#3494,#3496,.T.);
#3494 = VERTEX_POINT('',#3495);
#3495 = CARTESIAN_POINT('',(47.5,71.5,16.206896551724));
#3496 = LINE('',#3497,#3498);
#3497 = CARTESIAN_POINT('',(47.5,71.5,3.));
#3498 = VECTOR('',#3499,1.);
#3499 = DIRECTION('',(0.,0.,1.));
#3500 = ORIENTED_EDGE('',*,*,#3501,.T.);
#3501 = EDGE_CURVE('',#3494,#3461,#3502,.T.);
#3502 = LINE('',#3503,#3504);
#3503 = CARTESIAN_POINT('',(47.5,72.219147124329,16.273025022927));
#3504 = VECTOR('',#3505,1.);
#3505 = DIRECTION('',(0.,-0.99579885237,-9.15677105628E-02));
#3506 = PLANE('',#3507);
#3507 = AXIS2_PLACEMENT_3D('',#3508,#3509,#3510);
#3508 = CARTESIAN_POINT('',(47.5,54.5,3.));
#3509 = DIRECTION('',(1.,0.,0.));
#3510 = DIRECTION('',(0.,0.,1.));
#3511 = ADVANCED_FACE('',(#3512),#3530,.T.);
#3512 = FACE_BOUND('',#3513,.T.);
#3513 = EDGE_LOOP('',(#3514,#3515,#3516,#3524));
#3514 = ORIENTED_EDGE('',*,*,#3469,.F.);
#3515 = ORIENTED_EDGE('',*,*,#2188,.T.);
#3516 = ORIENTED_EDGE('',*,*,#3517,.T.);
#3517 = EDGE_CURVE('',#2189,#3518,#3520,.T.);
#3518 = VERTEX_POINT('',#3519);
#3519 = CARTESIAN_POINT('',(30.5,71.5,16.206896551724));
#3520 = LINE('',#3521,#3522);
#3521 = CARTESIAN_POINT('',(30.5,71.5,3.));
#3522 = VECTOR('',#3523,1.);
#3523 = DIRECTION('',(0.,0.,1.));
#3524 = ORIENTED_EDGE('',*,*,#3525,.T.);
#3525 = EDGE_CURVE('',#3518,#3470,#3526,.T.);
#3526 = LINE('',#3527,#3528);
#3527 = CARTESIAN_POINT('',(30.5,72.219147124329,16.273025022927));
#3528 = VECTOR('',#3529,1.);
#3529 = DIRECTION('',(0.,-0.99579885237,-9.15677105628E-02));
#3530 = PLANE('',#3531);
#3531 = AXIS2_PLACEMENT_3D('',#3532,#3533,#3534);
#3532 = CARTESIAN_POINT('',(30.5,54.5,3.));
#3533 = DIRECTION('',(1.,0.,0.));
#3534 = DIRECTION('',(0.,0.,1.));
#3535 = ADVANCED_FACE('',(#3536),#3547,.F.);
#3536 = FACE_BOUND('',#3537,.F.);
#3537 = EDGE_LOOP('',(#3538,#3539,#3540,#3541));
#3538 = ORIENTED_EDGE('',*,*,#3493,.F.);
#3539 = ORIENTED_EDGE('',*,*,#2196,.T.);
#3540 = ORIENTED_EDGE('',*,*,#3517,.T.);
#3541 = ORIENTED_EDGE('',*,*,#3542,.T.);
#3542 = EDGE_CURVE('',#3518,#3494,#3543,.T.);
#3543 = LINE('',#3544,#3545);
#3544 = CARTESIAN_POINT('',(73.25,71.5,16.206896551724));
#3545 = VECTOR('',#3546,1.);
#3546 = DIRECTION('',(1.,0.,0.));
#3547 = PLANE('',#3548);
#3548 = AXIS2_PLACEMENT_3D('',#3549,#3550,#3551);
#3549 = CARTESIAN_POINT('',(30.5,71.5,3.));
#3550 = DIRECTION('',(0.,1.,0.));
#3551 = DIRECTION('',(0.,0.,1.));
#3552 = ADVANCED_FACE('',(#3553),#3572,.F.);
#3553 = FACE_BOUND('',#3554,.F.);
#3554 = EDGE_LOOP('',(#3555,#3564,#3570,#3571));
#3555 = ORIENTED_EDGE('',*,*,#3556,.T.);
#3556 = EDGE_CURVE('',#3557,#3557,#3559,.T.);
#3557 = VERTEX_POINT('',#3558);
#3558 = CARTESIAN_POINT('',(9.8,87.,17.632183908046));
#3559 = ELLIPSE('',#3560,1.807593969119,1.8);
#3560 = AXIS2_PLACEMENT_3D('',#3561,#3562,#3563);
#3561 = CARTESIAN_POINT('',(8.,87.,17.632183908046));
#3562 = DIRECTION('',(0.,9.15677105628E-02,-0.99579885237));
#3563 = DIRECTION('',(0.,0.99579885237,9.15677105628E-02));
#3564 = ORIENTED_EDGE('',*,*,#3565,.F.);
#3565 = EDGE_CURVE('',#2213,#3557,#3566,.T.);
#3566 = LINE('',#3567,#3568);
#3567 = CARTESIAN_POINT('',(9.8,87.,0.));
#3568 = VECTOR('',#3569,1.);
#3569 = DIRECTION('',(0.,0.,1.));
#3570 = ORIENTED_EDGE('',*,*,#2212,.T.);
#3571 = ORIENTED_EDGE('',*,*,#3565,.T.);
#3572 = CYLINDRICAL_SURFACE('',#3573,1.8);
#3573 = AXIS2_PLACEMENT_3D('',#3574,#3575,#3576);
#3574 = CARTESIAN_POINT('',(8.,87.,0.));
#3575 = DIRECTION('',(0.,0.,1.));
#3576 = DIRECTION('',(1.,0.,0.));
#3577 = ADVANCED_FACE('',(#3578),#3603,.T.);
#3578 = FACE_BOUND('',#3579,.T.);
#3579 = EDGE_LOOP('',(#3580,#3588,#3589,#3597));
#3580 = ORIENTED_EDGE('',*,*,#3581,.F.);
#3581 = EDGE_CURVE('',#2224,#3582,#3584,.T.);
#3582 = VERTEX_POINT('',#3583);
#3583 = CARTESIAN_POINT('',(68.5,54.5,14.64367816092));
#3584 = LINE('',#3585,#3586);
#3585 = CARTESIAN_POINT('',(68.5,54.5,3.));
#3586 = VECTOR('',#3587,1.);
#3587 = DIRECTION('',(0.,0.,1.));
#3588 = ORIENTED_EDGE('',*,*,#2223,.T.);
#3589 = ORIENTED_EDGE('',*,*,#3590,.T.);
#3590 = EDGE_CURVE('',#2226,#3591,#3593,.T.);
#3591 = VERTEX_POINT('',#3592);
#3592 = CARTESIAN_POINT('',(51.5,54.5,14.64367816092));
#3593 = LINE('',#3594,#3595);
#3594 = CARTESIAN_POINT('',(51.5,54.5,3.));
#3595 = VECTOR('',#3596,1.);
#3596 = DIRECTION('',(0.,0.,1.));
#3597 = ORIENTED_EDGE('',*,*,#3598,.T.);
#3598 = EDGE_CURVE('',#3591,#3582,#3599,.T.);
#3599 = LINE('',#3600,#3601);
#3600 = CARTESIAN_POINT('',(83.75,54.5,14.64367816092));
#3601 = VECTOR('',#3602,1.);
#3602 = DIRECTION('',(1.,0.,0.));
#3603 = PLANE('',#3604);
#3604 = AXIS2_PLACEMENT_3D('',#3605,#3606,#3607);
#3605 = CARTESIAN_POINT('',(51.5,54.5,3.));
#3606 = DIRECTION('',(0.,1.,0.));
#3607 = DIRECTION('',(0.,0.,1.));
#3608 = ADVANCED_FACE('',(#3609),#3627,.F.);
#3609 = FACE_BOUND('',#3610,.F.);
#3610 = EDGE_LOOP('',(#3611,#3612,#3613,#3621));
#3611 = ORIENTED_EDGE('',*,*,#3581,.F.);
#3612 = ORIENTED_EDGE('',*,*,#2249,.T.);
#3613 = ORIENTED_EDGE('',*,*,#3614,.T.);
#3614 = EDGE_CURVE('',#2242,#3615,#3617,.T.);
#3615 = VERTEX_POINT('',#3616);
#3616 = CARTESIAN_POINT('',(68.5,71.5,16.206896551724));
#3617 = LINE('',#3618,#3619);
#3618 = CARTESIAN_POINT('',(68.5,71.5,3.));
#3619 = VECTOR('',#3620,1.);
#3620 = DIRECTION('',(0.,0.,1.));
#3621 = ORIENTED_EDGE('',*,*,#3622,.T.);
#3622 = EDGE_CURVE('',#3615,#3582,#3623,.T.);
#3623 = LINE('',#3624,#3625);
#3624 = CARTESIAN_POINT('',(68.5,72.219147124329,16.273025022927));
#3625 = VECTOR('',#3626,1.);
#3626 = DIRECTION('',(0.,-0.99579885237,-9.15677105628E-02));
#3627 = PLANE('',#3628);
#3628 = AXIS2_PLACEMENT_3D('',#3629,#3630,#3631);
#3629 = CARTESIAN_POINT('',(68.5,54.5,3.));
#3630 = DIRECTION('',(1.,0.,0.));
#3631 = DIRECTION('',(0.,0.,1.));
#3632 = ADVANCED_FACE('',(#3633),#3651,.T.);
#3633 = FACE_BOUND('',#3634,.T.);
#3634 = EDGE_LOOP('',(#3635,#3636,#3637,#3645));
#3635 = ORIENTED_EDGE('',*,*,#3590,.F.);
#3636 = ORIENTED_EDGE('',*,*,#2233,.T.);
#3637 = ORIENTED_EDGE('',*,*,#3638,.T.);
#3638 = EDGE_CURVE('',#2234,#3639,#3641,.T.);
#3639 = VERTEX_POINT('',#3640);
#3640 = CARTESIAN_POINT('',(51.5,71.5,16.206896551724));
#3641 = LINE('',#3642,#3643);
#3642 = CARTESIAN_POINT('',(51.5,71.5,3.));
#3643 = VECTOR('',#3644,1.);
#3644 = DIRECTION('',(0.,0.,1.));
#3645 = ORIENTED_EDGE('',*,*,#3646,.T.);
#3646 = EDGE_CURVE('',#3639,#3591,#3647,.T.);
#3647 = LINE('',#3648,#3649);
#3648 = CARTESIAN_POINT('',(51.5,72.219147124329,16.273025022927));
#3649 = VECTOR('',#3650,1.);
#3650 = DIRECTION('',(0.,-0.99579885237,-9.15677105628E-02));
#3651 = PLANE('',#3652);
#3652 = AXIS2_PLACEMENT_3D('',#3653,#3654,#3655);
#3653 = CARTESIAN_POINT('',(51.5,54.5,3.));
#3654 = DIRECTION('',(1.,0.,0.));
#3655 = DIRECTION('',(0.,0.,1.));
#3656 = ADVANCED_FACE('',(#3657),#3668,.F.);
#3657 = FACE_BOUND('',#3658,.F.);
#3658 = EDGE_LOOP('',(#3659,#3660,#3661,#3662));
#3659 = ORIENTED_EDGE('',*,*,#3614,.F.);
#3660 = ORIENTED_EDGE('',*,*,#2241,.T.);
#3661 = ORIENTED_EDGE('',*,*,#3638,.T.);
#3662 = ORIENTED_EDGE('',*,*,#3663,.T.);
#3663 = EDGE_CURVE('',#3639,#3615,#3664,.T.);
#3664 = LINE('',#3665,#3666);
#3665 = CARTESIAN_POINT('',(83.75,71.5,16.206896551724));
#3666 = VECTOR('',#3667,1.);
#3667 = DIRECTION('',(1.,0.,0.));
#3668 = PLANE('',#3669);
#3669 = AXIS2_PLACEMENT_3D('',#3670,#3671,#3672);
#3670 = CARTESIAN_POINT('',(51.5,71.5,3.));
#3671 = DIRECTION('',(0.,1.,0.));
#3672 = DIRECTION('',(0.,0.,1.));
#3673 = ADVANCED_FACE('',(#3674),#3699,.T.);
#3674 = FACE_BOUND('',#3675,.T.);
#3675 = EDGE_LOOP('',(#3676,#3684,#3685,#3693));
#3676 = ORIENTED_EDGE('',*,*,#3677,.F.);
#3677 = EDGE_CURVE('',#2258,#3678,#3680,.T.);
#3678 = VERTEX_POINT('',#3679);
#3679 = CARTESIAN_POINT('',(89.5,54.5,14.64367816092));
#3680 = LINE('',#3681,#3682);
#3681 = CARTESIAN_POINT('',(89.5,54.5,3.));
#3682 = VECTOR('',#3683,1.);
#3683 = DIRECTION('',(0.,0.,1.));
#3684 = ORIENTED_EDGE('',*,*,#2257,.T.);
#3685 = ORIENTED_EDGE('',*,*,#3686,.T.);
#3686 = EDGE_CURVE('',#2260,#3687,#3689,.T.);
#3687 = VERTEX_POINT('',#3688);
#3688 = CARTESIAN_POINT('',(72.5,54.5,14.64367816092));
#3689 = LINE('',#3690,#3691);
#3690 = CARTESIAN_POINT('',(72.5,54.5,3.));
#3691 = VECTOR('',#3692,1.);
#3692 = DIRECTION('',(0.,0.,1.));
#3693 = ORIENTED_EDGE('',*,*,#3694,.T.);
#3694 = EDGE_CURVE('',#3687,#3678,#3695,.T.);
#3695 = LINE('',#3696,#3697);
#3696 = CARTESIAN_POINT('',(94.25,54.5,14.64367816092));
#3697 = VECTOR('',#3698,1.);
#3698 = DIRECTION('',(1.,0.,0.));
#3699 = PLANE('',#3700);
#3700 = AXIS2_PLACEMENT_3D('',#3701,#3702,#3703);
#3701 = CARTESIAN_POINT('',(72.5,54.5,3.));
#3702 = DIRECTION('',(0.,1.,0.));
#3703 = DIRECTION('',(0.,0.,1.));
#3704 = ADVANCED_FACE('',(#3705),#3723,.F.);
#3705 = FACE_BOUND('',#3706,.F.);
#3706 = EDGE_LOOP('',(#3707,#3708,#3709,#3717));
#3707 = ORIENTED_EDGE('',*,*,#3677,.F.);
#3708 = ORIENTED_EDGE('',*,*,#2283,.T.);
#3709 = ORIENTED_EDGE('',*,*,#3710,.T.);
#3710 = EDGE_CURVE('',#2276,#3711,#3713,.T.);
#3711 = VERTEX_POINT('',#3712);
#3712 = CARTESIAN_POINT('',(89.5,71.5,16.206896551724));
#3713 = LINE('',#3714,#3715);
#3714 = CARTESIAN_POINT('',(89.5,71.5,3.));
#3715 = VECTOR('',#3716,1.);
#3716 = DIRECTION('',(0.,0.,1.));
#3717 = ORIENTED_EDGE('',*,*,#3718,.T.);
#3718 = EDGE_CURVE('',#3711,#3678,#3719,.T.);
#3719 = LINE('',#3720,#3721);
#3720 = CARTESIAN_POINT('',(89.5,72.219147124329,16.273025022927));
#3721 = VECTOR('',#3722,1.);
#3722 = DIRECTION('',(0.,-0.99579885237,-9.15677105628E-02));
#3723 = PLANE('',#3724);
#3724 = AXIS2_PLACEMENT_3D('',#3725,#3726,#3727);
#3725 = CARTESIAN_POINT('',(89.5,54.5,3.));
#3726 = DIRECTION('',(1.,0.,0.));
#3727 = DIRECTION('',(0.,0.,1.));
#3728 = ADVANCED_FACE('',(#3729),#3747,.T.);
#3729 = FACE_BOUND('',#3730,.T.);
#3730 = EDGE_LOOP('',(#3731,#3732,#3733,#3741));
#3731 = ORIENTED_EDGE('',*,*,#3686,.F.);
#3732 = ORIENTED_EDGE('',*,*,#2267,.T.);
#3733 = ORIENTED_EDGE('',*,*,#3734,.T.);
#3734 = EDGE_CURVE('',#2268,#3735,#3737,.T.);
#3735 = VERTEX_POINT('',#3736);
#3736 = CARTESIAN_POINT('',(72.5,71.5,16.206896551724));
#3737 = LINE('',#3738,#3739);
#3738 = CARTESIAN_POINT('',(72.5,71.5,3.));
#3739 = VECTOR('',#3740,1.);
#3740 = DIRECTION('',(0.,0.,1.));
#3741 = ORIENTED_EDGE('',*,*,#3742,.T.);
#3742 = EDGE_CURVE('',#3735,#3687,#3743,.T.);
#3743 = LINE('',#3744,#3745);
#3744 = CARTESIAN_POINT('',(72.5,72.219147124329,16.273025022927));
#3745 = VECTOR('',#3746,1.);
#3746 = DIRECTION('',(0.,-0.99579885237,-9.15677105628E-02));
#3747 = PLANE('',#3748);
#3748 = AXIS2_PLACEMENT_3D('',#3749,#3750,#3751);
#3749 = CARTESIAN_POINT('',(72.5,54.5,3.));
#3750 = DIRECTION('',(1.,0.,0.));
#3751 = DIRECTION('',(0.,0.,1.));
#3752 = ADVANCED_FACE('',(#3753),#3764,.F.);
#3753 = FACE_BOUND('',#3754,.F.);
#3754 = EDGE_LOOP('',(#3755,#3756,#3757,#3758));
#3755 = ORIENTED_EDGE('',*,*,#3710,.F.);
#3756 = ORIENTED_EDGE('',*,*,#2275,.T.);
#3757 = ORIENTED_EDGE('',*,*,#3734,.T.);
#3758 = ORIENTED_EDGE('',*,*,#3759,.T.);
#3759 = EDGE_CURVE('',#3735,#3711,#3760,.T.);
#3760 = LINE('',#3761,#3762);
#3761 = CARTESIAN_POINT('',(94.25,71.5,16.206896551724));
#3762 = VECTOR('',#3763,1.);
#3763 = DIRECTION('',(1.,0.,0.));
#3764 = PLANE('',#3765);
#3765 = AXIS2_PLACEMENT_3D('',#3766,#3767,#3768);
#3766 = CARTESIAN_POINT('',(72.5,71.5,3.));
#3767 = DIRECTION('',(0.,1.,0.));
#3768 = DIRECTION('',(0.,0.,1.));
#3769 = ADVANCED_FACE('',(#3770),#3789,.F.);
#3770 = FACE_BOUND('',#3771,.F.);
#3771 = EDGE_LOOP('',(#3772,#3781,#3787,#3788));
#3772 = ORIENTED_EDGE('',*,*,#3773,.T.);
#3773 = EDGE_CURVE('',#3774,#3774,#3776,.T.);
#3774 = VERTEX_POINT('',#3775);
#3775 = CARTESIAN_POINT('',(113.8,87.,17.632183908046));
#3776 = ELLIPSE('',#3777,1.807593969119,1.8);
#3777 = AXIS2_PLACEMENT_3D('',#3778,#3779,#3780);
#3778 = CARTESIAN_POINT('',(112.,87.,17.632183908046));
#3779 = DIRECTION('',(0.,9.15677105628E-02,-0.99579885237));
#3780 = DIRECTION('',(0.,0.99579885237,9.15677105628E-02));
#3781 = ORIENTED_EDGE('',*,*,#3782,.F.);
#3782 = EDGE_CURVE('',#2292,#3774,#3783,.T.);
#3783 = LINE('',#3784,#3785);
#3784 = CARTESIAN_POINT('',(113.8,87.,0.));
#3785 = VECTOR('',#3786,1.);
#3786 = DIRECTION('',(0.,0.,1.));
#3787 = ORIENTED_EDGE('',*,*,#2291,.T.);
#3788 = ORIENTED_EDGE('',*,*,#3782,.T.);
#3789 = CYLINDRICAL_SURFACE('',#3790,1.8);
#3790 = AXIS2_PLACEMENT_3D('',#3791,#3792,#3793);
#3791 = CARTESIAN_POINT('',(112.,87.,0.));
#3792 = DIRECTION('',(0.,0.,1.));
#3793 = DIRECTION('',(1.,0.,0.));
#3794 = ADVANCED_FACE('',(#3795,#3807,#3810,#3816,#3822,#3828,#3834,
    #3837,#3843,#3849,#3855,#3861,#3867,#3870,#3876,#3882,#3888),#3891,
  .F.);
#3795 = FACE_BOUND('',#3796,.F.);
#3796 = EDGE_LOOP('',(#3797,#3798,#3799,#3800,#3801,#3802,#3803,#3804,
    #3805,#3806));
#3797 = ORIENTED_EDGE('',*,*,#2514,.F.);
#3798 = ORIENTED_EDGE('',*,*,#2531,.T.);
#3799 = ORIENTED_EDGE('',*,*,#2325,.T.);
#3800 = ORIENTED_EDGE('',*,*,#2340,.F.);
#3801 = ORIENTED_EDGE('',*,*,#2372,.T.);
#3802 = ORIENTED_EDGE('',*,*,#2388,.T.);
#3803 = ORIENTED_EDGE('',*,*,#2420,.T.);
#3804 = ORIENTED_EDGE('',*,*,#2444,.T.);
#3805 = ORIENTED_EDGE('',*,*,#2468,.F.);
#3806 = ORIENTED_EDGE('',*,*,#2484,.F.);
#3807 = FACE_BOUND('',#3808,.F.);
#3808 = EDGE_LOOP('',(#3809));
#3809 = ORIENTED_EDGE('',*,*,#3147,.F.);
#3810 = FACE_BOUND('',#3811,.F.);
#3811 = EDGE_LOOP('',(#3812,#3813,#3814,#3815));
#3812 = ORIENTED_EDGE('',*,*,#3133,.F.);
#3813 = ORIENTED_EDGE('',*,*,#3116,.T.);
#3814 = ORIENTED_EDGE('',*,*,#3068,.T.);
#3815 = ORIENTED_EDGE('',*,*,#3092,.F.);
#3816 = FACE_BOUND('',#3817,.F.);
#3817 = EDGE_LOOP('',(#3818,#3819,#3820,#3821));
#3818 = ORIENTED_EDGE('',*,*,#3350,.F.);
#3819 = ORIENTED_EDGE('',*,*,#3333,.T.);
#3820 = ORIENTED_EDGE('',*,*,#3285,.T.);
#3821 = ORIENTED_EDGE('',*,*,#3309,.F.);
#3822 = FACE_BOUND('',#3823,.F.);
#3823 = EDGE_LOOP('',(#3824,#3825,#3826,#3827));
#3824 = ORIENTED_EDGE('',*,*,#3037,.F.);
#3825 = ORIENTED_EDGE('',*,*,#3020,.T.);
#3826 = ORIENTED_EDGE('',*,*,#2972,.T.);
#3827 = ORIENTED_EDGE('',*,*,#2996,.F.);
#3828 = FACE_BOUND('',#3829,.F.);
#3829 = EDGE_LOOP('',(#3830,#3831,#3832,#3833));
#3830 = ORIENTED_EDGE('',*,*,#2749,.F.);
#3831 = ORIENTED_EDGE('',*,*,#2732,.T.);
#3832 = ORIENTED_EDGE('',*,*,#2684,.T.);
#3833 = ORIENTED_EDGE('',*,*,#2708,.F.);
#3834 = FACE_BOUND('',#3835,.F.);
#3835 = EDGE_LOOP('',(#3836));
#3836 = ORIENTED_EDGE('',*,*,#2546,.F.);
#3837 = FACE_BOUND('',#3838,.F.);
#3838 = EDGE_LOOP('',(#3839,#3840,#3841,#3842));
#3839 = ORIENTED_EDGE('',*,*,#2653,.F.);
#3840 = ORIENTED_EDGE('',*,*,#2636,.T.);
#3841 = ORIENTED_EDGE('',*,*,#2588,.T.);
#3842 = ORIENTED_EDGE('',*,*,#2612,.F.);
#3843 = FACE_BOUND('',#3844,.F.);
#3844 = EDGE_LOOP('',(#3845,#3846,#3847,#3848));
#3845 = ORIENTED_EDGE('',*,*,#3254,.F.);
#3846 = ORIENTED_EDGE('',*,*,#3237,.T.);
#3847 = ORIENTED_EDGE('',*,*,#3189,.T.);
#3848 = ORIENTED_EDGE('',*,*,#3213,.F.);
#3849 = FACE_BOUND('',#3850,.F.);
#3850 = EDGE_LOOP('',(#3851,#3852,#3853,#3854));
#3851 = ORIENTED_EDGE('',*,*,#2941,.F.);
#3852 = ORIENTED_EDGE('',*,*,#2924,.T.);
#3853 = ORIENTED_EDGE('',*,*,#2876,.T.);
#3854 = ORIENTED_EDGE('',*,*,#2900,.F.);
#3855 = FACE_BOUND('',#3856,.F.);
#3856 = EDGE_LOOP('',(#3857,#3858,#3859,#3860));
#3857 = ORIENTED_EDGE('',*,*,#2845,.F.);
#3858 = ORIENTED_EDGE('',*,*,#2828,.T.);
#3859 = ORIENTED_EDGE('',*,*,#2780,.T.);
#3860 = ORIENTED_EDGE('',*,*,#2804,.F.);
#3861 = FACE_BOUND('',#3862,.F.);
#3862 = EDGE_LOOP('',(#3863,#3864,#3865,#3866));
#3863 = ORIENTED_EDGE('',*,*,#3759,.F.);
#3864 = ORIENTED_EDGE('',*,*,#3742,.T.);
#3865 = ORIENTED_EDGE('',*,*,#3694,.T.);
#3866 = ORIENTED_EDGE('',*,*,#3718,.F.);
#3867 = FACE_BOUND('',#3868,.F.);
#3868 = EDGE_LOOP('',(#3869));
#3869 = ORIENTED_EDGE('',*,*,#3773,.F.);
#3870 = FACE_BOUND('',#3871,.F.);
#3871 = EDGE_LOOP('',(#3872,#3873,#3874,#3875));
#3872 = ORIENTED_EDGE('',*,*,#3663,.F.);
#3873 = ORIENTED_EDGE('',*,*,#3646,.T.);
#3874 = ORIENTED_EDGE('',*,*,#3598,.T.);
#3875 = ORIENTED_EDGE('',*,*,#3622,.F.);
#3876 = FACE_BOUND('',#3877,.F.);
#3877 = EDGE_LOOP('',(#3878,#3879,#3880,#3881));
#3878 = ORIENTED_EDGE('',*,*,#3542,.F.);
#3879 = ORIENTED_EDGE('',*,*,#3525,.T.);
#3880 = ORIENTED_EDGE('',*,*,#3477,.T.);
#3881 = ORIENTED_EDGE('',*,*,#3501,.F.);
#3882 = FACE_BOUND('',#3883,.F.);
#3883 = EDGE_LOOP('',(#3884,#3885,#3886,#3887));
#3884 = ORIENTED_EDGE('',*,*,#3446,.F.);
#3885 = ORIENTED_EDGE('',*,*,#3429,.T.);
#3886 = ORIENTED_EDGE('',*,*,#3381,.T.);
#3887 = ORIENTED_EDGE('',*,*,#3405,.F.);
#3888 = FACE_BOUND('',#3889,.F.);
#3889 = EDGE_LOOP('',(#3890));
#3890 = ORIENTED_EDGE('',*,*,#3556,.F.);
#3891 = PLANE('',#3892);
#3892 = AXIS2_PLACEMENT_3D('',#3893,#3894,#3895);
#3893 = CARTESIAN_POINT('',(116.,91.,18.));
#3894 = DIRECTION('',(0.,9.15677105628E-02,-0.99579885237));
#3895 = DIRECTION('',(-1.,0.,0.));
#3896 = ( GEOMETRIC_REPRESENTATION_CONTEXT(3) 
GLOBAL_UNCERTAINTY_ASSIGNED_CONTEXT((#3900)) 
GLOBAL_UNIT_ASSIGNED_CONTEXT((#3897,#3898,#3899)) REPRESENTATION_CONTEXT
('Context #1','3D Context with UNIT and UNCERTAINTY') );
#3897 = ( LENGTH_UNIT() NAMED_UNIT(*) SI_UNIT(.MILLI.,.METRE.) );
#3898 = ( NAMED_UNIT(*) PLANE_ANGLE_UNIT() SI_UNIT($,.RADIAN.) );
#3899 = ( NAMED_UNIT(*) SI_UNIT($,.STERADIAN.) SOLID_ANGLE_UNIT() );
#3900 = UNCERTAINTY_MEASURE_WITH_UNIT(LENGTH_MEASURE(2.E-07),#3897,
  'distance_accuracy_value','confusion accuracy');
#3901 = CONTEXT_DEPENDENT_SHAPE_REPRESENTATION(#3902,#3904);
#3902 = ( REPRESENTATION_RELATIONSHIP('','',#1763,#10) 
REPRESENTATION_RELATIONSHIP_WITH_TRANSFORMATION(#3903) 
SHAPE_REPRESENTATION_RELATIONSHIP() );
#3903 = ITEM_DEFINED_TRANSFORMATION('','',#11,#27);
#3904 = PRODUCT_DEFINITION_SHAPE('Placement','Placement of an item',
  #3905);
#3905 = NEXT_ASSEMBLY_USAGE_OCCURRENCE('4','TopShell','',#5,#1758,$);
#3906 = PRODUCT_RELATED_PRODUCT_CATEGORY('part',$,(#1760));
#3907 = SHAPE_DEFINITION_REPRESENTATION(#3908,#3914);
#3908 = PRODUCT_DEFINITION_SHAPE('','',#3909);
#3909 = PRODUCT_DEFINITION('design','',#3910,#3913);
#3910 = PRODUCT_DEFINITION_FORMATION('','',#3911);
#3911 = PRODUCT('OLED','OLED','',(#3912));
#3912 = PRODUCT_CONTEXT('',#2,'mechanical');
#3913 = PRODUCT_DEFINITION_CONTEXT('part definition',#2,'design');
#3914 = ADVANCED_BREP_SHAPE_REPRESENTATION('',(#11,#3915),#4065);
#3915 = MANIFOLD_SOLID_BREP('',#3916);
#3916 = CLOSED_SHELL('',(#3917,#3957,#3997,#4019,#4041,#4053));
#3917 = ADVANCED_FACE('',(#3918),#3952,.F.);
#3918 = FACE_BOUND('',#3919,.F.);
#3919 = EDGE_LOOP('',(#3920,#3930,#3938,#3946));
#3920 = ORIENTED_EDGE('',*,*,#3921,.F.);
#3921 = EDGE_CURVE('',#3922,#3924,#3926,.T.);
#3922 = VERTEX_POINT('',#3923);
#3923 = CARTESIAN_POINT('',(41.,77.,10.));
#3924 = VERTEX_POINT('',#3925);
#3925 = CARTESIAN_POINT('',(41.,77.,14.));
#3926 = LINE('',#3927,#3928);
#3927 = CARTESIAN_POINT('',(41.,77.,10.));
#3928 = VECTOR('',#3929,1.);
#3929 = DIRECTION('',(0.,0.,1.));
#3930 = ORIENTED_EDGE('',*,*,#3931,.T.);
#3931 = EDGE_CURVE('',#3922,#3932,#3934,.T.);
#3932 = VERTEX_POINT('',#3933);
#3933 = CARTESIAN_POINT('',(41.,89.,10.));
#3934 = LINE('',#3935,#3936);
#3935 = CARTESIAN_POINT('',(41.,77.,10.));
#3936 = VECTOR('',#3937,1.);
#3937 = DIRECTION('',(-0.,1.,0.));
#3938 = ORIENTED_EDGE('',*,*,#3939,.T.);
#3939 = EDGE_CURVE('',#3932,#3940,#3942,.T.);
#3940 = VERTEX_POINT('',#3941);
#3941 = CARTESIAN_POINT('',(41.,89.,14.));
#3942 = LINE('',#3943,#3944);
#3943 = CARTESIAN_POINT('',(41.,89.,10.));
#3944 = VECTOR('',#3945,1.);
#3945 = DIRECTION('',(0.,0.,1.));
#3946 = ORIENTED_EDGE('',*,*,#3947,.F.);
#3947 = EDGE_CURVE('',#3924,#3940,#3948,.T.);
#3948 = LINE('',#3949,#3950);
#3949 = CARTESIAN_POINT('',(41.,77.,14.));
#3950 = VECTOR('',#3951,1.);
#3951 = DIRECTION('',(-0.,1.,0.));
#3952 = PLANE('',#3953);
#3953 = AXIS2_PLACEMENT_3D('',#3954,#3955,#3956);
#3954 = CARTESIAN_POINT('',(41.,77.,10.));
#3955 = DIRECTION('',(1.,0.,-0.));
#3956 = DIRECTION('',(0.,0.,1.));
#3957 = ADVANCED_FACE('',(#3958),#3992,.T.);
#3958 = FACE_BOUND('',#3959,.T.);
#3959 = EDGE_LOOP('',(#3960,#3970,#3978,#3986));
#3960 = ORIENTED_EDGE('',*,*,#3961,.F.);
#3961 = EDGE_CURVE('',#3962,#3964,#3966,.T.);
#3962 = VERTEX_POINT('',#3963);
#3963 = CARTESIAN_POINT('',(79.,77.,10.));
#3964 = VERTEX_POINT('',#3965);
#3965 = CARTESIAN_POINT('',(79.,77.,14.));
#3966 = LINE('',#3967,#3968);
#3967 = CARTESIAN_POINT('',(79.,77.,10.));
#3968 = VECTOR('',#3969,1.);
#3969 = DIRECTION('',(0.,0.,1.));
#3970 = ORIENTED_EDGE('',*,*,#3971,.T.);
#3971 = EDGE_CURVE('',#3962,#3972,#3974,.T.);
#3972 = VERTEX_POINT('',#3973);
#3973 = CARTESIAN_POINT('',(79.,89.,10.));
#3974 = LINE('',#3975,#3976);
#3975 = CARTESIAN_POINT('',(79.,77.,10.));
#3976 = VECTOR('',#3977,1.);
#3977 = DIRECTION('',(-0.,1.,0.));
#3978 = ORIENTED_EDGE('',*,*,#3979,.T.);
#3979 = EDGE_CURVE('',#3972,#3980,#3982,.T.);
#3980 = VERTEX_POINT('',#3981);
#3981 = CARTESIAN_POINT('',(79.,89.,14.));
#3982 = LINE('',#3983,#3984);
#3983 = CARTESIAN_POINT('',(79.,89.,10.));
#3984 = VECTOR('',#3985,1.);
#3985 = DIRECTION('',(0.,0.,1.));
#3986 = ORIENTED_EDGE('',*,*,#3987,.F.);
#3987 = EDGE_CURVE('',#3964,#3980,#3988,.T.);
#3988 = LINE('',#3989,#3990);
#3989 = CARTESIAN_POINT('',(79.,77.,14.));
#3990 = VECTOR('',#3991,1.);
#3991 = DIRECTION('',(-0.,1.,0.));
#3992 = PLANE('',#3993);
#3993 = AXIS2_PLACEMENT_3D('',#3994,#3995,#3996);
#3994 = CARTESIAN_POINT('',(79.,77.,10.));
#3995 = DIRECTION('',(1.,0.,-0.));
#3996 = DIRECTION('',(0.,0.,1.));
#3997 = ADVANCED_FACE('',(#3998),#4014,.F.);
#3998 = FACE_BOUND('',#3999,.F.);
#3999 = EDGE_LOOP('',(#4000,#4006,#4007,#4013));
#4000 = ORIENTED_EDGE('',*,*,#4001,.F.);
#4001 = EDGE_CURVE('',#3922,#3962,#4002,.T.);
#4002 = LINE('',#4003,#4004);
#4003 = CARTESIAN_POINT('',(41.,77.,10.));
#4004 = VECTOR('',#4005,1.);
#4005 = DIRECTION('',(1.,0.,-0.));
#4006 = ORIENTED_EDGE('',*,*,#3921,.T.);
#4007 = ORIENTED_EDGE('',*,*,#4008,.T.);
#4008 = EDGE_CURVE('',#3924,#3964,#4009,.T.);
#4009 = LINE('',#4010,#4011);
#4010 = CARTESIAN_POINT('',(41.,77.,14.));
#4011 = VECTOR('',#4012,1.);
#4012 = DIRECTION('',(1.,0.,-0.));
#4013 = ORIENTED_EDGE('',*,*,#3961,.F.);
#4014 = PLANE('',#4015);
#4015 = AXIS2_PLACEMENT_3D('',#4016,#4017,#4018);
#4016 = CARTESIAN_POINT('',(41.,77.,10.));
#4017 = DIRECTION('',(-0.,1.,0.));
#4018 = DIRECTION('',(0.,0.,1.));
#4019 = ADVANCED_FACE('',(#4020),#4036,.T.);
#4020 = FACE_BOUND('',#4021,.T.);
#4021 = EDGE_LOOP('',(#4022,#4028,#4029,#4035));
#4022 = ORIENTED_EDGE('',*,*,#4023,.F.);
#4023 = EDGE_CURVE('',#3932,#3972,#4024,.T.);
#4024 = LINE('',#4025,#4026);
#4025 = CARTESIAN_POINT('',(41.,89.,10.));
#4026 = VECTOR('',#4027,1.);
#4027 = DIRECTION('',(1.,0.,-0.));
#4028 = ORIENTED_EDGE('',*,*,#3939,.T.);
#4029 = ORIENTED_EDGE('',*,*,#4030,.T.);
#4030 = EDGE_CURVE('',#3940,#3980,#4031,.T.);
#4031 = LINE('',#4032,#4033);
#4032 = CARTESIAN_POINT('',(41.,89.,14.));
#4033 = VECTOR('',#4034,1.);
#4034 = DIRECTION('',(1.,0.,-0.));
#4035 = ORIENTED_EDGE('',*,*,#3979,.F.);
#4036 = PLANE('',#4037);
#4037 = AXIS2_PLACEMENT_3D('',#4038,#4039,#4040);
#4038 = CARTESIAN_POINT('',(41.,89.,10.));
#4039 = DIRECTION('',(-0.,1.,0.));
#4040 = DIRECTION('',(0.,0.,1.));
#4041 = ADVANCED_FACE('',(#4042),#4048,.F.);
#4042 = FACE_BOUND('',#4043,.F.);
#4043 = EDGE_LOOP('',(#4044,#4045,#4046,#4047));
#4044 = ORIENTED_EDGE('',*,*,#3931,.F.);
#4045 = ORIENTED_EDGE('',*,*,#4001,.T.);
#4046 = ORIENTED_EDGE('',*,*,#3971,.T.);
#4047 = ORIENTED_EDGE('',*,*,#4023,.F.);
#4048 = PLANE('',#4049);
#4049 = AXIS2_PLACEMENT_3D('',#4050,#4051,#4052);
#4050 = CARTESIAN_POINT('',(41.,77.,10.));
#4051 = DIRECTION('',(0.,0.,1.));
#4052 = DIRECTION('',(1.,0.,-0.));
#4053 = ADVANCED_FACE('',(#4054),#4060,.T.);
#4054 = FACE_BOUND('',#4055,.T.);
#4055 = EDGE_LOOP('',(#4056,#4057,#4058,#4059));
#4056 = ORIENTED_EDGE('',*,*,#3947,.F.);
#4057 = ORIENTED_EDGE('',*,*,#4008,.T.);
#4058 = ORIENTED_EDGE('',*,*,#3987,.T.);
#4059 = ORIENTED_EDGE('',*,*,#4030,.F.);
#4060 = PLANE('',#4061);
#4061 = AXIS2_PLACEMENT_3D('',#4062,#4063,#4064);
#4062 = CARTESIAN_POINT('',(41.,77.,14.));
#4063 = DIRECTION('',(0.,0.,1.));
#4064 = DIRECTION('',(1.,0.,-0.));
#4065 = ( GEOMETRIC_REPRESENTATION_CONTEXT(3) 
GLOBAL_UNCERTAINTY_ASSIGNED_CONTEXT((#4069)) 
GLOBAL_UNIT_ASSIGNED_CONTEXT((#4066,#4067,#4068)) REPRESENTATION_CONTEXT
('Context #1','3D Context with UNIT and UNCERTAINTY') );
#4066 = ( LENGTH_UNIT() NAMED_UNIT(*) SI_UNIT(.MILLI.,.METRE.) );
#4067 = ( NAMED_UNIT(*) PLANE_ANGLE_UNIT() SI_UNIT($,.RADIAN.) );
#4068 = ( NAMED_UNIT(*) SI_UNIT($,.STERADIAN.) SOLID_ANGLE_UNIT() );
#4069 = UNCERTAINTY_MEASURE_WITH_UNIT(LENGTH_MEASURE(1.E-07),#4066,
  'distance_accuracy_value','confusion accuracy');
#4070 = CONTEXT_DEPENDENT_SHAPE_REPRESENTATION(#4071,#4073);
#4071 = ( REPRESENTATION_RELATIONSHIP('','',#3914,#10) 
REPRESENTATION_RELATIONSHIP_WITH_TRANSFORMATION(#4072) 
SHAPE_REPRESENTATION_RELATIONSHIP() );
#4072 = ITEM_DEFINED_TRANSFORMATION('','',#11,#31);
#4073 = PRODUCT_DEFINITION_SHAPE('Placement','Placement of an item',
  #4074);
#4074 = NEXT_ASSEMBLY_USAGE_OCCURRENCE('5','OLED','',#5,#3909,$);
#4075 = PRODUCT_RELATED_PRODUCT_CATEGORY('part',$,(#3911));
#4076 = SHAPE_DEFINITION_REPRESENTATION(#4077,#4083);
#4077 = PRODUCT_DEFINITION_SHAPE('','',#4078);
#4078 = PRODUCT_DEFINITION('design','',#4079,#4082);
#4079 = PRODUCT_DEFINITION_FORMATION('','',#4080);
#4080 = PRODUCT('LocatingPins','LocatingPins','',(#4081));
#4081 = PRODUCT_CONTEXT('',#2,'mechanical');
#4082 = PRODUCT_DEFINITION_CONTEXT('part definition',#2,'design');
#4083 = SHAPE_REPRESENTATION('',(#11,#4084,#4137,#4190,#4243),#4296);
#4084 = MANIFOLD_SOLID_BREP('',#4085);
#4085 = CLOSED_SHELL('',(#4086,#4119,#4128));
#4086 = ADVANCED_FACE('',(#4087),#4114,.T.);
#4087 = FACE_BOUND('',#4088,.T.);
#4088 = EDGE_LOOP('',(#4089,#4098,#4106,#4113));
#4089 = ORIENTED_EDGE('',*,*,#4090,.F.);
#4090 = EDGE_CURVE('',#4091,#4091,#4093,.T.);
#4091 = VERTEX_POINT('',#4092);
#4092 = CARTESIAN_POINT('',(20.,18.,7.));
#4093 = CIRCLE('',#4094,2.);
#4094 = AXIS2_PLACEMENT_3D('',#4095,#4096,#4097);
#4095 = CARTESIAN_POINT('',(18.,18.,7.));
#4096 = DIRECTION('',(0.,0.,1.));
#4097 = DIRECTION('',(1.,0.,-0.));
#4098 = ORIENTED_EDGE('',*,*,#4099,.F.);
#4099 = EDGE_CURVE('',#4100,#4091,#4102,.T.);
#4100 = VERTEX_POINT('',#4101);
#4101 = CARTESIAN_POINT('',(20.,18.,4.));
#4102 = LINE('',#4103,#4104);
#4103 = CARTESIAN_POINT('',(20.,18.,4.));
#4104 = VECTOR('',#4105,1.);
#4105 = DIRECTION('',(0.,0.,1.));
#4106 = ORIENTED_EDGE('',*,*,#4107,.T.);
#4107 = EDGE_CURVE('',#4100,#4100,#4108,.T.);
#4108 = CIRCLE('',#4109,2.);
#4109 = AXIS2_PLACEMENT_3D('',#4110,#4111,#4112);
#4110 = CARTESIAN_POINT('',(18.,18.,4.));
#4111 = DIRECTION('',(0.,0.,1.));
#4112 = DIRECTION('',(1.,0.,-0.));
#4113 = ORIENTED_EDGE('',*,*,#4099,.T.);
#4114 = CYLINDRICAL_SURFACE('',#4115,2.);
#4115 = AXIS2_PLACEMENT_3D('',#4116,#4117,#4118);
#4116 = CARTESIAN_POINT('',(18.,18.,4.));
#4117 = DIRECTION('',(0.,0.,1.));
#4118 = DIRECTION('',(1.,0.,-0.));
#4119 = ADVANCED_FACE('',(#4120),#4123,.T.);
#4120 = FACE_BOUND('',#4121,.T.);
#4121 = EDGE_LOOP('',(#4122));
#4122 = ORIENTED_EDGE('',*,*,#4090,.T.);
#4123 = PLANE('',#4124);
#4124 = AXIS2_PLACEMENT_3D('',#4125,#4126,#4127);
#4125 = CARTESIAN_POINT('',(18.,18.,7.));
#4126 = DIRECTION('',(0.,0.,1.));
#4127 = DIRECTION('',(1.,0.,-0.));
#4128 = ADVANCED_FACE('',(#4129),#4132,.F.);
#4129 = FACE_BOUND('',#4130,.T.);
#4130 = EDGE_LOOP('',(#4131));
#4131 = ORIENTED_EDGE('',*,*,#4107,.F.);
#4132 = PLANE('',#4133);
#4133 = AXIS2_PLACEMENT_3D('',#4134,#4135,#4136);
#4134 = CARTESIAN_POINT('',(18.,18.,4.));
#4135 = DIRECTION('',(0.,0.,1.));
#4136 = DIRECTION('',(1.,0.,-0.));
#4137 = MANIFOLD_SOLID_BREP('',#4138);
#4138 = CLOSED_SHELL('',(#4139,#4172,#4181));
#4139 = ADVANCED_FACE('',(#4140),#4167,.T.);
#4140 = FACE_BOUND('',#4141,.T.);
#4141 = EDGE_LOOP('',(#4142,#4151,#4159,#4166));
#4142 = ORIENTED_EDGE('',*,*,#4143,.F.);
#4143 = EDGE_CURVE('',#4144,#4144,#4146,.T.);
#4144 = VERTEX_POINT('',#4145);
#4145 = CARTESIAN_POINT('',(104.,18.,7.));
#4146 = CIRCLE('',#4147,2.);
#4147 = AXIS2_PLACEMENT_3D('',#4148,#4149,#4150);
#4148 = CARTESIAN_POINT('',(102.,18.,7.));
#4149 = DIRECTION('',(0.,0.,1.));
#4150 = DIRECTION('',(1.,0.,-0.));
#4151 = ORIENTED_EDGE('',*,*,#4152,.F.);
#4152 = EDGE_CURVE('',#4153,#4144,#4155,.T.);
#4153 = VERTEX_POINT('',#4154);
#4154 = CARTESIAN_POINT('',(104.,18.,4.));
#4155 = LINE('',#4156,#4157);
#4156 = CARTESIAN_POINT('',(104.,18.,4.));
#4157 = VECTOR('',#4158,1.);
#4158 = DIRECTION('',(0.,0.,1.));
#4159 = ORIENTED_EDGE('',*,*,#4160,.T.);
#4160 = EDGE_CURVE('',#4153,#4153,#4161,.T.);
#4161 = CIRCLE('',#4162,2.);
#4162 = AXIS2_PLACEMENT_3D('',#4163,#4164,#4165);
#4163 = CARTESIAN_POINT('',(102.,18.,4.));
#4164 = DIRECTION('',(0.,0.,1.));
#4165 = DIRECTION('',(1.,0.,-0.));
#4166 = ORIENTED_EDGE('',*,*,#4152,.T.);
#4167 = CYLINDRICAL_SURFACE('',#4168,2.);
#4168 = AXIS2_PLACEMENT_3D('',#4169,#4170,#4171);
#4169 = CARTESIAN_POINT('',(102.,18.,4.));
#4170 = DIRECTION('',(0.,0.,1.));
#4171 = DIRECTION('',(1.,0.,-0.));
#4172 = ADVANCED_FACE('',(#4173),#4176,.T.);
#4173 = FACE_BOUND('',#4174,.T.);
#4174 = EDGE_LOOP('',(#4175));
#4175 = ORIENTED_EDGE('',*,*,#4143,.T.);
#4176 = PLANE('',#4177);
#4177 = AXIS2_PLACEMENT_3D('',#4178,#4179,#4180);
#4178 = CARTESIAN_POINT('',(102.,18.,7.));
#4179 = DIRECTION('',(0.,0.,1.));
#4180 = DIRECTION('',(1.,0.,-0.));
#4181 = ADVANCED_FACE('',(#4182),#4185,.F.);
#4182 = FACE_BOUND('',#4183,.T.);
#4183 = EDGE_LOOP('',(#4184));
#4184 = ORIENTED_EDGE('',*,*,#4160,.F.);
#4185 = PLANE('',#4186);
#4186 = AXIS2_PLACEMENT_3D('',#4187,#4188,#4189);
#4187 = CARTESIAN_POINT('',(102.,18.,4.));
#4188 = DIRECTION('',(0.,0.,1.));
#4189 = DIRECTION('',(1.,0.,-0.));
#4190 = MANIFOLD_SOLID_BREP('',#4191);
#4191 = CLOSED_SHELL('',(#4192,#4225,#4234));
#4192 = ADVANCED_FACE('',(#4193),#4220,.T.);
#4193 = FACE_BOUND('',#4194,.T.);
#4194 = EDGE_LOOP('',(#4195,#4204,#4212,#4219));
#4195 = ORIENTED_EDGE('',*,*,#4196,.F.);
#4196 = EDGE_CURVE('',#4197,#4197,#4199,.T.);
#4197 = VERTEX_POINT('',#4198);
#4198 = CARTESIAN_POINT('',(20.,77.,7.));
#4199 = CIRCLE('',#4200,2.);
#4200 = AXIS2_PLACEMENT_3D('',#4201,#4202,#4203);
#4201 = CARTESIAN_POINT('',(18.,77.,7.));
#4202 = DIRECTION('',(0.,0.,1.));
#4203 = DIRECTION('',(1.,0.,-0.));
#4204 = ORIENTED_EDGE('',*,*,#4205,.F.);
#4205 = EDGE_CURVE('',#4206,#4197,#4208,.T.);
#4206 = VERTEX_POINT('',#4207);
#4207 = CARTESIAN_POINT('',(20.,77.,4.));
#4208 = LINE('',#4209,#4210);
#4209 = CARTESIAN_POINT('',(20.,77.,4.));
#4210 = VECTOR('',#4211,1.);
#4211 = DIRECTION('',(0.,0.,1.));
#4212 = ORIENTED_EDGE('',*,*,#4213,.T.);
#4213 = EDGE_CURVE('',#4206,#4206,#4214,.T.);
#4214 = CIRCLE('',#4215,2.);
#4215 = AXIS2_PLACEMENT_3D('',#4216,#4217,#4218);
#4216 = CARTESIAN_POINT('',(18.,77.,4.));
#4217 = DIRECTION('',(0.,0.,1.));
#4218 = DIRECTION('',(1.,0.,-0.));
#4219 = ORIENTED_EDGE('',*,*,#4205,.T.);
#4220 = CYLINDRICAL_SURFACE('',#4221,2.);
#4221 = AXIS2_PLACEMENT_3D('',#4222,#4223,#4224);
#4222 = CARTESIAN_POINT('',(18.,77.,4.));
#4223 = DIRECTION('',(0.,0.,1.));
#4224 = DIRECTION('',(1.,0.,-0.));
#4225 = ADVANCED_FACE('',(#4226),#4229,.T.);
#4226 = FACE_BOUND('',#4227,.T.);
#4227 = EDGE_LOOP('',(#4228));
#4228 = ORIENTED_EDGE('',*,*,#4196,.T.);
#4229 = PLANE('',#4230);
#4230 = AXIS2_PLACEMENT_3D('',#4231,#4232,#4233);
#4231 = CARTESIAN_POINT('',(18.,77.,7.));
#4232 = DIRECTION('',(0.,0.,1.));
#4233 = DIRECTION('',(1.,0.,-0.));
#4234 = ADVANCED_FACE('',(#4235),#4238,.F.);
#4235 = FACE_BOUND('',#4236,.T.);
#4236 = EDGE_LOOP('',(#4237));
#4237 = ORIENTED_EDGE('',*,*,#4213,.F.);
#4238 = PLANE('',#4239);
#4239 = AXIS2_PLACEMENT_3D('',#4240,#4241,#4242);
#4240 = CARTESIAN_POINT('',(18.,77.,4.));
#4241 = DIRECTION('',(0.,0.,1.));
#4242 = DIRECTION('',(1.,0.,-0.));
#4243 = MANIFOLD_SOLID_BREP('',#4244);
#4244 = CLOSED_SHELL('',(#4245,#4278,#4287));
#4245 = ADVANCED_FACE('',(#4246),#4273,.T.);
#4246 = FACE_BOUND('',#4247,.T.);
#4247 = EDGE_LOOP('',(#4248,#4257,#4265,#4272));
#4248 = ORIENTED_EDGE('',*,*,#4249,.F.);
#4249 = EDGE_CURVE('',#4250,#4250,#4252,.T.);
#4250 = VERTEX_POINT('',#4251);
#4251 = CARTESIAN_POINT('',(104.,77.,7.));
#4252 = CIRCLE('',#4253,2.);
#4253 = AXIS2_PLACEMENT_3D('',#4254,#4255,#4256);
#4254 = CARTESIAN_POINT('',(102.,77.,7.));
#4255 = DIRECTION('',(0.,0.,1.));
#4256 = DIRECTION('',(1.,0.,-0.));
#4257 = ORIENTED_EDGE('',*,*,#4258,.F.);
#4258 = EDGE_CURVE('',#4259,#4250,#4261,.T.);
#4259 = VERTEX_POINT('',#4260);
#4260 = CARTESIAN_POINT('',(104.,77.,4.));
#4261 = LINE('',#4262,#4263);
#4262 = CARTESIAN_POINT('',(104.,77.,4.));
#4263 = VECTOR('',#4264,1.);
#4264 = DIRECTION('',(0.,0.,1.));
#4265 = ORIENTED_EDGE('',*,*,#4266,.T.);
#4266 = EDGE_CURVE('',#4259,#4259,#4267,.T.);
#4267 = CIRCLE('',#4268,2.);
#4268 = AXIS2_PLACEMENT_3D('',#4269,#4270,#4271);
#4269 = CARTESIAN_POINT('',(102.,77.,4.));
#4270 = DIRECTION('',(0.,0.,1.));
#4271 = DIRECTION('',(1.,0.,-0.));
#4272 = ORIENTED_EDGE('',*,*,#4258,.T.);
#4273 = CYLINDRICAL_SURFACE('',#4274,2.);
#4274 = AXIS2_PLACEMENT_3D('',#4275,#4276,#4277);
#4275 = CARTESIAN_POINT('',(102.,77.,4.));
#4276 = DIRECTION('',(0.,0.,1.));
#4277 = DIRECTION('',(1.,0.,-0.));
#4278 = ADVANCED_FACE('',(#4279),#4282,.T.);
#4279 = FACE_BOUND('',#4280,.T.);
#4280 = EDGE_LOOP('',(#4281));
#4281 = ORIENTED_EDGE('',*,*,#4249,.T.);
#4282 = PLANE('',#4283);
#4283 = AXIS2_PLACEMENT_3D('',#4284,#4285,#4286);
#4284 = CARTESIAN_POINT('',(102.,77.,7.));
#4285 = DIRECTION('',(0.,0.,1.));
#4286 = DIRECTION('',(1.,0.,-0.));
#4287 = ADVANCED_FACE('',(#4288),#4291,.F.);
#4288 = FACE_BOUND('',#4289,.T.);
#4289 = EDGE_LOOP('',(#4290));
#4290 = ORIENTED_EDGE('',*,*,#4266,.F.);
#4291 = PLANE('',#4292);
#4292 = AXIS2_PLACEMENT_3D('',#4293,#4294,#4295);
#4293 = CARTESIAN_POINT('',(102.,77.,4.));
#4294 = DIRECTION('',(0.,0.,1.));
#4295 = DIRECTION('',(1.,0.,-0.));
#4296 = ( GEOMETRIC_REPRESENTATION_CONTEXT(3) 
GLOBAL_UNCERTAINTY_ASSIGNED_CONTEXT((#4300)) 
GLOBAL_UNIT_ASSIGNED_CONTEXT((#4297,#4298,#4299)) REPRESENTATION_CONTEXT
('Context #1','3D Context with UNIT and UNCERTAINTY') );
#4297 = ( LENGTH_UNIT() NAMED_UNIT(*) SI_UNIT(.MILLI.,.METRE.) );
#4298 = ( NAMED_UNIT(*) PLANE_ANGLE_UNIT() SI_UNIT($,.RADIAN.) );
#4299 = ( NAMED_UNIT(*) SI_UNIT($,.STERADIAN.) SOLID_ANGLE_UNIT() );
#4300 = UNCERTAINTY_MEASURE_WITH_UNIT(LENGTH_MEASURE(1.E-07),#4297,
  'distance_accuracy_value','confusion accuracy');
#4301 = CONTEXT_DEPENDENT_SHAPE_REPRESENTATION(#4302,#4304);
#4302 = ( REPRESENTATION_RELATIONSHIP('','',#4083,#10) 
REPRESENTATION_RELATIONSHIP_WITH_TRANSFORMATION(#4303) 
SHAPE_REPRESENTATION_RELATIONSHIP() );
#4303 = ITEM_DEFINED_TRANSFORMATION('','',#11,#35);
#4304 = PRODUCT_DEFINITION_SHAPE('Placement','Placement of an item',
  #4305);
#4305 = NEXT_ASSEMBLY_USAGE_OCCURRENCE('6','LocatingPins','',#5,#4078,$
  );
#4306 = PRODUCT_RELATED_PRODUCT_CATEGORY('part',$,(#4080));
#4307 = SHAPE_DEFINITION_REPRESENTATION(#4308,#4314);
#4308 = PRODUCT_DEFINITION_SHAPE('','',#4309);
#4309 = PRODUCT_DEFINITION('design','',#4310,#4313);
#4310 = PRODUCT_DEFINITION_FORMATION('','',#4311);
#4311 = PRODUCT('BottomShell','BottomShell','',(#4312));
#4312 = PRODUCT_CONTEXT('',#2,'mechanical');
#4313 = PRODUCT_DEFINITION_CONTEXT('part definition',#2,'design');
#4314 = ADVANCED_BREP_SHAPE_REPRESENTATION('',(#11,#4315),#7157);
#4315 = MANIFOLD_SOLID_BREP('',#4316);
#4316 = CLOSED_SHELL('',(#4317,#4357,#4404,#4446,#4488,#4583,#4614,#4645
    ,#4676,#4692,#4708,#4732,#4749,#4773,#4790,#4824,#4858,#4875,#4895,
    #4915,#4935,#4955,#4988,#5021,#5061,#5156,#5182,#5205,#5222,#5245,
    #5262,#5291,#5316,#5341,#5366,#5391,#5403,#5491,#5508,#5520,#5608,
    #5625,#5643,#5706,#5731,#5756,#5781,#5834,#5852,#5863,#5924,#5993,
    #6018,#6222,#6239,#6264,#6280,#6331,#6348,#6365,#6383,#6394,#6411,
    #6450,#6474,#6502,#6519,#6531,#6562,#6609,#6627,#6645,#6669,#6689,
    #6720,#6744,#6768,#6785,#6816,#6840,#6864,#6881,#6912,#6936,#6960,
    #6977,#7008,#7032,#7056,#7073,#7085,#7097,#7109,#7121,#7133,#7145));
#4317 = ADVANCED_FACE('',(#4318),#4352,.F.);
#4318 = FACE_BOUND('',#4319,.F.);
#4319 = EDGE_LOOP('',(#4320,#4330,#4338,#4346));
#4320 = ORIENTED_EDGE('',*,*,#4321,.F.);
#4321 = EDGE_CURVE('',#4322,#4324,#4326,.T.);
#4322 = VERTEX_POINT('',#4323);
#4323 = CARTESIAN_POINT('',(-8.881784197001E-16,5.,4.));
#4324 = VERTEX_POINT('',#4325);
#4325 = CARTESIAN_POINT('',(-8.881784197001E-16,90.,4.));
#4326 = LINE('',#4327,#4328);
#4327 = CARTESIAN_POINT('',(0.,0.,4.));
#4328 = VECTOR('',#4329,1.);
#4329 = DIRECTION('',(0.,1.,0.));
#4330 = ORIENTED_EDGE('',*,*,#4331,.F.);
#4331 = EDGE_CURVE('',#4332,#4322,#4334,.T.);
#4332 = VERTEX_POINT('',#4333);
#4333 = CARTESIAN_POINT('',(-8.881784197001E-16,5.,0.));
#4334 = LINE('',#4335,#4336);
#4335 = CARTESIAN_POINT('',(-8.881784197001E-16,5.,0.));
#4336 = VECTOR('',#4337,1.);
#4337 = DIRECTION('',(0.,0.,1.));
#4338 = ORIENTED_EDGE('',*,*,#4339,.T.);
#4339 = EDGE_CURVE('',#4332,#4340,#4342,.T.);
#4340 = VERTEX_POINT('',#4341);
#4341 = CARTESIAN_POINT('',(-8.881784197001E-16,90.,0.));
#4342 = LINE('',#4343,#4344);
#4343 = CARTESIAN_POINT('',(0.,0.,0.));
#4344 = VECTOR('',#4345,1.);
#4345 = DIRECTION('',(0.,1.,0.));
#4346 = ORIENTED_EDGE('',*,*,#4347,.T.);
#4347 = EDGE_CURVE('',#4340,#4324,#4348,.T.);
#4348 = LINE('',#4349,#4350);
#4349 = CARTESIAN_POINT('',(-8.881784197001E-16,90.,0.));
#4350 = VECTOR('',#4351,1.);
#4351 = DIRECTION('',(0.,0.,1.));
#4352 = PLANE('',#4353);
#4353 = AXIS2_PLACEMENT_3D('',#4354,#4355,#4356);
#4354 = CARTESIAN_POINT('',(0.,0.,0.));
#4355 = DIRECTION('',(1.,0.,0.));
#4356 = DIRECTION('',(0.,0.,1.));
#4357 = ADVANCED_FACE('',(#4358),#4399,.F.);
#4358 = FACE_BOUND('',#4359,.F.);
#4359 = EDGE_LOOP('',(#4360,#4370,#4376,#4377,#4385,#4393));
#4360 = ORIENTED_EDGE('',*,*,#4361,.F.);
#4361 = EDGE_CURVE('',#4362,#4364,#4366,.T.);
#4362 = VERTEX_POINT('',#4363);
#4363 = CARTESIAN_POINT('',(0.,4.,4.));
#4364 = VERTEX_POINT('',#4365);
#4365 = CARTESIAN_POINT('',(0.,4.,18.));
#4366 = LINE('',#4367,#4368);
#4367 = CARTESIAN_POINT('',(0.,4.,4.));
#4368 = VECTOR('',#4369,1.);
#4369 = DIRECTION('',(0.,0.,1.));
#4370 = ORIENTED_EDGE('',*,*,#4371,.T.);
#4371 = EDGE_CURVE('',#4362,#4322,#4372,.T.);
#4372 = LINE('',#4373,#4374);
#4373 = CARTESIAN_POINT('',(0.,4.,4.));
#4374 = VECTOR('',#4375,1.);
#4375 = DIRECTION('',(0.,1.,0.));
#4376 = ORIENTED_EDGE('',*,*,#4321,.T.);
#4377 = ORIENTED_EDGE('',*,*,#4378,.T.);
#4378 = EDGE_CURVE('',#4324,#4379,#4381,.T.);
#4379 = VERTEX_POINT('',#4380);
#4380 = CARTESIAN_POINT('',(0.,91.,4.));
#4381 = LINE('',#4382,#4383);
#4382 = CARTESIAN_POINT('',(0.,4.,4.));
#4383 = VECTOR('',#4384,1.);
#4384 = DIRECTION('',(0.,1.,0.));
#4385 = ORIENTED_EDGE('',*,*,#4386,.T.);
#4386 = EDGE_CURVE('',#4379,#4387,#4389,.T.);
#4387 = VERTEX_POINT('',#4388);
#4388 = CARTESIAN_POINT('',(0.,91.,18.));
#4389 = LINE('',#4390,#4391);
#4390 = CARTESIAN_POINT('',(0.,91.,4.));
#4391 = VECTOR('',#4392,1.);
#4392 = DIRECTION('',(0.,0.,1.));
#4393 = ORIENTED_EDGE('',*,*,#4394,.F.);
#4394 = EDGE_CURVE('',#4364,#4387,#4395,.T.);
#4395 = LINE('',#4396,#4397);
#4396 = CARTESIAN_POINT('',(0.,4.,18.));
#4397 = VECTOR('',#4398,1.);
#4398 = DIRECTION('',(0.,1.,0.));
#4399 = PLANE('',#4400);
#4400 = AXIS2_PLACEMENT_3D('',#4401,#4402,#4403);
#4401 = CARTESIAN_POINT('',(0.,4.,4.));
#4402 = DIRECTION('',(1.,0.,0.));
#4403 = DIRECTION('',(0.,0.,1.));
#4404 = ADVANCED_FACE('',(#4405),#4441,.T.);
#4405 = FACE_BOUND('',#4406,.T.);
#4406 = EDGE_LOOP('',(#4407,#4416,#4424,#4433,#4440));
#4407 = ORIENTED_EDGE('',*,*,#4408,.T.);
#4408 = EDGE_CURVE('',#4332,#4409,#4411,.T.);
#4409 = VERTEX_POINT('',#4410);
#4410 = CARTESIAN_POINT('',(5.,-8.881784197001E-16,0.));
#4411 = CIRCLE('',#4412,5.);
#4412 = AXIS2_PLACEMENT_3D('',#4413,#4414,#4415);
#4413 = CARTESIAN_POINT('',(5.,5.,0.));
#4414 = DIRECTION('',(-0.,0.,1.));
#4415 = DIRECTION('',(0.,-1.,0.));
#4416 = ORIENTED_EDGE('',*,*,#4417,.T.);
#4417 = EDGE_CURVE('',#4409,#4418,#4420,.T.);
#4418 = VERTEX_POINT('',#4419);
#4419 = CARTESIAN_POINT('',(5.,-8.881784197001E-16,4.));
#4420 = LINE('',#4421,#4422);
#4421 = CARTESIAN_POINT('',(5.,-8.881784197001E-16,0.));
#4422 = VECTOR('',#4423,1.);
#4423 = DIRECTION('',(0.,0.,1.));
#4424 = ORIENTED_EDGE('',*,*,#4425,.F.);
#4425 = EDGE_CURVE('',#4426,#4418,#4428,.T.);
#4426 = VERTEX_POINT('',#4427);
#4427 = CARTESIAN_POINT('',(0.101020514434,4.,4.));
#4428 = CIRCLE('',#4429,5.);
#4429 = AXIS2_PLACEMENT_3D('',#4430,#4431,#4432);
#4430 = CARTESIAN_POINT('',(5.,5.,4.));
#4431 = DIRECTION('',(-0.,0.,1.));
#4432 = DIRECTION('',(0.,-1.,0.));
#4433 = ORIENTED_EDGE('',*,*,#4434,.F.);
#4434 = EDGE_CURVE('',#4322,#4426,#4435,.T.);
#4435 = CIRCLE('',#4436,5.);
#4436 = AXIS2_PLACEMENT_3D('',#4437,#4438,#4439);
#4437 = CARTESIAN_POINT('',(5.,5.,4.));
#4438 = DIRECTION('',(-0.,0.,1.));
#4439 = DIRECTION('',(0.,-1.,0.));
#4440 = ORIENTED_EDGE('',*,*,#4331,.F.);
#4441 = CYLINDRICAL_SURFACE('',#4442,5.);
#4442 = AXIS2_PLACEMENT_3D('',#4443,#4444,#4445);
#4443 = CARTESIAN_POINT('',(5.,5.,0.));
#4444 = DIRECTION('',(0.,0.,1.));
#4445 = DIRECTION('',(-1.,0.,0.));
#4446 = ADVANCED_FACE('',(#4447),#4483,.T.);
#4447 = FACE_BOUND('',#4448,.F.);
#4448 = EDGE_LOOP('',(#4449,#4458,#4466,#4475,#4482));
#4449 = ORIENTED_EDGE('',*,*,#4450,.T.);
#4450 = EDGE_CURVE('',#4340,#4451,#4453,.T.);
#4451 = VERTEX_POINT('',#4452);
#4452 = CARTESIAN_POINT('',(5.,95.,0.));
#4453 = CIRCLE('',#4454,5.);
#4454 = AXIS2_PLACEMENT_3D('',#4455,#4456,#4457);
#4455 = CARTESIAN_POINT('',(5.,90.,0.));
#4456 = DIRECTION('',(-0.,-0.,-1.));
#4457 = DIRECTION('',(0.,-1.,0.));
#4458 = ORIENTED_EDGE('',*,*,#4459,.T.);
#4459 = EDGE_CURVE('',#4451,#4460,#4462,.T.);
#4460 = VERTEX_POINT('',#4461);
#4461 = CARTESIAN_POINT('',(5.,95.,4.));
#4462 = LINE('',#4463,#4464);
#4463 = CARTESIAN_POINT('',(5.,95.,0.));
#4464 = VECTOR('',#4465,1.);
#4465 = DIRECTION('',(0.,0.,1.));
#4466 = ORIENTED_EDGE('',*,*,#4467,.F.);
#4467 = EDGE_CURVE('',#4468,#4460,#4470,.T.);
#4468 = VERTEX_POINT('',#4469);
#4469 = CARTESIAN_POINT('',(0.101020514434,91.,4.));
#4470 = CIRCLE('',#4471,5.);
#4471 = AXIS2_PLACEMENT_3D('',#4472,#4473,#4474);
#4472 = CARTESIAN_POINT('',(5.,90.,4.));
#4473 = DIRECTION('',(-0.,-0.,-1.));
#4474 = DIRECTION('',(0.,-1.,0.));
#4475 = ORIENTED_EDGE('',*,*,#4476,.F.);
#4476 = EDGE_CURVE('',#4324,#4468,#4477,.T.);
#4477 = CIRCLE('',#4478,5.);
#4478 = AXIS2_PLACEMENT_3D('',#4479,#4480,#4481);
#4479 = CARTESIAN_POINT('',(5.,90.,4.));
#4480 = DIRECTION('',(-0.,-0.,-1.));
#4481 = DIRECTION('',(0.,-1.,0.));
#4482 = ORIENTED_EDGE('',*,*,#4347,.F.);
#4483 = CYLINDRICAL_SURFACE('',#4484,5.);
#4484 = AXIS2_PLACEMENT_3D('',#4485,#4486,#4487);
#4485 = CARTESIAN_POINT('',(5.,90.,0.));
#4486 = DIRECTION('',(0.,0.,1.));
#4487 = DIRECTION('',(-1.,0.,0.));
#4488 = ADVANCED_FACE('',(#4489,#4534,#4545,#4556,#4567),#4578,.F.);
#4489 = FACE_BOUND('',#4490,.F.);
#4490 = EDGE_LOOP('',(#4491,#4492,#4493,#4501,#4510,#4518,#4527,#4533));
#4491 = ORIENTED_EDGE('',*,*,#4339,.F.);
#4492 = ORIENTED_EDGE('',*,*,#4408,.T.);
#4493 = ORIENTED_EDGE('',*,*,#4494,.T.);
#4494 = EDGE_CURVE('',#4409,#4495,#4497,.T.);
#4495 = VERTEX_POINT('',#4496);
#4496 = CARTESIAN_POINT('',(115.,-8.881784197001E-16,0.));
#4497 = LINE('',#4498,#4499);
#4498 = CARTESIAN_POINT('',(0.,0.,0.));
#4499 = VECTOR('',#4500,1.);
#4500 = DIRECTION('',(1.,0.,0.));
#4501 = ORIENTED_EDGE('',*,*,#4502,.F.);
#4502 = EDGE_CURVE('',#4503,#4495,#4505,.T.);
#4503 = VERTEX_POINT('',#4504);
#4504 = CARTESIAN_POINT('',(120.,5.,0.));
#4505 = CIRCLE('',#4506,5.);
#4506 = AXIS2_PLACEMENT_3D('',#4507,#4508,#4509);
#4507 = CARTESIAN_POINT('',(115.,5.,0.));
#4508 = DIRECTION('',(-0.,-0.,-1.));
#4509 = DIRECTION('',(0.,-1.,0.));
#4510 = ORIENTED_EDGE('',*,*,#4511,.T.);
#4511 = EDGE_CURVE('',#4503,#4512,#4514,.T.);
#4512 = VERTEX_POINT('',#4513);
#4513 = CARTESIAN_POINT('',(120.,90.,0.));
#4514 = LINE('',#4515,#4516);
#4515 = CARTESIAN_POINT('',(120.,0.,0.));
#4516 = VECTOR('',#4517,1.);
#4517 = DIRECTION('',(0.,1.,0.));
#4518 = ORIENTED_EDGE('',*,*,#4519,.T.);
#4519 = EDGE_CURVE('',#4512,#4520,#4522,.T.);
#4520 = VERTEX_POINT('',#4521);
#4521 = CARTESIAN_POINT('',(115.,95.,0.));
#4522 = CIRCLE('',#4523,5.);
#4523 = AXIS2_PLACEMENT_3D('',#4524,#4525,#4526);
#4524 = CARTESIAN_POINT('',(115.,90.,0.));
#4525 = DIRECTION('',(-0.,0.,1.));
#4526 = DIRECTION('',(0.,-1.,0.));
#4527 = ORIENTED_EDGE('',*,*,#4528,.F.);
#4528 = EDGE_CURVE('',#4451,#4520,#4529,.T.);
#4529 = LINE('',#4530,#4531);
#4530 = CARTESIAN_POINT('',(0.,95.,0.));
#4531 = VECTOR('',#4532,1.);
#4532 = DIRECTION('',(1.,0.,0.));
#4533 = ORIENTED_EDGE('',*,*,#4450,.F.);
#4534 = FACE_BOUND('',#4535,.F.);
#4535 = EDGE_LOOP('',(#4536));
#4536 = ORIENTED_EDGE('',*,*,#4537,.F.);
#4537 = EDGE_CURVE('',#4538,#4538,#4540,.T.);
#4538 = VERTEX_POINT('',#4539);
#4539 = CARTESIAN_POINT('',(13.,8.,0.));
#4540 = CIRCLE('',#4541,5.);
#4541 = AXIS2_PLACEMENT_3D('',#4542,#4543,#4544);
#4542 = CARTESIAN_POINT('',(8.,8.,0.));
#4543 = DIRECTION('',(0.,0.,1.));
#4544 = DIRECTION('',(1.,0.,0.));
#4545 = FACE_BOUND('',#4546,.F.);
#4546 = EDGE_LOOP('',(#4547));
#4547 = ORIENTED_EDGE('',*,*,#4548,.F.);
#4548 = EDGE_CURVE('',#4549,#4549,#4551,.T.);
#4549 = VERTEX_POINT('',#4550);
#4550 = CARTESIAN_POINT('',(117.,8.,0.));
#4551 = CIRCLE('',#4552,5.);
#4552 = AXIS2_PLACEMENT_3D('',#4553,#4554,#4555);
#4553 = CARTESIAN_POINT('',(112.,8.,0.));
#4554 = DIRECTION('',(0.,0.,1.));
#4555 = DIRECTION('',(1.,0.,0.));
#4556 = FACE_BOUND('',#4557,.F.);
#4557 = EDGE_LOOP('',(#4558));
#4558 = ORIENTED_EDGE('',*,*,#4559,.F.);
#4559 = EDGE_CURVE('',#4560,#4560,#4562,.T.);
#4560 = VERTEX_POINT('',#4561);
#4561 = CARTESIAN_POINT('',(13.,87.,0.));
#4562 = CIRCLE('',#4563,5.);
#4563 = AXIS2_PLACEMENT_3D('',#4564,#4565,#4566);
#4564 = CARTESIAN_POINT('',(8.,87.,0.));
#4565 = DIRECTION('',(0.,0.,1.));
#4566 = DIRECTION('',(1.,0.,0.));
#4567 = FACE_BOUND('',#4568,.F.);
#4568 = EDGE_LOOP('',(#4569));
#4569 = ORIENTED_EDGE('',*,*,#4570,.F.);
#4570 = EDGE_CURVE('',#4571,#4571,#4573,.T.);
#4571 = VERTEX_POINT('',#4572);
#4572 = CARTESIAN_POINT('',(117.,87.,0.));
#4573 = CIRCLE('',#4574,5.);
#4574 = AXIS2_PLACEMENT_3D('',#4575,#4576,#4577);
#4575 = CARTESIAN_POINT('',(112.,87.,0.));
#4576 = DIRECTION('',(0.,0.,1.));
#4577 = DIRECTION('',(1.,0.,0.));
#4578 = PLANE('',#4579);
#4579 = AXIS2_PLACEMENT_3D('',#4580,#4581,#4582);
#4580 = CARTESIAN_POINT('',(0.,0.,0.));
#4581 = DIRECTION('',(0.,0.,1.));
#4582 = DIRECTION('',(1.,0.,0.));
#4583 = ADVANCED_FACE('',(#4584),#4609,.F.);
#4584 = FACE_BOUND('',#4585,.F.);
#4585 = EDGE_LOOP('',(#4586,#4596,#4602,#4603));
#4586 = ORIENTED_EDGE('',*,*,#4587,.F.);
#4587 = EDGE_CURVE('',#4588,#4590,#4592,.T.);
#4588 = VERTEX_POINT('',#4589);
#4589 = CARTESIAN_POINT('',(0.,0.,4.));
#4590 = VERTEX_POINT('',#4591);
#4591 = CARTESIAN_POINT('',(0.,0.,18.));
#4592 = LINE('',#4593,#4594);
#4593 = CARTESIAN_POINT('',(0.,0.,4.));
#4594 = VECTOR('',#4595,1.);
#4595 = DIRECTION('',(0.,0.,1.));
#4596 = ORIENTED_EDGE('',*,*,#4597,.T.);
#4597 = EDGE_CURVE('',#4588,#4362,#4598,.T.);
#4598 = LINE('',#4599,#4600);
#4599 = CARTESIAN_POINT('',(0.,0.,4.));
#4600 = VECTOR('',#4601,1.);
#4601 = DIRECTION('',(0.,1.,0.));
#4602 = ORIENTED_EDGE('',*,*,#4361,.T.);
#4603 = ORIENTED_EDGE('',*,*,#4604,.F.);
#4604 = EDGE_CURVE('',#4590,#4364,#4605,.T.);
#4605 = LINE('',#4606,#4607);
#4606 = CARTESIAN_POINT('',(0.,0.,18.));
#4607 = VECTOR('',#4608,1.);
#4608 = DIRECTION('',(0.,1.,0.));
#4609 = PLANE('',#4610);
#4610 = AXIS2_PLACEMENT_3D('',#4611,#4612,#4613);
#4611 = CARTESIAN_POINT('',(0.,0.,4.));
#4612 = DIRECTION('',(1.,0.,0.));
#4613 = DIRECTION('',(0.,0.,1.));
#4614 = ADVANCED_FACE('',(#4615),#4640,.T.);
#4615 = FACE_BOUND('',#4616,.T.);
#4616 = EDGE_LOOP('',(#4617,#4618,#4626,#4634));
#4617 = ORIENTED_EDGE('',*,*,#4394,.F.);
#4618 = ORIENTED_EDGE('',*,*,#4619,.T.);
#4619 = EDGE_CURVE('',#4364,#4620,#4622,.T.);
#4620 = VERTEX_POINT('',#4621);
#4621 = CARTESIAN_POINT('',(4.,4.,18.));
#4622 = LINE('',#4623,#4624);
#4623 = CARTESIAN_POINT('',(0.,4.,18.));
#4624 = VECTOR('',#4625,1.);
#4625 = DIRECTION('',(1.,0.,0.));
#4626 = ORIENTED_EDGE('',*,*,#4627,.T.);
#4627 = EDGE_CURVE('',#4620,#4628,#4630,.T.);
#4628 = VERTEX_POINT('',#4629);
#4629 = CARTESIAN_POINT('',(4.,91.,18.));
#4630 = LINE('',#4631,#4632);
#4631 = CARTESIAN_POINT('',(4.,4.,18.));
#4632 = VECTOR('',#4633,1.);
#4633 = DIRECTION('',(0.,1.,0.));
#4634 = ORIENTED_EDGE('',*,*,#4635,.F.);
#4635 = EDGE_CURVE('',#4387,#4628,#4636,.T.);
#4636 = LINE('',#4637,#4638);
#4637 = CARTESIAN_POINT('',(0.,91.,18.));
#4638 = VECTOR('',#4639,1.);
#4639 = DIRECTION('',(1.,0.,0.));
#4640 = PLANE('',#4641);
#4641 = AXIS2_PLACEMENT_3D('',#4642,#4643,#4644);
#4642 = CARTESIAN_POINT('',(0.,4.,18.));
#4643 = DIRECTION('',(0.,0.,1.));
#4644 = DIRECTION('',(1.,0.,0.));
#4645 = ADVANCED_FACE('',(#4646),#4671,.F.);
#4646 = FACE_BOUND('',#4647,.F.);
#4647 = EDGE_LOOP('',(#4648,#4649,#4657,#4665));
#4648 = ORIENTED_EDGE('',*,*,#4386,.F.);
#4649 = ORIENTED_EDGE('',*,*,#4650,.T.);
#4650 = EDGE_CURVE('',#4379,#4651,#4653,.T.);
#4651 = VERTEX_POINT('',#4652);
#4652 = CARTESIAN_POINT('',(0.,95.,4.));
#4653 = LINE('',#4654,#4655);
#4654 = CARTESIAN_POINT('',(0.,91.,4.));
#4655 = VECTOR('',#4656,1.);
#4656 = DIRECTION('',(0.,1.,0.));
#4657 = ORIENTED_EDGE('',*,*,#4658,.T.);
#4658 = EDGE_CURVE('',#4651,#4659,#4661,.T.);
#4659 = VERTEX_POINT('',#4660);
#4660 = CARTESIAN_POINT('',(0.,95.,18.));
#4661 = LINE('',#4662,#4663);
#4662 = CARTESIAN_POINT('',(0.,95.,4.));
#4663 = VECTOR('',#4664,1.);
#4664 = DIRECTION('',(0.,0.,1.));
#4665 = ORIENTED_EDGE('',*,*,#4666,.F.);
#4666 = EDGE_CURVE('',#4387,#4659,#4667,.T.);
#4667 = LINE('',#4668,#4669);
#4668 = CARTESIAN_POINT('',(0.,91.,18.));
#4669 = VECTOR('',#4670,1.);
#4670 = DIRECTION('',(0.,1.,0.));
#4671 = PLANE('',#4672);
#4672 = AXIS2_PLACEMENT_3D('',#4673,#4674,#4675);
#4673 = CARTESIAN_POINT('',(0.,91.,4.));
#4674 = DIRECTION('',(1.,0.,0.));
#4675 = DIRECTION('',(0.,0.,1.));
#4676 = ADVANCED_FACE('',(#4677),#4687,.F.);
#4677 = FACE_BOUND('',#4678,.F.);
#4678 = EDGE_LOOP('',(#4679,#4680,#4686));
#4679 = ORIENTED_EDGE('',*,*,#4371,.F.);
#4680 = ORIENTED_EDGE('',*,*,#4681,.T.);
#4681 = EDGE_CURVE('',#4362,#4426,#4682,.T.);
#4682 = LINE('',#4683,#4684);
#4683 = CARTESIAN_POINT('',(0.,4.,4.));
#4684 = VECTOR('',#4685,1.);
#4685 = DIRECTION('',(1.,0.,0.));
#4686 = ORIENTED_EDGE('',*,*,#4434,.F.);
#4687 = PLANE('',#4688);
#4688 = AXIS2_PLACEMENT_3D('',#4689,#4690,#4691);
#4689 = CARTESIAN_POINT('',(0.,4.,4.));
#4690 = DIRECTION('',(0.,0.,1.));
#4691 = DIRECTION('',(1.,0.,0.));
#4692 = ADVANCED_FACE('',(#4693),#4703,.F.);
#4693 = FACE_BOUND('',#4694,.F.);
#4694 = EDGE_LOOP('',(#4695,#4696,#4697));
#4695 = ORIENTED_EDGE('',*,*,#4378,.F.);
#4696 = ORIENTED_EDGE('',*,*,#4476,.T.);
#4697 = ORIENTED_EDGE('',*,*,#4698,.F.);
#4698 = EDGE_CURVE('',#4379,#4468,#4699,.T.);
#4699 = LINE('',#4700,#4701);
#4700 = CARTESIAN_POINT('',(0.,91.,4.));
#4701 = VECTOR('',#4702,1.);
#4702 = DIRECTION('',(1.,0.,0.));
#4703 = PLANE('',#4704);
#4704 = AXIS2_PLACEMENT_3D('',#4705,#4706,#4707);
#4705 = CARTESIAN_POINT('',(0.,4.,4.));
#4706 = DIRECTION('',(0.,0.,1.));
#4707 = DIRECTION('',(1.,0.,0.));
#4708 = ADVANCED_FACE('',(#4709),#4727,.F.);
#4709 = FACE_BOUND('',#4710,.F.);
#4710 = EDGE_LOOP('',(#4711,#4712,#4713,#4721));
#4711 = ORIENTED_EDGE('',*,*,#4494,.F.);
#4712 = ORIENTED_EDGE('',*,*,#4417,.T.);
#4713 = ORIENTED_EDGE('',*,*,#4714,.T.);
#4714 = EDGE_CURVE('',#4418,#4715,#4717,.T.);
#4715 = VERTEX_POINT('',#4716);
#4716 = CARTESIAN_POINT('',(115.,-8.881784197001E-16,4.));
#4717 = LINE('',#4718,#4719);
#4718 = CARTESIAN_POINT('',(0.,0.,4.));
#4719 = VECTOR('',#4720,1.);
#4720 = DIRECTION('',(1.,0.,0.));
#4721 = ORIENTED_EDGE('',*,*,#4722,.F.);
#4722 = EDGE_CURVE('',#4495,#4715,#4723,.T.);
#4723 = LINE('',#4724,#4725);
#4724 = CARTESIAN_POINT('',(115.,-8.881784197001E-16,0.));
#4725 = VECTOR('',#4726,1.);
#4726 = DIRECTION('',(0.,0.,1.));
#4727 = PLANE('',#4728);
#4728 = AXIS2_PLACEMENT_3D('',#4729,#4730,#4731);
#4729 = CARTESIAN_POINT('',(0.,0.,0.));
#4730 = DIRECTION('',(0.,1.,0.));
#4731 = DIRECTION('',(0.,0.,1.));
#4732 = ADVANCED_FACE('',(#4733),#4744,.F.);
#4733 = FACE_BOUND('',#4734,.F.);
#4734 = EDGE_LOOP('',(#4735,#4736,#4742,#4743));
#4735 = ORIENTED_EDGE('',*,*,#4597,.F.);
#4736 = ORIENTED_EDGE('',*,*,#4737,.T.);
#4737 = EDGE_CURVE('',#4588,#4418,#4738,.T.);
#4738 = LINE('',#4739,#4740);
#4739 = CARTESIAN_POINT('',(0.,0.,4.));
#4740 = VECTOR('',#4741,1.);
#4741 = DIRECTION('',(1.,0.,0.));
#4742 = ORIENTED_EDGE('',*,*,#4425,.F.);
#4743 = ORIENTED_EDGE('',*,*,#4681,.F.);
#4744 = PLANE('',#4745);
#4745 = AXIS2_PLACEMENT_3D('',#4746,#4747,#4748);
#4746 = CARTESIAN_POINT('',(0.,0.,4.));
#4747 = DIRECTION('',(0.,0.,1.));
#4748 = DIRECTION('',(1.,0.,0.));
#4749 = ADVANCED_FACE('',(#4750),#4768,.T.);
#4750 = FACE_BOUND('',#4751,.T.);
#4751 = EDGE_LOOP('',(#4752,#4753,#4754,#4762));
#4752 = ORIENTED_EDGE('',*,*,#4528,.F.);
#4753 = ORIENTED_EDGE('',*,*,#4459,.T.);
#4754 = ORIENTED_EDGE('',*,*,#4755,.T.);
#4755 = EDGE_CURVE('',#4460,#4756,#4758,.T.);
#4756 = VERTEX_POINT('',#4757);
#4757 = CARTESIAN_POINT('',(115.,95.,4.));
#4758 = LINE('',#4759,#4760);
#4759 = CARTESIAN_POINT('',(0.,95.,4.));
#4760 = VECTOR('',#4761,1.);
#4761 = DIRECTION('',(1.,0.,0.));
#4762 = ORIENTED_EDGE('',*,*,#4763,.F.);
#4763 = EDGE_CURVE('',#4520,#4756,#4764,.T.);
#4764 = LINE('',#4765,#4766);
#4765 = CARTESIAN_POINT('',(115.,95.,0.));
#4766 = VECTOR('',#4767,1.);
#4767 = DIRECTION('',(0.,0.,1.));
#4768 = PLANE('',#4769);
#4769 = AXIS2_PLACEMENT_3D('',#4770,#4771,#4772);
#4770 = CARTESIAN_POINT('',(0.,95.,0.));
#4771 = DIRECTION('',(0.,1.,0.));
#4772 = DIRECTION('',(0.,0.,1.));
#4773 = ADVANCED_FACE('',(#4774),#4785,.F.);
#4774 = FACE_BOUND('',#4775,.F.);
#4775 = EDGE_LOOP('',(#4776,#4777,#4778,#4779));
#4776 = ORIENTED_EDGE('',*,*,#4650,.F.);
#4777 = ORIENTED_EDGE('',*,*,#4698,.T.);
#4778 = ORIENTED_EDGE('',*,*,#4467,.T.);
#4779 = ORIENTED_EDGE('',*,*,#4780,.F.);
#4780 = EDGE_CURVE('',#4651,#4460,#4781,.T.);
#4781 = LINE('',#4782,#4783);
#4782 = CARTESIAN_POINT('',(0.,95.,4.));
#4783 = VECTOR('',#4784,1.);
#4784 = DIRECTION('',(1.,0.,0.));
#4785 = PLANE('',#4786);
#4786 = AXIS2_PLACEMENT_3D('',#4787,#4788,#4789);
#4787 = CARTESIAN_POINT('',(0.,91.,4.));
#4788 = DIRECTION('',(0.,0.,1.));
#4789 = DIRECTION('',(1.,0.,0.));
#4790 = ADVANCED_FACE('',(#4791),#4819,.T.);
#4791 = FACE_BOUND('',#4792,.F.);
#4792 = EDGE_LOOP('',(#4793,#4794,#4795,#4804,#4813));
#4793 = ORIENTED_EDGE('',*,*,#4502,.T.);
#4794 = ORIENTED_EDGE('',*,*,#4722,.T.);
#4795 = ORIENTED_EDGE('',*,*,#4796,.F.);
#4796 = EDGE_CURVE('',#4797,#4715,#4799,.T.);
#4797 = VERTEX_POINT('',#4798);
#4798 = CARTESIAN_POINT('',(119.89897948556,4.,4.));
#4799 = CIRCLE('',#4800,5.);
#4800 = AXIS2_PLACEMENT_3D('',#4801,#4802,#4803);
#4801 = CARTESIAN_POINT('',(115.,5.,4.));
#4802 = DIRECTION('',(-0.,-0.,-1.));
#4803 = DIRECTION('',(0.,-1.,0.));
#4804 = ORIENTED_EDGE('',*,*,#4805,.F.);
#4805 = EDGE_CURVE('',#4806,#4797,#4808,.T.);
#4806 = VERTEX_POINT('',#4807);
#4807 = CARTESIAN_POINT('',(120.,5.,4.));
#4808 = CIRCLE('',#4809,5.);
#4809 = AXIS2_PLACEMENT_3D('',#4810,#4811,#4812);
#4810 = CARTESIAN_POINT('',(115.,5.,4.));
#4811 = DIRECTION('',(-0.,-0.,-1.));
#4812 = DIRECTION('',(0.,-1.,0.));
#4813 = ORIENTED_EDGE('',*,*,#4814,.F.);
#4814 = EDGE_CURVE('',#4503,#4806,#4815,.T.);
#4815 = LINE('',#4816,#4817);
#4816 = CARTESIAN_POINT('',(120.,5.,0.));
#4817 = VECTOR('',#4818,1.);
#4818 = DIRECTION('',(0.,0.,1.));
#4819 = CYLINDRICAL_SURFACE('',#4820,5.);
#4820 = AXIS2_PLACEMENT_3D('',#4821,#4822,#4823);
#4821 = CARTESIAN_POINT('',(115.,5.,0.));
#4822 = DIRECTION('',(0.,0.,1.));
#4823 = DIRECTION('',(1.,0.,0.));
#4824 = ADVANCED_FACE('',(#4825),#4853,.T.);
#4825 = FACE_BOUND('',#4826,.T.);
#4826 = EDGE_LOOP('',(#4827,#4828,#4829,#4838,#4847));
#4827 = ORIENTED_EDGE('',*,*,#4519,.T.);
#4828 = ORIENTED_EDGE('',*,*,#4763,.T.);
#4829 = ORIENTED_EDGE('',*,*,#4830,.F.);
#4830 = EDGE_CURVE('',#4831,#4756,#4833,.T.);
#4831 = VERTEX_POINT('',#4832);
#4832 = CARTESIAN_POINT('',(119.89897948556,91.,4.));
#4833 = CIRCLE('',#4834,5.);
#4834 = AXIS2_PLACEMENT_3D('',#4835,#4836,#4837);
#4835 = CARTESIAN_POINT('',(115.,90.,4.));
#4836 = DIRECTION('',(-0.,0.,1.));
#4837 = DIRECTION('',(0.,-1.,0.));
#4838 = ORIENTED_EDGE('',*,*,#4839,.F.);
#4839 = EDGE_CURVE('',#4840,#4831,#4842,.T.);
#4840 = VERTEX_POINT('',#4841);
#4841 = CARTESIAN_POINT('',(120.,90.,4.));
#4842 = CIRCLE('',#4843,5.);
#4843 = AXIS2_PLACEMENT_3D('',#4844,#4845,#4846);
#4844 = CARTESIAN_POINT('',(115.,90.,4.));
#4845 = DIRECTION('',(-0.,0.,1.));
#4846 = DIRECTION('',(0.,-1.,0.));
#4847 = ORIENTED_EDGE('',*,*,#4848,.F.);
#4848 = EDGE_CURVE('',#4512,#4840,#4849,.T.);
#4849 = LINE('',#4850,#4851);
#4850 = CARTESIAN_POINT('',(120.,90.,0.));
#4851 = VECTOR('',#4852,1.);
#4852 = DIRECTION('',(0.,0.,1.));
#4853 = CYLINDRICAL_SURFACE('',#4854,5.);
#4854 = AXIS2_PLACEMENT_3D('',#4855,#4856,#4857);
#4855 = CARTESIAN_POINT('',(115.,90.,0.));
#4856 = DIRECTION('',(0.,0.,1.));
#4857 = DIRECTION('',(1.,0.,0.));
#4858 = ADVANCED_FACE('',(#4859),#4870,.T.);
#4859 = FACE_BOUND('',#4860,.T.);
#4860 = EDGE_LOOP('',(#4861,#4867,#4868,#4869));
#4861 = ORIENTED_EDGE('',*,*,#4862,.F.);
#4862 = EDGE_CURVE('',#4806,#4840,#4863,.T.);
#4863 = LINE('',#4864,#4865);
#4864 = CARTESIAN_POINT('',(120.,0.,4.));
#4865 = VECTOR('',#4866,1.);
#4866 = DIRECTION('',(0.,1.,0.));
#4867 = ORIENTED_EDGE('',*,*,#4814,.F.);
#4868 = ORIENTED_EDGE('',*,*,#4511,.T.);
#4869 = ORIENTED_EDGE('',*,*,#4848,.T.);
#4870 = PLANE('',#4871);
#4871 = AXIS2_PLACEMENT_3D('',#4872,#4873,#4874);
#4872 = CARTESIAN_POINT('',(120.,0.,0.));
#4873 = DIRECTION('',(1.,0.,0.));
#4874 = DIRECTION('',(0.,0.,1.));
#4875 = ADVANCED_FACE('',(#4876,#4879),#4890,.F.);
#4876 = FACE_BOUND('',#4877,.F.);
#4877 = EDGE_LOOP('',(#4878));
#4878 = ORIENTED_EDGE('',*,*,#4537,.T.);
#4879 = FACE_BOUND('',#4880,.F.);
#4880 = EDGE_LOOP('',(#4881));
#4881 = ORIENTED_EDGE('',*,*,#4882,.F.);
#4882 = EDGE_CURVE('',#4883,#4883,#4885,.T.);
#4883 = VERTEX_POINT('',#4884);
#4884 = CARTESIAN_POINT('',(10.2,8.,0.));
#4885 = CIRCLE('',#4886,2.2);
#4886 = AXIS2_PLACEMENT_3D('',#4887,#4888,#4889);
#4887 = CARTESIAN_POINT('',(8.,8.,0.));
#4888 = DIRECTION('',(0.,0.,1.));
#4889 = DIRECTION('',(1.,0.,0.));
#4890 = PLANE('',#4891);
#4891 = AXIS2_PLACEMENT_3D('',#4892,#4893,#4894);
#4892 = CARTESIAN_POINT('',(0.,0.,0.));
#4893 = DIRECTION('',(0.,0.,1.));
#4894 = DIRECTION('',(1.,0.,0.));
#4895 = ADVANCED_FACE('',(#4896,#4899),#4910,.F.);
#4896 = FACE_BOUND('',#4897,.F.);
#4897 = EDGE_LOOP('',(#4898));
#4898 = ORIENTED_EDGE('',*,*,#4548,.T.);
#4899 = FACE_BOUND('',#4900,.F.);
#4900 = EDGE_LOOP('',(#4901));
#4901 = ORIENTED_EDGE('',*,*,#4902,.F.);
#4902 = EDGE_CURVE('',#4903,#4903,#4905,.T.);
#4903 = VERTEX_POINT('',#4904);
#4904 = CARTESIAN_POINT('',(114.2,8.,0.));
#4905 = CIRCLE('',#4906,2.2);
#4906 = AXIS2_PLACEMENT_3D('',#4907,#4908,#4909);
#4907 = CARTESIAN_POINT('',(112.,8.,0.));
#4908 = DIRECTION('',(0.,0.,1.));
#4909 = DIRECTION('',(1.,0.,0.));
#4910 = PLANE('',#4911);
#4911 = AXIS2_PLACEMENT_3D('',#4912,#4913,#4914);
#4912 = CARTESIAN_POINT('',(0.,0.,0.));
#4913 = DIRECTION('',(0.,0.,1.));
#4914 = DIRECTION('',(1.,0.,0.));
#4915 = ADVANCED_FACE('',(#4916,#4919),#4930,.F.);
#4916 = FACE_BOUND('',#4917,.F.);
#4917 = EDGE_LOOP('',(#4918));
#4918 = ORIENTED_EDGE('',*,*,#4559,.T.);
#4919 = FACE_BOUND('',#4920,.F.);
#4920 = EDGE_LOOP('',(#4921));
#4921 = ORIENTED_EDGE('',*,*,#4922,.F.);
#4922 = EDGE_CURVE('',#4923,#4923,#4925,.T.);
#4923 = VERTEX_POINT('',#4924);
#4924 = CARTESIAN_POINT('',(10.2,87.,0.));
#4925 = CIRCLE('',#4926,2.2);
#4926 = AXIS2_PLACEMENT_3D('',#4927,#4928,#4929);
#4927 = CARTESIAN_POINT('',(8.,87.,0.));
#4928 = DIRECTION('',(0.,0.,1.));
#4929 = DIRECTION('',(1.,0.,0.));
#4930 = PLANE('',#4931);
#4931 = AXIS2_PLACEMENT_3D('',#4932,#4933,#4934);
#4932 = CARTESIAN_POINT('',(0.,0.,0.));
#4933 = DIRECTION('',(0.,0.,1.));
#4934 = DIRECTION('',(1.,0.,0.));
#4935 = ADVANCED_FACE('',(#4936,#4939),#4950,.F.);
#4936 = FACE_BOUND('',#4937,.F.);
#4937 = EDGE_LOOP('',(#4938));
#4938 = ORIENTED_EDGE('',*,*,#4570,.T.);
#4939 = FACE_BOUND('',#4940,.F.);
#4940 = EDGE_LOOP('',(#4941));
#4941 = ORIENTED_EDGE('',*,*,#4942,.F.);
#4942 = EDGE_CURVE('',#4943,#4943,#4945,.T.);
#4943 = VERTEX_POINT('',#4944);
#4944 = CARTESIAN_POINT('',(114.2,87.,0.));
#4945 = CIRCLE('',#4946,2.2);
#4946 = AXIS2_PLACEMENT_3D('',#4947,#4948,#4949);
#4947 = CARTESIAN_POINT('',(112.,87.,0.));
#4948 = DIRECTION('',(0.,0.,1.));
#4949 = DIRECTION('',(1.,0.,0.));
#4950 = PLANE('',#4951);
#4951 = AXIS2_PLACEMENT_3D('',#4952,#4953,#4954);
#4952 = CARTESIAN_POINT('',(0.,0.,0.));
#4953 = DIRECTION('',(0.,0.,1.));
#4954 = DIRECTION('',(1.,0.,0.));
#4955 = ADVANCED_FACE('',(#4956),#4983,.F.);
#4956 = FACE_BOUND('',#4957,.F.);
#4957 = EDGE_LOOP('',(#4958,#4959,#4960,#4968,#4976,#4982));
#4958 = ORIENTED_EDGE('',*,*,#4737,.F.);
#4959 = ORIENTED_EDGE('',*,*,#4587,.T.);
#4960 = ORIENTED_EDGE('',*,*,#4961,.T.);
#4961 = EDGE_CURVE('',#4590,#4962,#4964,.T.);
#4962 = VERTEX_POINT('',#4963);
#4963 = CARTESIAN_POINT('',(120.,0.,18.));
#4964 = LINE('',#4965,#4966);
#4965 = CARTESIAN_POINT('',(0.,0.,18.));
#4966 = VECTOR('',#4967,1.);
#4967 = DIRECTION('',(1.,0.,0.));
#4968 = ORIENTED_EDGE('',*,*,#4969,.F.);
#4969 = EDGE_CURVE('',#4970,#4962,#4972,.T.);
#4970 = VERTEX_POINT('',#4971);
#4971 = CARTESIAN_POINT('',(120.,0.,4.));
#4972 = LINE('',#4973,#4974);
#4973 = CARTESIAN_POINT('',(120.,0.,4.));
#4974 = VECTOR('',#4975,1.);
#4975 = DIRECTION('',(0.,0.,1.));
#4976 = ORIENTED_EDGE('',*,*,#4977,.F.);
#4977 = EDGE_CURVE('',#4715,#4970,#4978,.T.);
#4978 = LINE('',#4979,#4980);
#4979 = CARTESIAN_POINT('',(0.,0.,4.));
#4980 = VECTOR('',#4981,1.);
#4981 = DIRECTION('',(1.,0.,0.));
#4982 = ORIENTED_EDGE('',*,*,#4714,.F.);
#4983 = PLANE('',#4984);
#4984 = AXIS2_PLACEMENT_3D('',#4985,#4986,#4987);
#4985 = CARTESIAN_POINT('',(0.,0.,4.));
#4986 = DIRECTION('',(0.,1.,0.));
#4987 = DIRECTION('',(0.,0.,1.));
#4988 = ADVANCED_FACE('',(#4989),#5016,.T.);
#4989 = FACE_BOUND('',#4990,.T.);
#4990 = EDGE_LOOP('',(#4991,#4992,#4993,#5001,#5009,#5015));
#4991 = ORIENTED_EDGE('',*,*,#4604,.F.);
#4992 = ORIENTED_EDGE('',*,*,#4961,.T.);
#4993 = ORIENTED_EDGE('',*,*,#4994,.T.);
#4994 = EDGE_CURVE('',#4962,#4995,#4997,.T.);
#4995 = VERTEX_POINT('',#4996);
#4996 = CARTESIAN_POINT('',(120.,4.,18.));
#4997 = LINE('',#4998,#4999);
#4998 = CARTESIAN_POINT('',(120.,0.,18.));
#4999 = VECTOR('',#5000,1.);
#5000 = DIRECTION('',(0.,1.,0.));
#5001 = ORIENTED_EDGE('',*,*,#5002,.F.);
#5002 = EDGE_CURVE('',#5003,#4995,#5005,.T.);
#5003 = VERTEX_POINT('',#5004);
#5004 = CARTESIAN_POINT('',(116.,4.,18.));
#5005 = LINE('',#5006,#5007);
#5006 = CARTESIAN_POINT('',(0.,4.,18.));
#5007 = VECTOR('',#5008,1.);
#5008 = DIRECTION('',(1.,0.,0.));
#5009 = ORIENTED_EDGE('',*,*,#5010,.F.);
#5010 = EDGE_CURVE('',#4620,#5003,#5011,.T.);
#5011 = LINE('',#5012,#5013);
#5012 = CARTESIAN_POINT('',(0.,4.,18.));
#5013 = VECTOR('',#5014,1.);
#5014 = DIRECTION('',(1.,0.,0.));
#5015 = ORIENTED_EDGE('',*,*,#4619,.F.);
#5016 = PLANE('',#5017);
#5017 = AXIS2_PLACEMENT_3D('',#5018,#5019,#5020);
#5018 = CARTESIAN_POINT('',(0.,0.,18.));
#5019 = DIRECTION('',(0.,0.,1.));
#5020 = DIRECTION('',(1.,0.,0.));
#5021 = ADVANCED_FACE('',(#5022),#5056,.T.);
#5022 = FACE_BOUND('',#5023,.T.);
#5023 = EDGE_LOOP('',(#5024,#5025,#5026,#5034,#5042,#5050));
#5024 = ORIENTED_EDGE('',*,*,#4666,.F.);
#5025 = ORIENTED_EDGE('',*,*,#4635,.T.);
#5026 = ORIENTED_EDGE('',*,*,#5027,.T.);
#5027 = EDGE_CURVE('',#4628,#5028,#5030,.T.);
#5028 = VERTEX_POINT('',#5029);
#5029 = CARTESIAN_POINT('',(116.,91.,18.));
#5030 = LINE('',#5031,#5032);
#5031 = CARTESIAN_POINT('',(0.,91.,18.));
#5032 = VECTOR('',#5033,1.);
#5033 = DIRECTION('',(1.,0.,0.));
#5034 = ORIENTED_EDGE('',*,*,#5035,.T.);
#5035 = EDGE_CURVE('',#5028,#5036,#5038,.T.);
#5036 = VERTEX_POINT('',#5037);
#5037 = CARTESIAN_POINT('',(120.,91.,18.));
#5038 = LINE('',#5039,#5040);
#5039 = CARTESIAN_POINT('',(0.,91.,18.));
#5040 = VECTOR('',#5041,1.);
#5041 = DIRECTION('',(1.,0.,0.));
#5042 = ORIENTED_EDGE('',*,*,#5043,.T.);
#5043 = EDGE_CURVE('',#5036,#5044,#5046,.T.);
#5044 = VERTEX_POINT('',#5045);
#5045 = CARTESIAN_POINT('',(120.,95.,18.));
#5046 = LINE('',#5047,#5048);
#5047 = CARTESIAN_POINT('',(120.,91.,18.));
#5048 = VECTOR('',#5049,1.);
#5049 = DIRECTION('',(0.,1.,0.));
#5050 = ORIENTED_EDGE('',*,*,#5051,.F.);
#5051 = EDGE_CURVE('',#4659,#5044,#5052,.T.);
#5052 = LINE('',#5053,#5054);
#5053 = CARTESIAN_POINT('',(0.,95.,18.));
#5054 = VECTOR('',#5055,1.);
#5055 = DIRECTION('',(1.,0.,0.));
#5056 = PLANE('',#5057);
#5057 = AXIS2_PLACEMENT_3D('',#5058,#5059,#5060);
#5058 = CARTESIAN_POINT('',(0.,91.,18.));
#5059 = DIRECTION('',(0.,0.,1.));
#5060 = DIRECTION('',(1.,0.,0.));
#5061 = ADVANCED_FACE('',(#5062),#5151,.T.);
#5062 = FACE_BOUND('',#5063,.T.);
#5063 = EDGE_LOOP('',(#5064,#5072,#5080,#5088,#5096,#5104,#5112,#5120,
    #5128,#5136,#5144,#5150));
#5064 = ORIENTED_EDGE('',*,*,#5065,.F.);
#5065 = EDGE_CURVE('',#5066,#4620,#5068,.T.);
#5066 = VERTEX_POINT('',#5067);
#5067 = CARTESIAN_POINT('',(4.,4.,4.));
#5068 = LINE('',#5069,#5070);
#5069 = CARTESIAN_POINT('',(4.,4.,4.));
#5070 = VECTOR('',#5071,1.);
#5071 = DIRECTION('',(0.,0.,1.));
#5072 = ORIENTED_EDGE('',*,*,#5073,.T.);
#5073 = EDGE_CURVE('',#5066,#5074,#5076,.T.);
#5074 = VERTEX_POINT('',#5075);
#5075 = CARTESIAN_POINT('',(4.,5.,4.));
#5076 = LINE('',#5077,#5078);
#5077 = CARTESIAN_POINT('',(4.,4.,4.));
#5078 = VECTOR('',#5079,1.);
#5079 = DIRECTION('',(0.,1.,0.));
#5080 = ORIENTED_EDGE('',*,*,#5081,.T.);
#5081 = EDGE_CURVE('',#5074,#5082,#5084,.T.);
#5082 = VERTEX_POINT('',#5083);
#5083 = CARTESIAN_POINT('',(4.,5.,7.));
#5084 = LINE('',#5085,#5086);
#5085 = CARTESIAN_POINT('',(4.,5.,0.));
#5086 = VECTOR('',#5087,1.);
#5087 = DIRECTION('',(0.,0.,1.));
#5088 = ORIENTED_EDGE('',*,*,#5089,.T.);
#5089 = EDGE_CURVE('',#5082,#5090,#5092,.T.);
#5090 = VERTEX_POINT('',#5091);
#5091 = CARTESIAN_POINT('',(4.,11.,7.));
#5092 = LINE('',#5093,#5094);
#5093 = CARTESIAN_POINT('',(4.,6.,7.));
#5094 = VECTOR('',#5095,1.);
#5095 = DIRECTION('',(0.,1.,0.));
#5096 = ORIENTED_EDGE('',*,*,#5097,.F.);
#5097 = EDGE_CURVE('',#5098,#5090,#5100,.T.);
#5098 = VERTEX_POINT('',#5099);
#5099 = CARTESIAN_POINT('',(4.,11.,4.));
#5100 = LINE('',#5101,#5102);
#5101 = CARTESIAN_POINT('',(4.,11.,0.));
#5102 = VECTOR('',#5103,1.);
#5103 = DIRECTION('',(0.,0.,1.));
#5104 = ORIENTED_EDGE('',*,*,#5105,.T.);
#5105 = EDGE_CURVE('',#5098,#5106,#5108,.T.);
#5106 = VERTEX_POINT('',#5107);
#5107 = CARTESIAN_POINT('',(4.,84.,4.));
#5108 = LINE('',#5109,#5110);
#5109 = CARTESIAN_POINT('',(4.,4.,4.));
#5110 = VECTOR('',#5111,1.);
#5111 = DIRECTION('',(0.,1.,0.));
#5112 = ORIENTED_EDGE('',*,*,#5113,.T.);
#5113 = EDGE_CURVE('',#5106,#5114,#5116,.T.);
#5114 = VERTEX_POINT('',#5115);
#5115 = CARTESIAN_POINT('',(4.,84.,7.));
#5116 = LINE('',#5117,#5118);
#5117 = CARTESIAN_POINT('',(4.,84.,0.));
#5118 = VECTOR('',#5119,1.);
#5119 = DIRECTION('',(0.,0.,1.));
#5120 = ORIENTED_EDGE('',*,*,#5121,.T.);
#5121 = EDGE_CURVE('',#5114,#5122,#5124,.T.);
#5122 = VERTEX_POINT('',#5123);
#5123 = CARTESIAN_POINT('',(4.,90.,7.));
#5124 = LINE('',#5125,#5126);
#5125 = CARTESIAN_POINT('',(4.,45.5,7.));
#5126 = VECTOR('',#5127,1.);
#5127 = DIRECTION('',(0.,1.,0.));
#5128 = ORIENTED_EDGE('',*,*,#5129,.F.);
#5129 = EDGE_CURVE('',#5130,#5122,#5132,.T.);
#5130 = VERTEX_POINT('',#5131);
#5131 = CARTESIAN_POINT('',(4.,90.,4.));
#5132 = LINE('',#5133,#5134);
#5133 = CARTESIAN_POINT('',(4.,90.,0.));
#5134 = VECTOR('',#5135,1.);
#5135 = DIRECTION('',(0.,0.,1.));
#5136 = ORIENTED_EDGE('',*,*,#5137,.T.);
#5137 = EDGE_CURVE('',#5130,#5138,#5140,.T.);
#5138 = VERTEX_POINT('',#5139);
#5139 = CARTESIAN_POINT('',(4.,91.,4.));
#5140 = LINE('',#5141,#5142);
#5141 = CARTESIAN_POINT('',(4.,4.,4.));
#5142 = VECTOR('',#5143,1.);
#5143 = DIRECTION('',(0.,1.,0.));
#5144 = ORIENTED_EDGE('',*,*,#5145,.T.);
#5145 = EDGE_CURVE('',#5138,#4628,#5146,.T.);
#5146 = LINE('',#5147,#5148);
#5147 = CARTESIAN_POINT('',(4.,91.,4.));
#5148 = VECTOR('',#5149,1.);
#5149 = DIRECTION('',(0.,0.,1.));
#5150 = ORIENTED_EDGE('',*,*,#4627,.F.);
#5151 = PLANE('',#5152);
#5152 = AXIS2_PLACEMENT_3D('',#5153,#5154,#5155);
#5153 = CARTESIAN_POINT('',(4.,4.,4.));
#5154 = DIRECTION('',(1.,0.,0.));
#5155 = DIRECTION('',(0.,0.,1.));
#5156 = ADVANCED_FACE('',(#5157),#5177,.T.);
#5157 = FACE_BOUND('',#5158,.T.);
#5158 = EDGE_LOOP('',(#5159,#5160,#5161,#5162,#5170,#5176));
#5159 = ORIENTED_EDGE('',*,*,#4780,.F.);
#5160 = ORIENTED_EDGE('',*,*,#4658,.T.);
#5161 = ORIENTED_EDGE('',*,*,#5051,.T.);
#5162 = ORIENTED_EDGE('',*,*,#5163,.F.);
#5163 = EDGE_CURVE('',#5164,#5044,#5166,.T.);
#5164 = VERTEX_POINT('',#5165);
#5165 = CARTESIAN_POINT('',(120.,95.,4.));
#5166 = LINE('',#5167,#5168);
#5167 = CARTESIAN_POINT('',(120.,95.,4.));
#5168 = VECTOR('',#5169,1.);
#5169 = DIRECTION('',(0.,0.,1.));
#5170 = ORIENTED_EDGE('',*,*,#5171,.F.);
#5171 = EDGE_CURVE('',#4756,#5164,#5172,.T.);
#5172 = LINE('',#5173,#5174);
#5173 = CARTESIAN_POINT('',(0.,95.,4.));
#5174 = VECTOR('',#5175,1.);
#5175 = DIRECTION('',(1.,0.,0.));
#5176 = ORIENTED_EDGE('',*,*,#4755,.F.);
#5177 = PLANE('',#5178);
#5178 = AXIS2_PLACEMENT_3D('',#5179,#5180,#5181);
#5179 = CARTESIAN_POINT('',(0.,95.,4.));
#5180 = DIRECTION('',(0.,1.,0.));
#5181 = DIRECTION('',(0.,0.,1.));
#5182 = ADVANCED_FACE('',(#5183),#5200,.F.);
#5183 = FACE_BOUND('',#5184,.F.);
#5184 = EDGE_LOOP('',(#5185,#5186,#5194));
#5185 = ORIENTED_EDGE('',*,*,#4805,.T.);
#5186 = ORIENTED_EDGE('',*,*,#5187,.T.);
#5187 = EDGE_CURVE('',#4797,#5188,#5190,.T.);
#5188 = VERTEX_POINT('',#5189);
#5189 = CARTESIAN_POINT('',(120.,4.,4.));
#5190 = LINE('',#5191,#5192);
#5191 = CARTESIAN_POINT('',(0.,4.,4.));
#5192 = VECTOR('',#5193,1.);
#5193 = DIRECTION('',(1.,0.,0.));
#5194 = ORIENTED_EDGE('',*,*,#5195,.T.);
#5195 = EDGE_CURVE('',#5188,#4806,#5196,.T.);
#5196 = LINE('',#5197,#5198);
#5197 = CARTESIAN_POINT('',(120.,4.,4.));
#5198 = VECTOR('',#5199,1.);
#5199 = DIRECTION('',(0.,1.,0.));
#5200 = PLANE('',#5201);
#5201 = AXIS2_PLACEMENT_3D('',#5202,#5203,#5204);
#5202 = CARTESIAN_POINT('',(116.,4.,4.));
#5203 = DIRECTION('',(0.,0.,1.));
#5204 = DIRECTION('',(1.,0.,0.));
#5205 = ADVANCED_FACE('',(#5206),#5217,.F.);
#5206 = FACE_BOUND('',#5207,.F.);
#5207 = EDGE_LOOP('',(#5208,#5209,#5210,#5216));
#5208 = ORIENTED_EDGE('',*,*,#4796,.T.);
#5209 = ORIENTED_EDGE('',*,*,#4977,.T.);
#5210 = ORIENTED_EDGE('',*,*,#5211,.T.);
#5211 = EDGE_CURVE('',#4970,#5188,#5212,.T.);
#5212 = LINE('',#5213,#5214);
#5213 = CARTESIAN_POINT('',(120.,0.,4.));
#5214 = VECTOR('',#5215,1.);
#5215 = DIRECTION('',(0.,1.,0.));
#5216 = ORIENTED_EDGE('',*,*,#5187,.F.);
#5217 = PLANE('',#5218);
#5218 = AXIS2_PLACEMENT_3D('',#5219,#5220,#5221);
#5219 = CARTESIAN_POINT('',(0.,0.,4.));
#5220 = DIRECTION('',(0.,0.,1.));
#5221 = DIRECTION('',(1.,0.,0.));
#5222 = ADVANCED_FACE('',(#5223),#5240,.F.);
#5223 = FACE_BOUND('',#5224,.F.);
#5224 = EDGE_LOOP('',(#5225,#5226,#5234));
#5225 = ORIENTED_EDGE('',*,*,#4839,.F.);
#5226 = ORIENTED_EDGE('',*,*,#5227,.T.);
#5227 = EDGE_CURVE('',#4840,#5228,#5230,.T.);
#5228 = VERTEX_POINT('',#5229);
#5229 = CARTESIAN_POINT('',(120.,91.,4.));
#5230 = LINE('',#5231,#5232);
#5231 = CARTESIAN_POINT('',(120.,4.,4.));
#5232 = VECTOR('',#5233,1.);
#5233 = DIRECTION('',(0.,1.,0.));
#5234 = ORIENTED_EDGE('',*,*,#5235,.F.);
#5235 = EDGE_CURVE('',#4831,#5228,#5236,.T.);
#5236 = LINE('',#5237,#5238);
#5237 = CARTESIAN_POINT('',(0.,91.,4.));
#5238 = VECTOR('',#5239,1.);
#5239 = DIRECTION('',(1.,0.,0.));
#5240 = PLANE('',#5241);
#5241 = AXIS2_PLACEMENT_3D('',#5242,#5243,#5244);
#5242 = CARTESIAN_POINT('',(116.,4.,4.));
#5243 = DIRECTION('',(0.,0.,1.));
#5244 = DIRECTION('',(1.,0.,0.));
#5245 = ADVANCED_FACE('',(#5246),#5257,.F.);
#5246 = FACE_BOUND('',#5247,.F.);
#5247 = EDGE_LOOP('',(#5248,#5249,#5250,#5251));
#5248 = ORIENTED_EDGE('',*,*,#5171,.F.);
#5249 = ORIENTED_EDGE('',*,*,#4830,.F.);
#5250 = ORIENTED_EDGE('',*,*,#5235,.T.);
#5251 = ORIENTED_EDGE('',*,*,#5252,.T.);
#5252 = EDGE_CURVE('',#5228,#5164,#5253,.T.);
#5253 = LINE('',#5254,#5255);
#5254 = CARTESIAN_POINT('',(120.,91.,4.));
#5255 = VECTOR('',#5256,1.);
#5256 = DIRECTION('',(0.,1.,0.));
#5257 = PLANE('',#5258);
#5258 = AXIS2_PLACEMENT_3D('',#5259,#5260,#5261);
#5259 = CARTESIAN_POINT('',(0.,91.,4.));
#5260 = DIRECTION('',(0.,0.,1.));
#5261 = DIRECTION('',(1.,0.,0.));
#5262 = ADVANCED_FACE('',(#5263),#5286,.T.);
#5263 = FACE_BOUND('',#5264,.T.);
#5264 = EDGE_LOOP('',(#5265,#5271,#5272,#5273,#5274,#5280));
#5265 = ORIENTED_EDGE('',*,*,#5266,.F.);
#5266 = EDGE_CURVE('',#5188,#4995,#5267,.T.);
#5267 = LINE('',#5268,#5269);
#5268 = CARTESIAN_POINT('',(120.,4.,4.));
#5269 = VECTOR('',#5270,1.);
#5270 = DIRECTION('',(0.,0.,1.));
#5271 = ORIENTED_EDGE('',*,*,#5195,.T.);
#5272 = ORIENTED_EDGE('',*,*,#4862,.T.);
#5273 = ORIENTED_EDGE('',*,*,#5227,.T.);
#5274 = ORIENTED_EDGE('',*,*,#5275,.T.);
#5275 = EDGE_CURVE('',#5228,#5036,#5276,.T.);
#5276 = LINE('',#5277,#5278);
#5277 = CARTESIAN_POINT('',(120.,91.,4.));
#5278 = VECTOR('',#5279,1.);
#5279 = DIRECTION('',(0.,0.,1.));
#5280 = ORIENTED_EDGE('',*,*,#5281,.F.);
#5281 = EDGE_CURVE('',#4995,#5036,#5282,.T.);
#5282 = LINE('',#5283,#5284);
#5283 = CARTESIAN_POINT('',(120.,4.,18.));
#5284 = VECTOR('',#5285,1.);
#5285 = DIRECTION('',(0.,1.,0.));
#5286 = PLANE('',#5287);
#5287 = AXIS2_PLACEMENT_3D('',#5288,#5289,#5290);
#5288 = CARTESIAN_POINT('',(120.,4.,4.));
#5289 = DIRECTION('',(1.,0.,0.));
#5290 = DIRECTION('',(0.,0.,1.));
#5291 = ADVANCED_FACE('',(#5292),#5311,.F.);
#5292 = FACE_BOUND('',#5293,.F.);
#5293 = EDGE_LOOP('',(#5294,#5303,#5309,#5310));
#5294 = ORIENTED_EDGE('',*,*,#5295,.F.);
#5295 = EDGE_CURVE('',#5296,#5296,#5298,.T.);
#5296 = VERTEX_POINT('',#5297);
#5297 = CARTESIAN_POINT('',(10.2,8.,7.));
#5298 = CIRCLE('',#5299,2.2);
#5299 = AXIS2_PLACEMENT_3D('',#5300,#5301,#5302);
#5300 = CARTESIAN_POINT('',(8.,8.,7.));
#5301 = DIRECTION('',(0.,0.,1.));
#5302 = DIRECTION('',(1.,0.,0.));
#5303 = ORIENTED_EDGE('',*,*,#5304,.F.);
#5304 = EDGE_CURVE('',#4883,#5296,#5305,.T.);
#5305 = LINE('',#5306,#5307);
#5306 = CARTESIAN_POINT('',(10.2,8.,-1.));
#5307 = VECTOR('',#5308,1.);
#5308 = DIRECTION('',(0.,0.,1.));
#5309 = ORIENTED_EDGE('',*,*,#4882,.T.);
#5310 = ORIENTED_EDGE('',*,*,#5304,.T.);
#5311 = CYLINDRICAL_SURFACE('',#5312,2.2);
#5312 = AXIS2_PLACEMENT_3D('',#5313,#5314,#5315);
#5313 = CARTESIAN_POINT('',(8.,8.,-1.));
#5314 = DIRECTION('',(0.,0.,1.));
#5315 = DIRECTION('',(1.,0.,0.));
#5316 = ADVANCED_FACE('',(#5317),#5336,.F.);
#5317 = FACE_BOUND('',#5318,.F.);
#5318 = EDGE_LOOP('',(#5319,#5328,#5334,#5335));
#5319 = ORIENTED_EDGE('',*,*,#5320,.F.);
#5320 = EDGE_CURVE('',#5321,#5321,#5323,.T.);
#5321 = VERTEX_POINT('',#5322);
#5322 = CARTESIAN_POINT('',(114.2,8.,7.));
#5323 = CIRCLE('',#5324,2.2);
#5324 = AXIS2_PLACEMENT_3D('',#5325,#5326,#5327);
#5325 = CARTESIAN_POINT('',(112.,8.,7.));
#5326 = DIRECTION('',(0.,0.,1.));
#5327 = DIRECTION('',(1.,0.,0.));
#5328 = ORIENTED_EDGE('',*,*,#5329,.F.);
#5329 = EDGE_CURVE('',#4903,#5321,#5330,.T.);
#5330 = LINE('',#5331,#5332);
#5331 = CARTESIAN_POINT('',(114.2,8.,-1.));
#5332 = VECTOR('',#5333,1.);
#5333 = DIRECTION('',(0.,0.,1.));
#5334 = ORIENTED_EDGE('',*,*,#4902,.T.);
#5335 = ORIENTED_EDGE('',*,*,#5329,.T.);
#5336 = CYLINDRICAL_SURFACE('',#5337,2.2);
#5337 = AXIS2_PLACEMENT_3D('',#5338,#5339,#5340);
#5338 = CARTESIAN_POINT('',(112.,8.,-1.));
#5339 = DIRECTION('',(0.,0.,1.));
#5340 = DIRECTION('',(1.,0.,0.));
#5341 = ADVANCED_FACE('',(#5342),#5361,.F.);
#5342 = FACE_BOUND('',#5343,.F.);
#5343 = EDGE_LOOP('',(#5344,#5353,#5359,#5360));
#5344 = ORIENTED_EDGE('',*,*,#5345,.F.);
#5345 = EDGE_CURVE('',#5346,#5346,#5348,.T.);
#5346 = VERTEX_POINT('',#5347);
#5347 = CARTESIAN_POINT('',(10.2,87.,7.));
#5348 = CIRCLE('',#5349,2.2);
#5349 = AXIS2_PLACEMENT_3D('',#5350,#5351,#5352);
#5350 = CARTESIAN_POINT('',(8.,87.,7.));
#5351 = DIRECTION('',(0.,0.,1.));
#5352 = DIRECTION('',(1.,0.,0.));
#5353 = ORIENTED_EDGE('',*,*,#5354,.F.);
#5354 = EDGE_CURVE('',#4923,#5346,#5355,.T.);
#5355 = LINE('',#5356,#5357);
#5356 = CARTESIAN_POINT('',(10.2,87.,-1.));
#5357 = VECTOR('',#5358,1.);
#5358 = DIRECTION('',(0.,0.,1.));
#5359 = ORIENTED_EDGE('',*,*,#4922,.T.);
#5360 = ORIENTED_EDGE('',*,*,#5354,.T.);
#5361 = CYLINDRICAL_SURFACE('',#5362,2.2);
#5362 = AXIS2_PLACEMENT_3D('',#5363,#5364,#5365);
#5363 = CARTESIAN_POINT('',(8.,87.,-1.));
#5364 = DIRECTION('',(0.,0.,1.));
#5365 = DIRECTION('',(1.,0.,0.));
#5366 = ADVANCED_FACE('',(#5367),#5386,.F.);
#5367 = FACE_BOUND('',#5368,.F.);
#5368 = EDGE_LOOP('',(#5369,#5378,#5384,#5385));
#5369 = ORIENTED_EDGE('',*,*,#5370,.F.);
#5370 = EDGE_CURVE('',#5371,#5371,#5373,.T.);
#5371 = VERTEX_POINT('',#5372);
#5372 = CARTESIAN_POINT('',(114.2,87.,7.));
#5373 = CIRCLE('',#5374,2.2);
#5374 = AXIS2_PLACEMENT_3D('',#5375,#5376,#5377);
#5375 = CARTESIAN_POINT('',(112.,87.,7.));
#5376 = DIRECTION('',(0.,0.,1.));
#5377 = DIRECTION('',(1.,0.,0.));
#5378 = ORIENTED_EDGE('',*,*,#5379,.F.);
#5379 = EDGE_CURVE('',#4943,#5371,#5380,.T.);
#5380 = LINE('',#5381,#5382);
#5381 = CARTESIAN_POINT('',(114.2,87.,-1.));
#5382 = VECTOR('',#5383,1.);
#5383 = DIRECTION('',(0.,0.,1.));
#5384 = ORIENTED_EDGE('',*,*,#4942,.T.);
#5385 = ORIENTED_EDGE('',*,*,#5379,.T.);
#5386 = CYLINDRICAL_SURFACE('',#5387,2.2);
#5387 = AXIS2_PLACEMENT_3D('',#5388,#5389,#5390);
#5388 = CARTESIAN_POINT('',(112.,87.,-1.));
#5389 = DIRECTION('',(0.,0.,1.));
#5390 = DIRECTION('',(1.,0.,0.));
#5391 = ADVANCED_FACE('',(#5392),#5398,.T.);
#5392 = FACE_BOUND('',#5393,.T.);
#5393 = EDGE_LOOP('',(#5394,#5395,#5396,#5397));
#5394 = ORIENTED_EDGE('',*,*,#4969,.F.);
#5395 = ORIENTED_EDGE('',*,*,#5211,.T.);
#5396 = ORIENTED_EDGE('',*,*,#5266,.T.);
#5397 = ORIENTED_EDGE('',*,*,#4994,.F.);
#5398 = PLANE('',#5399);
#5399 = AXIS2_PLACEMENT_3D('',#5400,#5401,#5402);
#5400 = CARTESIAN_POINT('',(120.,0.,4.));
#5401 = DIRECTION('',(1.,0.,0.));
#5402 = DIRECTION('',(0.,0.,1.));
#5403 = ADVANCED_FACE('',(#5404),#5486,.T.);
#5404 = FACE_BOUND('',#5405,.T.);
#5405 = EDGE_LOOP('',(#5406,#5414,#5415,#5416,#5424,#5432,#5440,#5448,
    #5456,#5464,#5472,#5480));
#5406 = ORIENTED_EDGE('',*,*,#5407,.F.);
#5407 = EDGE_CURVE('',#5066,#5408,#5410,.T.);
#5408 = VERTEX_POINT('',#5409);
#5409 = CARTESIAN_POINT('',(5.,4.,4.));
#5410 = LINE('',#5411,#5412);
#5411 = CARTESIAN_POINT('',(0.,4.,4.));
#5412 = VECTOR('',#5413,1.);
#5413 = DIRECTION('',(1.,0.,0.));
#5414 = ORIENTED_EDGE('',*,*,#5065,.T.);
#5415 = ORIENTED_EDGE('',*,*,#5010,.T.);
#5416 = ORIENTED_EDGE('',*,*,#5417,.F.);
#5417 = EDGE_CURVE('',#5418,#5003,#5420,.T.);
#5418 = VERTEX_POINT('',#5419);
#5419 = CARTESIAN_POINT('',(116.,4.,4.));
#5420 = LINE('',#5421,#5422);
#5421 = CARTESIAN_POINT('',(116.,4.,4.));
#5422 = VECTOR('',#5423,1.);
#5423 = DIRECTION('',(0.,0.,1.));
#5424 = ORIENTED_EDGE('',*,*,#5425,.F.);
#5425 = EDGE_CURVE('',#5426,#5418,#5428,.T.);
#5426 = VERTEX_POINT('',#5427);
#5427 = CARTESIAN_POINT('',(115.,4.,4.));
#5428 = LINE('',#5429,#5430);
#5429 = CARTESIAN_POINT('',(0.,4.,4.));
#5430 = VECTOR('',#5431,1.);
#5431 = DIRECTION('',(1.,0.,0.));
#5432 = ORIENTED_EDGE('',*,*,#5433,.T.);
#5433 = EDGE_CURVE('',#5426,#5434,#5436,.T.);
#5434 = VERTEX_POINT('',#5435);
#5435 = CARTESIAN_POINT('',(115.,4.,7.));
#5436 = LINE('',#5437,#5438);
#5437 = CARTESIAN_POINT('',(115.,4.,0.));
#5438 = VECTOR('',#5439,1.);
#5439 = DIRECTION('',(0.,0.,1.));
#5440 = ORIENTED_EDGE('',*,*,#5441,.T.);
#5441 = EDGE_CURVE('',#5434,#5442,#5444,.T.);
#5442 = VERTEX_POINT('',#5443);
#5443 = CARTESIAN_POINT('',(109.,4.,7.));
#5444 = LINE('',#5445,#5446);
#5445 = CARTESIAN_POINT('',(56.,4.,7.));
#5446 = VECTOR('',#5447,1.);
#5447 = DIRECTION('',(-1.,0.,0.));
#5448 = ORIENTED_EDGE('',*,*,#5449,.F.);
#5449 = EDGE_CURVE('',#5450,#5442,#5452,.T.);
#5450 = VERTEX_POINT('',#5451);
#5451 = CARTESIAN_POINT('',(109.,4.,4.));
#5452 = LINE('',#5453,#5454);
#5453 = CARTESIAN_POINT('',(109.,4.,0.));
#5454 = VECTOR('',#5455,1.);
#5455 = DIRECTION('',(0.,0.,1.));
#5456 = ORIENTED_EDGE('',*,*,#5457,.F.);
#5457 = EDGE_CURVE('',#5458,#5450,#5460,.T.);
#5458 = VERTEX_POINT('',#5459);
#5459 = CARTESIAN_POINT('',(11.,4.,4.));
#5460 = LINE('',#5461,#5462);
#5461 = CARTESIAN_POINT('',(0.,4.,4.));
#5462 = VECTOR('',#5463,1.);
#5463 = DIRECTION('',(1.,0.,0.));
#5464 = ORIENTED_EDGE('',*,*,#5465,.T.);
#5465 = EDGE_CURVE('',#5458,#5466,#5468,.T.);
#5466 = VERTEX_POINT('',#5467);
#5467 = CARTESIAN_POINT('',(11.,4.,7.));
#5468 = LINE('',#5469,#5470);
#5469 = CARTESIAN_POINT('',(11.,4.,0.));
#5470 = VECTOR('',#5471,1.);
#5471 = DIRECTION('',(0.,0.,1.));
#5472 = ORIENTED_EDGE('',*,*,#5473,.T.);
#5473 = EDGE_CURVE('',#5466,#5474,#5476,.T.);
#5474 = VERTEX_POINT('',#5475);
#5475 = CARTESIAN_POINT('',(5.,4.,7.));
#5476 = LINE('',#5477,#5478);
#5477 = CARTESIAN_POINT('',(4.,4.,7.));
#5478 = VECTOR('',#5479,1.);
#5479 = DIRECTION('',(-1.,0.,0.));
#5480 = ORIENTED_EDGE('',*,*,#5481,.F.);
#5481 = EDGE_CURVE('',#5408,#5474,#5482,.T.);
#5482 = LINE('',#5483,#5484);
#5483 = CARTESIAN_POINT('',(5.,4.,0.));
#5484 = VECTOR('',#5485,1.);
#5485 = DIRECTION('',(0.,0.,1.));
#5486 = PLANE('',#5487);
#5487 = AXIS2_PLACEMENT_3D('',#5488,#5489,#5490);
#5488 = CARTESIAN_POINT('',(0.,4.,4.));
#5489 = DIRECTION('',(0.,1.,0.));
#5490 = DIRECTION('',(0.,0.,1.));
#5491 = ADVANCED_FACE('',(#5492),#5503,.T.);
#5492 = FACE_BOUND('',#5493,.T.);
#5493 = EDGE_LOOP('',(#5494,#5500,#5501,#5502));
#5494 = ORIENTED_EDGE('',*,*,#5495,.F.);
#5495 = EDGE_CURVE('',#5003,#5028,#5496,.T.);
#5496 = LINE('',#5497,#5498);
#5497 = CARTESIAN_POINT('',(116.,4.,18.));
#5498 = VECTOR('',#5499,1.);
#5499 = DIRECTION('',(0.,1.,0.));
#5500 = ORIENTED_EDGE('',*,*,#5002,.T.);
#5501 = ORIENTED_EDGE('',*,*,#5281,.T.);
#5502 = ORIENTED_EDGE('',*,*,#5035,.F.);
#5503 = PLANE('',#5504);
#5504 = AXIS2_PLACEMENT_3D('',#5505,#5506,#5507);
#5505 = CARTESIAN_POINT('',(116.,4.,18.));
#5506 = DIRECTION('',(0.,0.,1.));
#5507 = DIRECTION('',(1.,0.,0.));
#5508 = ADVANCED_FACE('',(#5509),#5515,.T.);
#5509 = FACE_BOUND('',#5510,.T.);
#5510 = EDGE_LOOP('',(#5511,#5512,#5513,#5514));
#5511 = ORIENTED_EDGE('',*,*,#5275,.F.);
#5512 = ORIENTED_EDGE('',*,*,#5252,.T.);
#5513 = ORIENTED_EDGE('',*,*,#5163,.T.);
#5514 = ORIENTED_EDGE('',*,*,#5043,.F.);
#5515 = PLANE('',#5516);
#5516 = AXIS2_PLACEMENT_3D('',#5517,#5518,#5519);
#5517 = CARTESIAN_POINT('',(120.,91.,4.));
#5518 = DIRECTION('',(1.,0.,0.));
#5519 = DIRECTION('',(0.,0.,1.));
#5520 = ADVANCED_FACE('',(#5521),#5603,.F.);
#5521 = FACE_BOUND('',#5522,.F.);
#5522 = EDGE_LOOP('',(#5523,#5531,#5532,#5533,#5541,#5549,#5557,#5565,
    #5573,#5581,#5589,#5597));
#5523 = ORIENTED_EDGE('',*,*,#5524,.F.);
#5524 = EDGE_CURVE('',#5138,#5525,#5527,.T.);
#5525 = VERTEX_POINT('',#5526);
#5526 = CARTESIAN_POINT('',(5.,91.,4.));
#5527 = LINE('',#5528,#5529);
#5528 = CARTESIAN_POINT('',(0.,91.,4.));
#5529 = VECTOR('',#5530,1.);
#5530 = DIRECTION('',(1.,0.,0.));
#5531 = ORIENTED_EDGE('',*,*,#5145,.T.);
#5532 = ORIENTED_EDGE('',*,*,#5027,.T.);
#5533 = ORIENTED_EDGE('',*,*,#5534,.F.);
#5534 = EDGE_CURVE('',#5535,#5028,#5537,.T.);
#5535 = VERTEX_POINT('',#5536);
#5536 = CARTESIAN_POINT('',(116.,91.,4.));
#5537 = LINE('',#5538,#5539);
#5538 = CARTESIAN_POINT('',(116.,91.,4.));
#5539 = VECTOR('',#5540,1.);
#5540 = DIRECTION('',(0.,0.,1.));
#5541 = ORIENTED_EDGE('',*,*,#5542,.F.);
#5542 = EDGE_CURVE('',#5543,#5535,#5545,.T.);
#5543 = VERTEX_POINT('',#5544);
#5544 = CARTESIAN_POINT('',(115.,91.,4.));
#5545 = LINE('',#5546,#5547);
#5546 = CARTESIAN_POINT('',(0.,91.,4.));
#5547 = VECTOR('',#5548,1.);
#5548 = DIRECTION('',(1.,0.,0.));
#5549 = ORIENTED_EDGE('',*,*,#5550,.T.);
#5550 = EDGE_CURVE('',#5543,#5551,#5553,.T.);
#5551 = VERTEX_POINT('',#5552);
#5552 = CARTESIAN_POINT('',(115.,91.,7.));
#5553 = LINE('',#5554,#5555);
#5554 = CARTESIAN_POINT('',(115.,91.,0.));
#5555 = VECTOR('',#5556,1.);
#5556 = DIRECTION('',(0.,0.,1.));
#5557 = ORIENTED_EDGE('',*,*,#5558,.T.);
#5558 = EDGE_CURVE('',#5551,#5559,#5561,.T.);
#5559 = VERTEX_POINT('',#5560);
#5560 = CARTESIAN_POINT('',(109.,91.,7.));
#5561 = LINE('',#5562,#5563);
#5562 = CARTESIAN_POINT('',(56.,91.,7.));
#5563 = VECTOR('',#5564,1.);
#5564 = DIRECTION('',(-1.,0.,0.));
#5565 = ORIENTED_EDGE('',*,*,#5566,.F.);
#5566 = EDGE_CURVE('',#5567,#5559,#5569,.T.);
#5567 = VERTEX_POINT('',#5568);
#5568 = CARTESIAN_POINT('',(109.,91.,4.));
#5569 = LINE('',#5570,#5571);
#5570 = CARTESIAN_POINT('',(109.,91.,0.));
#5571 = VECTOR('',#5572,1.);
#5572 = DIRECTION('',(0.,0.,1.));
#5573 = ORIENTED_EDGE('',*,*,#5574,.F.);
#5574 = EDGE_CURVE('',#5575,#5567,#5577,.T.);
#5575 = VERTEX_POINT('',#5576);
#5576 = CARTESIAN_POINT('',(11.,91.,4.));
#5577 = LINE('',#5578,#5579);
#5578 = CARTESIAN_POINT('',(0.,91.,4.));
#5579 = VECTOR('',#5580,1.);
#5580 = DIRECTION('',(1.,0.,0.));
#5581 = ORIENTED_EDGE('',*,*,#5582,.T.);
#5582 = EDGE_CURVE('',#5575,#5583,#5585,.T.);
#5583 = VERTEX_POINT('',#5584);
#5584 = CARTESIAN_POINT('',(11.,91.,7.));
#5585 = LINE('',#5586,#5587);
#5586 = CARTESIAN_POINT('',(11.,91.,0.));
#5587 = VECTOR('',#5588,1.);
#5588 = DIRECTION('',(0.,0.,1.));
#5589 = ORIENTED_EDGE('',*,*,#5590,.T.);
#5590 = EDGE_CURVE('',#5583,#5591,#5593,.T.);
#5591 = VERTEX_POINT('',#5592);
#5592 = CARTESIAN_POINT('',(5.,91.,7.));
#5593 = LINE('',#5594,#5595);
#5594 = CARTESIAN_POINT('',(4.,91.,7.));
#5595 = VECTOR('',#5596,1.);
#5596 = DIRECTION('',(-1.,0.,0.));
#5597 = ORIENTED_EDGE('',*,*,#5598,.F.);
#5598 = EDGE_CURVE('',#5525,#5591,#5599,.T.);
#5599 = LINE('',#5600,#5601);
#5600 = CARTESIAN_POINT('',(5.,91.,0.));
#5601 = VECTOR('',#5602,1.);
#5602 = DIRECTION('',(0.,0.,1.));
#5603 = PLANE('',#5604);
#5604 = AXIS2_PLACEMENT_3D('',#5605,#5606,#5607);
#5605 = CARTESIAN_POINT('',(0.,91.,4.));
#5606 = DIRECTION('',(0.,1.,0.));
#5607 = DIRECTION('',(0.,0.,1.));
#5608 = ADVANCED_FACE('',(#5609),#5620,.T.);
#5609 = FACE_BOUND('',#5610,.T.);
#5610 = EDGE_LOOP('',(#5611,#5612,#5613));
#5611 = ORIENTED_EDGE('',*,*,#5524,.F.);
#5612 = ORIENTED_EDGE('',*,*,#5137,.F.);
#5613 = ORIENTED_EDGE('',*,*,#5614,.F.);
#5614 = EDGE_CURVE('',#5525,#5130,#5615,.T.);
#5615 = CIRCLE('',#5616,5.);
#5616 = AXIS2_PLACEMENT_3D('',#5617,#5618,#5619);
#5617 = CARTESIAN_POINT('',(8.,87.,4.));
#5618 = DIRECTION('',(0.,0.,1.));
#5619 = DIRECTION('',(1.,0.,0.));
#5620 = PLANE('',#5621);
#5621 = AXIS2_PLACEMENT_3D('',#5622,#5623,#5624);
#5622 = CARTESIAN_POINT('',(0.,0.,4.));
#5623 = DIRECTION('',(0.,0.,1.));
#5624 = DIRECTION('',(1.,0.,0.));
#5625 = ADVANCED_FACE('',(#5626),#5638,.T.);
#5626 = FACE_BOUND('',#5627,.T.);
#5627 = EDGE_LOOP('',(#5628,#5629,#5630,#5631));
#5628 = ORIENTED_EDGE('',*,*,#5598,.F.);
#5629 = ORIENTED_EDGE('',*,*,#5614,.T.);
#5630 = ORIENTED_EDGE('',*,*,#5129,.T.);
#5631 = ORIENTED_EDGE('',*,*,#5632,.F.);
#5632 = EDGE_CURVE('',#5591,#5122,#5633,.T.);
#5633 = CIRCLE('',#5634,5.);
#5634 = AXIS2_PLACEMENT_3D('',#5635,#5636,#5637);
#5635 = CARTESIAN_POINT('',(8.,87.,7.));
#5636 = DIRECTION('',(0.,0.,1.));
#5637 = DIRECTION('',(1.,0.,0.));
#5638 = CYLINDRICAL_SURFACE('',#5639,5.);
#5639 = AXIS2_PLACEMENT_3D('',#5640,#5641,#5642);
#5640 = CARTESIAN_POINT('',(8.,87.,0.));
#5641 = DIRECTION('',(0.,0.,1.));
#5642 = DIRECTION('',(1.,0.,0.));
#5643 = ADVANCED_FACE('',(#5644,#5698),#5701,.T.);
#5644 = FACE_BOUND('',#5645,.T.);
#5645 = EDGE_LOOP('',(#5646,#5647,#5656,#5664,#5672,#5680,#5689,#5696,
    #5697));
#5646 = ORIENTED_EDGE('',*,*,#5121,.F.);
#5647 = ORIENTED_EDGE('',*,*,#5648,.T.);
#5648 = EDGE_CURVE('',#5114,#5649,#5651,.T.);
#5649 = VERTEX_POINT('',#5650);
#5650 = CARTESIAN_POINT('',(8.,82.,7.));
#5651 = CIRCLE('',#5652,5.);
#5652 = AXIS2_PLACEMENT_3D('',#5653,#5654,#5655);
#5653 = CARTESIAN_POINT('',(8.,87.,7.));
#5654 = DIRECTION('',(0.,0.,1.));
#5655 = DIRECTION('',(1.,0.,0.));
#5656 = ORIENTED_EDGE('',*,*,#5657,.T.);
#5657 = EDGE_CURVE('',#5649,#5658,#5660,.T.);
#5658 = VERTEX_POINT('',#5659);
#5659 = CARTESIAN_POINT('',(8.,84.,7.));
#5660 = LINE('',#5661,#5662);
#5661 = CARTESIAN_POINT('',(8.,49.5,7.));
#5662 = VECTOR('',#5663,1.);
#5663 = DIRECTION('',(-0.,1.,0.));
#5664 = ORIENTED_EDGE('',*,*,#5665,.F.);
#5665 = EDGE_CURVE('',#5666,#5658,#5668,.T.);
#5666 = VERTEX_POINT('',#5667);
#5667 = CARTESIAN_POINT('',(11.,84.,7.));
#5668 = LINE('',#5669,#5670);
#5669 = CARTESIAN_POINT('',(8.,84.,7.));
#5670 = VECTOR('',#5671,1.);
#5671 = DIRECTION('',(-1.,-0.,0.));
#5672 = ORIENTED_EDGE('',*,*,#5673,.F.);
#5673 = EDGE_CURVE('',#5674,#5666,#5676,.T.);
#5674 = VERTEX_POINT('',#5675);
#5675 = CARTESIAN_POINT('',(11.,83.,7.));
#5676 = LINE('',#5677,#5678);
#5677 = CARTESIAN_POINT('',(11.,49.5,7.));
#5678 = VECTOR('',#5679,1.);
#5679 = DIRECTION('',(-0.,1.,0.));
#5680 = ORIENTED_EDGE('',*,*,#5681,.T.);
#5681 = EDGE_CURVE('',#5674,#5682,#5684,.T.);
#5682 = VERTEX_POINT('',#5683);
#5683 = CARTESIAN_POINT('',(13.,87.,7.));
#5684 = CIRCLE('',#5685,5.);
#5685 = AXIS2_PLACEMENT_3D('',#5686,#5687,#5688);
#5686 = CARTESIAN_POINT('',(8.,87.,7.));
#5687 = DIRECTION('',(0.,0.,1.));
#5688 = DIRECTION('',(1.,0.,0.));
#5689 = ORIENTED_EDGE('',*,*,#5690,.T.);
#5690 = EDGE_CURVE('',#5682,#5583,#5691,.T.);
#5691 = CIRCLE('',#5692,5.);
#5692 = AXIS2_PLACEMENT_3D('',#5693,#5694,#5695);
#5693 = CARTESIAN_POINT('',(8.,87.,7.));
#5694 = DIRECTION('',(0.,0.,1.));
#5695 = DIRECTION('',(1.,0.,0.));
#5696 = ORIENTED_EDGE('',*,*,#5590,.T.);
#5697 = ORIENTED_EDGE('',*,*,#5632,.T.);
#5698 = FACE_BOUND('',#5699,.T.);
#5699 = EDGE_LOOP('',(#5700));
#5700 = ORIENTED_EDGE('',*,*,#5345,.F.);
#5701 = PLANE('',#5702);
#5702 = AXIS2_PLACEMENT_3D('',#5703,#5704,#5705);
#5703 = CARTESIAN_POINT('',(8.,87.,7.));
#5704 = DIRECTION('',(0.,0.,1.));
#5705 = DIRECTION('',(1.,0.,0.));
#5706 = ADVANCED_FACE('',(#5707),#5726,.T.);
#5707 = FACE_BOUND('',#5708,.T.);
#5708 = EDGE_LOOP('',(#5709,#5710,#5719,#5725));
#5709 = ORIENTED_EDGE('',*,*,#5113,.F.);
#5710 = ORIENTED_EDGE('',*,*,#5711,.T.);
#5711 = EDGE_CURVE('',#5106,#5712,#5714,.T.);
#5712 = VERTEX_POINT('',#5713);
#5713 = CARTESIAN_POINT('',(8.,82.,4.));
#5714 = CIRCLE('',#5715,5.);
#5715 = AXIS2_PLACEMENT_3D('',#5716,#5717,#5718);
#5716 = CARTESIAN_POINT('',(8.,87.,4.));
#5717 = DIRECTION('',(0.,0.,1.));
#5718 = DIRECTION('',(1.,0.,0.));
#5719 = ORIENTED_EDGE('',*,*,#5720,.T.);
#5720 = EDGE_CURVE('',#5712,#5649,#5721,.T.);
#5721 = LINE('',#5722,#5723);
#5722 = CARTESIAN_POINT('',(8.,82.,0.));
#5723 = VECTOR('',#5724,1.);
#5724 = DIRECTION('',(0.,0.,1.));
#5725 = ORIENTED_EDGE('',*,*,#5648,.F.);
#5726 = CYLINDRICAL_SURFACE('',#5727,5.);
#5727 = AXIS2_PLACEMENT_3D('',#5728,#5729,#5730);
#5728 = CARTESIAN_POINT('',(8.,87.,0.));
#5729 = DIRECTION('',(0.,0.,1.));
#5730 = DIRECTION('',(1.,0.,0.));
#5731 = ADVANCED_FACE('',(#5732),#5751,.T.);
#5732 = FACE_BOUND('',#5733,.T.);
#5733 = EDGE_LOOP('',(#5734,#5743,#5749,#5750));
#5734 = ORIENTED_EDGE('',*,*,#5735,.F.);
#5735 = EDGE_CURVE('',#5736,#5098,#5738,.T.);
#5736 = VERTEX_POINT('',#5737);
#5737 = CARTESIAN_POINT('',(8.,13.,4.));
#5738 = CIRCLE('',#5739,5.);
#5739 = AXIS2_PLACEMENT_3D('',#5740,#5741,#5742);
#5740 = CARTESIAN_POINT('',(8.,8.,4.));
#5741 = DIRECTION('',(0.,0.,1.));
#5742 = DIRECTION('',(1.,0.,0.));
#5743 = ORIENTED_EDGE('',*,*,#5744,.T.);
#5744 = EDGE_CURVE('',#5736,#5712,#5745,.T.);
#5745 = LINE('',#5746,#5747);
#5746 = CARTESIAN_POINT('',(8.,12.,4.));
#5747 = VECTOR('',#5748,1.);
#5748 = DIRECTION('',(-0.,1.,0.));
#5749 = ORIENTED_EDGE('',*,*,#5711,.F.);
#5750 = ORIENTED_EDGE('',*,*,#5105,.F.);
#5751 = PLANE('',#5752);
#5752 = AXIS2_PLACEMENT_3D('',#5753,#5754,#5755);
#5753 = CARTESIAN_POINT('',(0.,0.,4.));
#5754 = DIRECTION('',(0.,0.,1.));
#5755 = DIRECTION('',(1.,0.,0.));
#5756 = ADVANCED_FACE('',(#5757),#5776,.T.);
#5757 = FACE_BOUND('',#5758,.T.);
#5758 = EDGE_LOOP('',(#5759,#5767,#5768,#5769));
#5759 = ORIENTED_EDGE('',*,*,#5760,.F.);
#5760 = EDGE_CURVE('',#5736,#5761,#5763,.T.);
#5761 = VERTEX_POINT('',#5762);
#5762 = CARTESIAN_POINT('',(8.,13.,7.));
#5763 = LINE('',#5764,#5765);
#5764 = CARTESIAN_POINT('',(8.,13.,0.));
#5765 = VECTOR('',#5766,1.);
#5766 = DIRECTION('',(0.,0.,1.));
#5767 = ORIENTED_EDGE('',*,*,#5735,.T.);
#5768 = ORIENTED_EDGE('',*,*,#5097,.T.);
#5769 = ORIENTED_EDGE('',*,*,#5770,.F.);
#5770 = EDGE_CURVE('',#5761,#5090,#5771,.T.);
#5771 = CIRCLE('',#5772,5.);
#5772 = AXIS2_PLACEMENT_3D('',#5773,#5774,#5775);
#5773 = CARTESIAN_POINT('',(8.,8.,7.));
#5774 = DIRECTION('',(0.,0.,1.));
#5775 = DIRECTION('',(1.,0.,0.));
#5776 = CYLINDRICAL_SURFACE('',#5777,5.);
#5777 = AXIS2_PLACEMENT_3D('',#5778,#5779,#5780);
#5778 = CARTESIAN_POINT('',(8.,8.,0.));
#5779 = DIRECTION('',(0.,0.,1.));
#5780 = DIRECTION('',(1.,0.,0.));
#5781 = ADVANCED_FACE('',(#5782,#5826),#5829,.T.);
#5782 = FACE_BOUND('',#5783,.T.);
#5783 = EDGE_LOOP('',(#5784,#5785,#5794,#5803,#5811,#5817,#5818,#5819));
#5784 = ORIENTED_EDGE('',*,*,#5473,.F.);
#5785 = ORIENTED_EDGE('',*,*,#5786,.T.);
#5786 = EDGE_CURVE('',#5466,#5787,#5789,.T.);
#5787 = VERTEX_POINT('',#5788);
#5788 = CARTESIAN_POINT('',(13.,8.,7.));
#5789 = CIRCLE('',#5790,5.);
#5790 = AXIS2_PLACEMENT_3D('',#5791,#5792,#5793);
#5791 = CARTESIAN_POINT('',(8.,8.,7.));
#5792 = DIRECTION('',(0.,0.,1.));
#5793 = DIRECTION('',(1.,0.,0.));
#5794 = ORIENTED_EDGE('',*,*,#5795,.T.);
#5795 = EDGE_CURVE('',#5787,#5796,#5798,.T.);
#5796 = VERTEX_POINT('',#5797);
#5797 = CARTESIAN_POINT('',(11.,12.,7.));
#5798 = CIRCLE('',#5799,5.);
#5799 = AXIS2_PLACEMENT_3D('',#5800,#5801,#5802);
#5800 = CARTESIAN_POINT('',(8.,8.,7.));
#5801 = DIRECTION('',(0.,0.,1.));
#5802 = DIRECTION('',(1.,0.,0.));
#5803 = ORIENTED_EDGE('',*,*,#5804,.T.);
#5804 = EDGE_CURVE('',#5796,#5805,#5807,.T.);
#5805 = VERTEX_POINT('',#5806);
#5806 = CARTESIAN_POINT('',(8.,12.,7.));
#5807 = LINE('',#5808,#5809);
#5808 = CARTESIAN_POINT('',(8.,12.,7.));
#5809 = VECTOR('',#5810,1.);
#5810 = DIRECTION('',(-1.,-0.,0.));
#5811 = ORIENTED_EDGE('',*,*,#5812,.T.);
#5812 = EDGE_CURVE('',#5805,#5761,#5813,.T.);
#5813 = LINE('',#5814,#5815);
#5814 = CARTESIAN_POINT('',(8.,10.,7.));
#5815 = VECTOR('',#5816,1.);
#5816 = DIRECTION('',(-0.,1.,0.));
#5817 = ORIENTED_EDGE('',*,*,#5770,.T.);
#5818 = ORIENTED_EDGE('',*,*,#5089,.F.);
#5819 = ORIENTED_EDGE('',*,*,#5820,.T.);
#5820 = EDGE_CURVE('',#5082,#5474,#5821,.T.);
#5821 = CIRCLE('',#5822,5.);
#5822 = AXIS2_PLACEMENT_3D('',#5823,#5824,#5825);
#5823 = CARTESIAN_POINT('',(8.,8.,7.));
#5824 = DIRECTION('',(0.,0.,1.));
#5825 = DIRECTION('',(1.,0.,0.));
#5826 = FACE_BOUND('',#5827,.T.);
#5827 = EDGE_LOOP('',(#5828));
#5828 = ORIENTED_EDGE('',*,*,#5295,.F.);
#5829 = PLANE('',#5830);
#5830 = AXIS2_PLACEMENT_3D('',#5831,#5832,#5833);
#5831 = CARTESIAN_POINT('',(8.,8.,7.));
#5832 = DIRECTION('',(0.,0.,1.));
#5833 = DIRECTION('',(1.,0.,0.));
#5834 = ADVANCED_FACE('',(#5835),#5847,.T.);
#5835 = FACE_BOUND('',#5836,.T.);
#5836 = EDGE_LOOP('',(#5837,#5838,#5845,#5846));
#5837 = ORIENTED_EDGE('',*,*,#5081,.F.);
#5838 = ORIENTED_EDGE('',*,*,#5839,.T.);
#5839 = EDGE_CURVE('',#5074,#5408,#5840,.T.);
#5840 = CIRCLE('',#5841,5.);
#5841 = AXIS2_PLACEMENT_3D('',#5842,#5843,#5844);
#5842 = CARTESIAN_POINT('',(8.,8.,4.));
#5843 = DIRECTION('',(0.,0.,1.));
#5844 = DIRECTION('',(1.,0.,0.));
#5845 = ORIENTED_EDGE('',*,*,#5481,.T.);
#5846 = ORIENTED_EDGE('',*,*,#5820,.F.);
#5847 = CYLINDRICAL_SURFACE('',#5848,5.);
#5848 = AXIS2_PLACEMENT_3D('',#5849,#5850,#5851);
#5849 = CARTESIAN_POINT('',(8.,8.,0.));
#5850 = DIRECTION('',(0.,0.,1.));
#5851 = DIRECTION('',(1.,0.,0.));
#5852 = ADVANCED_FACE('',(#5853),#5858,.T.);
#5853 = FACE_BOUND('',#5854,.T.);
#5854 = EDGE_LOOP('',(#5855,#5856,#5857));
#5855 = ORIENTED_EDGE('',*,*,#5073,.F.);
#5856 = ORIENTED_EDGE('',*,*,#5407,.T.);
#5857 = ORIENTED_EDGE('',*,*,#5839,.F.);
#5858 = PLANE('',#5859);
#5859 = AXIS2_PLACEMENT_3D('',#5860,#5861,#5862);
#5860 = CARTESIAN_POINT('',(0.,0.,4.));
#5861 = DIRECTION('',(0.,0.,1.));
#5862 = DIRECTION('',(1.,0.,0.));
#5863 = ADVANCED_FACE('',(#5864,#5916),#5919,.T.);
#5864 = FACE_BOUND('',#5865,.T.);
#5865 = EDGE_LOOP('',(#5866,#5875,#5883,#5892,#5900,#5908,#5915));
#5866 = ORIENTED_EDGE('',*,*,#5867,.T.);
#5867 = EDGE_CURVE('',#5434,#5868,#5870,.T.);
#5868 = VERTEX_POINT('',#5869);
#5869 = CARTESIAN_POINT('',(116.,5.,7.));
#5870 = CIRCLE('',#5871,5.);
#5871 = AXIS2_PLACEMENT_3D('',#5872,#5873,#5874);
#5872 = CARTESIAN_POINT('',(112.,8.,7.));
#5873 = DIRECTION('',(0.,0.,1.));
#5874 = DIRECTION('',(1.,0.,0.));
#5875 = ORIENTED_EDGE('',*,*,#5876,.T.);
#5876 = EDGE_CURVE('',#5868,#5877,#5879,.T.);
#5877 = VERTEX_POINT('',#5878);
#5878 = CARTESIAN_POINT('',(116.,11.,7.));
#5879 = LINE('',#5880,#5881);
#5880 = CARTESIAN_POINT('',(116.,6.,7.));
#5881 = VECTOR('',#5882,1.);
#5882 = DIRECTION('',(0.,1.,0.));
#5883 = ORIENTED_EDGE('',*,*,#5884,.T.);
#5884 = EDGE_CURVE('',#5877,#5885,#5887,.T.);
#5885 = VERTEX_POINT('',#5886);
#5886 = CARTESIAN_POINT('',(112.,13.,7.));
#5887 = CIRCLE('',#5888,5.);
#5888 = AXIS2_PLACEMENT_3D('',#5889,#5890,#5891);
#5889 = CARTESIAN_POINT('',(112.,8.,7.));
#5890 = DIRECTION('',(0.,0.,1.));
#5891 = DIRECTION('',(1.,0.,0.));
#5892 = ORIENTED_EDGE('',*,*,#5893,.F.);
#5893 = EDGE_CURVE('',#5894,#5885,#5896,.T.);
#5894 = VERTEX_POINT('',#5895);
#5895 = CARTESIAN_POINT('',(112.,12.,7.));
#5896 = LINE('',#5897,#5898);
#5897 = CARTESIAN_POINT('',(112.,10.,7.));
#5898 = VECTOR('',#5899,1.);
#5899 = DIRECTION('',(-0.,1.,0.));
#5900 = ORIENTED_EDGE('',*,*,#5901,.T.);
#5901 = EDGE_CURVE('',#5894,#5902,#5904,.T.);
#5902 = VERTEX_POINT('',#5903);
#5903 = CARTESIAN_POINT('',(109.,12.,7.));
#5904 = LINE('',#5905,#5906);
#5905 = CARTESIAN_POINT('',(110.5,12.,7.));
#5906 = VECTOR('',#5907,1.);
#5907 = DIRECTION('',(-1.,-0.,0.));
#5908 = ORIENTED_EDGE('',*,*,#5909,.T.);
#5909 = EDGE_CURVE('',#5902,#5442,#5910,.T.);
#5910 = CIRCLE('',#5911,5.);
#5911 = AXIS2_PLACEMENT_3D('',#5912,#5913,#5914);
#5912 = CARTESIAN_POINT('',(112.,8.,7.));
#5913 = DIRECTION('',(0.,0.,1.));
#5914 = DIRECTION('',(1.,0.,0.));
#5915 = ORIENTED_EDGE('',*,*,#5441,.F.);
#5916 = FACE_BOUND('',#5917,.T.);
#5917 = EDGE_LOOP('',(#5918));
#5918 = ORIENTED_EDGE('',*,*,#5320,.F.);
#5919 = PLANE('',#5920);
#5920 = AXIS2_PLACEMENT_3D('',#5921,#5922,#5923);
#5921 = CARTESIAN_POINT('',(112.,8.,7.));
#5922 = DIRECTION('',(0.,0.,1.));
#5923 = DIRECTION('',(1.,0.,0.));
#5924 = ADVANCED_FACE('',(#5925,#5985),#5988,.T.);
#5925 = FACE_BOUND('',#5926,.T.);
#5926 = EDGE_LOOP('',(#5927,#5938,#5946,#5953,#5954,#5963,#5971,#5979));
#5927 = ORIENTED_EDGE('',*,*,#5928,.T.);
#5928 = EDGE_CURVE('',#5929,#5931,#5933,.T.);
#5929 = VERTEX_POINT('',#5930);
#5930 = CARTESIAN_POINT('',(112.,82.,7.));
#5931 = VERTEX_POINT('',#5932);
#5932 = CARTESIAN_POINT('',(116.,84.,7.));
#5933 = CIRCLE('',#5934,5.);
#5934 = AXIS2_PLACEMENT_3D('',#5935,#5936,#5937);
#5935 = CARTESIAN_POINT('',(112.,87.,7.));
#5936 = DIRECTION('',(0.,0.,1.));
#5937 = DIRECTION('',(1.,0.,0.));
#5938 = ORIENTED_EDGE('',*,*,#5939,.T.);
#5939 = EDGE_CURVE('',#5931,#5940,#5942,.T.);
#5940 = VERTEX_POINT('',#5941);
#5941 = CARTESIAN_POINT('',(116.,90.,7.));
#5942 = LINE('',#5943,#5944);
#5943 = CARTESIAN_POINT('',(116.,45.5,7.));
#5944 = VECTOR('',#5945,1.);
#5945 = DIRECTION('',(0.,1.,0.));
#5946 = ORIENTED_EDGE('',*,*,#5947,.T.);
#5947 = EDGE_CURVE('',#5940,#5551,#5948,.T.);
#5948 = CIRCLE('',#5949,5.);
#5949 = AXIS2_PLACEMENT_3D('',#5950,#5951,#5952);
#5950 = CARTESIAN_POINT('',(112.,87.,7.));
#5951 = DIRECTION('',(0.,0.,1.));
#5952 = DIRECTION('',(1.,0.,0.));
#5953 = ORIENTED_EDGE('',*,*,#5558,.T.);
#5954 = ORIENTED_EDGE('',*,*,#5955,.T.);
#5955 = EDGE_CURVE('',#5559,#5956,#5958,.T.);
#5956 = VERTEX_POINT('',#5957);
#5957 = CARTESIAN_POINT('',(109.,83.,7.));
#5958 = CIRCLE('',#5959,5.);
#5959 = AXIS2_PLACEMENT_3D('',#5960,#5961,#5962);
#5960 = CARTESIAN_POINT('',(112.,87.,7.));
#5961 = DIRECTION('',(0.,0.,1.));
#5962 = DIRECTION('',(1.,0.,0.));
#5963 = ORIENTED_EDGE('',*,*,#5964,.T.);
#5964 = EDGE_CURVE('',#5956,#5965,#5967,.T.);
#5965 = VERTEX_POINT('',#5966);
#5966 = CARTESIAN_POINT('',(109.,84.,7.));
#5967 = LINE('',#5968,#5969);
#5968 = CARTESIAN_POINT('',(109.,49.5,7.));
#5969 = VECTOR('',#5970,1.);
#5970 = DIRECTION('',(-0.,1.,0.));
#5971 = ORIENTED_EDGE('',*,*,#5972,.F.);
#5972 = EDGE_CURVE('',#5973,#5965,#5975,.T.);
#5973 = VERTEX_POINT('',#5974);
#5974 = CARTESIAN_POINT('',(112.,84.,7.));
#5975 = LINE('',#5976,#5977);
#5976 = CARTESIAN_POINT('',(110.5,84.,7.));
#5977 = VECTOR('',#5978,1.);
#5978 = DIRECTION('',(-1.,-0.,0.));
#5979 = ORIENTED_EDGE('',*,*,#5980,.F.);
#5980 = EDGE_CURVE('',#5929,#5973,#5981,.T.);
#5981 = LINE('',#5982,#5983);
#5982 = CARTESIAN_POINT('',(112.,49.5,7.));
#5983 = VECTOR('',#5984,1.);
#5984 = DIRECTION('',(-0.,1.,0.));
#5985 = FACE_BOUND('',#5986,.T.);
#5986 = EDGE_LOOP('',(#5987));
#5987 = ORIENTED_EDGE('',*,*,#5370,.F.);
#5988 = PLANE('',#5989);
#5989 = AXIS2_PLACEMENT_3D('',#5990,#5991,#5992);
#5990 = CARTESIAN_POINT('',(112.,87.,7.));
#5991 = DIRECTION('',(0.,0.,1.));
#5992 = DIRECTION('',(1.,0.,0.));
#5993 = ADVANCED_FACE('',(#5994),#6013,.T.);
#5994 = FACE_BOUND('',#5995,.T.);
#5995 = EDGE_LOOP('',(#5996,#6005,#6011,#6012));
#5996 = ORIENTED_EDGE('',*,*,#5997,.T.);
#5997 = EDGE_CURVE('',#5458,#5998,#6000,.T.);
#5998 = VERTEX_POINT('',#5999);
#5999 = CARTESIAN_POINT('',(13.,8.,4.));
#6000 = CIRCLE('',#6001,5.);
#6001 = AXIS2_PLACEMENT_3D('',#6002,#6003,#6004);
#6002 = CARTESIAN_POINT('',(8.,8.,4.));
#6003 = DIRECTION('',(0.,0.,1.));
#6004 = DIRECTION('',(1.,0.,0.));
#6005 = ORIENTED_EDGE('',*,*,#6006,.T.);
#6006 = EDGE_CURVE('',#5998,#5787,#6007,.T.);
#6007 = LINE('',#6008,#6009);
#6008 = CARTESIAN_POINT('',(13.,8.,0.));
#6009 = VECTOR('',#6010,1.);
#6010 = DIRECTION('',(0.,0.,1.));
#6011 = ORIENTED_EDGE('',*,*,#5786,.F.);
#6012 = ORIENTED_EDGE('',*,*,#5465,.F.);
#6013 = CYLINDRICAL_SURFACE('',#6014,5.);
#6014 = AXIS2_PLACEMENT_3D('',#6015,#6016,#6017);
#6015 = CARTESIAN_POINT('',(8.,8.,0.));
#6016 = DIRECTION('',(0.,0.,1.));
#6017 = DIRECTION('',(1.,0.,0.));
#6018 = ADVANCED_FACE('',(#6019,#6081,#6115,#6149,#6183),#6217,.T.);
#6019 = FACE_BOUND('',#6020,.T.);
#6020 = EDGE_LOOP('',(#6021,#6022,#6023,#6032,#6040,#6047,#6048,#6057,
    #6066,#6074));
#6021 = ORIENTED_EDGE('',*,*,#5997,.F.);
#6022 = ORIENTED_EDGE('',*,*,#5457,.T.);
#6023 = ORIENTED_EDGE('',*,*,#6024,.F.);
#6024 = EDGE_CURVE('',#6025,#5450,#6027,.T.);
#6025 = VERTEX_POINT('',#6026);
#6026 = CARTESIAN_POINT('',(109.,12.,4.));
#6027 = CIRCLE('',#6028,5.);
#6028 = AXIS2_PLACEMENT_3D('',#6029,#6030,#6031);
#6029 = CARTESIAN_POINT('',(112.,8.,4.));
#6030 = DIRECTION('',(0.,0.,1.));
#6031 = DIRECTION('',(1.,0.,0.));
#6032 = ORIENTED_EDGE('',*,*,#6033,.T.);
#6033 = EDGE_CURVE('',#6025,#6034,#6036,.T.);
#6034 = VERTEX_POINT('',#6035);
#6035 = CARTESIAN_POINT('',(109.,83.,4.));
#6036 = LINE('',#6037,#6038);
#6037 = CARTESIAN_POINT('',(109.,12.,4.));
#6038 = VECTOR('',#6039,1.);
#6039 = DIRECTION('',(-0.,1.,0.));
#6040 = ORIENTED_EDGE('',*,*,#6041,.F.);
#6041 = EDGE_CURVE('',#5567,#6034,#6042,.T.);
#6042 = CIRCLE('',#6043,5.);
#6043 = AXIS2_PLACEMENT_3D('',#6044,#6045,#6046);
#6044 = CARTESIAN_POINT('',(112.,87.,4.));
#6045 = DIRECTION('',(0.,0.,1.));
#6046 = DIRECTION('',(1.,0.,0.));
#6047 = ORIENTED_EDGE('',*,*,#5574,.F.);
#6048 = ORIENTED_EDGE('',*,*,#6049,.F.);
#6049 = EDGE_CURVE('',#6050,#5575,#6052,.T.);
#6050 = VERTEX_POINT('',#6051);
#6051 = CARTESIAN_POINT('',(13.,87.,4.));
#6052 = CIRCLE('',#6053,5.);
#6053 = AXIS2_PLACEMENT_3D('',#6054,#6055,#6056);
#6054 = CARTESIAN_POINT('',(8.,87.,4.));
#6055 = DIRECTION('',(0.,0.,1.));
#6056 = DIRECTION('',(1.,0.,0.));
#6057 = ORIENTED_EDGE('',*,*,#6058,.F.);
#6058 = EDGE_CURVE('',#6059,#6050,#6061,.T.);
#6059 = VERTEX_POINT('',#6060);
#6060 = CARTESIAN_POINT('',(11.,83.,4.));
#6061 = CIRCLE('',#6062,5.);
#6062 = AXIS2_PLACEMENT_3D('',#6063,#6064,#6065);
#6063 = CARTESIAN_POINT('',(8.,87.,4.));
#6064 = DIRECTION('',(0.,0.,1.));
#6065 = DIRECTION('',(1.,0.,0.));
#6066 = ORIENTED_EDGE('',*,*,#6067,.F.);
#6067 = EDGE_CURVE('',#6068,#6059,#6070,.T.);
#6068 = VERTEX_POINT('',#6069);
#6069 = CARTESIAN_POINT('',(11.,12.,4.));
#6070 = LINE('',#6071,#6072);
#6071 = CARTESIAN_POINT('',(11.,12.,4.));
#6072 = VECTOR('',#6073,1.);
#6073 = DIRECTION('',(-0.,1.,0.));
#6074 = ORIENTED_EDGE('',*,*,#6075,.F.);
#6075 = EDGE_CURVE('',#5998,#6068,#6076,.T.);
#6076 = CIRCLE('',#6077,5.);
#6077 = AXIS2_PLACEMENT_3D('',#6078,#6079,#6080);
#6078 = CARTESIAN_POINT('',(8.,8.,4.));
#6079 = DIRECTION('',(0.,0.,1.));
#6080 = DIRECTION('',(1.,0.,0.));
#6081 = FACE_BOUND('',#6082,.T.);
#6082 = EDGE_LOOP('',(#6083,#6093,#6101,#6109));
#6083 = ORIENTED_EDGE('',*,*,#6084,.F.);
#6084 = EDGE_CURVE('',#6085,#6087,#6089,.T.);
#6085 = VERTEX_POINT('',#6086);
#6086 = CARTESIAN_POINT('',(14.,12.,4.));
#6087 = VERTEX_POINT('',#6088);
#6088 = CARTESIAN_POINT('',(106.,12.,4.));
#6089 = LINE('',#6090,#6091);
#6090 = CARTESIAN_POINT('',(14.,12.,4.));
#6091 = VECTOR('',#6092,1.);
#6092 = DIRECTION('',(1.,0.,-0.));
#6093 = ORIENTED_EDGE('',*,*,#6094,.T.);
#6094 = EDGE_CURVE('',#6085,#6095,#6097,.T.);
#6095 = VERTEX_POINT('',#6096);
#6096 = CARTESIAN_POINT('',(14.,15.,4.));
#6097 = LINE('',#6098,#6099);
#6098 = CARTESIAN_POINT('',(14.,12.,4.));
#6099 = VECTOR('',#6100,1.);
#6100 = DIRECTION('',(-0.,1.,0.));
#6101 = ORIENTED_EDGE('',*,*,#6102,.T.);
#6102 = EDGE_CURVE('',#6095,#6103,#6105,.T.);
#6103 = VERTEX_POINT('',#6104);
#6104 = CARTESIAN_POINT('',(106.,15.,4.));
#6105 = LINE('',#6106,#6107);
#6106 = CARTESIAN_POINT('',(14.,15.,4.));
#6107 = VECTOR('',#6108,1.);
#6108 = DIRECTION('',(1.,0.,-0.));
#6109 = ORIENTED_EDGE('',*,*,#6110,.F.);
#6110 = EDGE_CURVE('',#6087,#6103,#6111,.T.);
#6111 = LINE('',#6112,#6113);
#6112 = CARTESIAN_POINT('',(106.,12.,4.));
#6113 = VECTOR('',#6114,1.);
#6114 = DIRECTION('',(-0.,1.,0.));
#6115 = FACE_BOUND('',#6116,.T.);
#6116 = EDGE_LOOP('',(#6117,#6127,#6135,#6143));
#6117 = ORIENTED_EDGE('',*,*,#6118,.F.);
#6118 = EDGE_CURVE('',#6119,#6121,#6123,.T.);
#6119 = VERTEX_POINT('',#6120);
#6120 = CARTESIAN_POINT('',(31.,20.,4.));
#6121 = VERTEX_POINT('',#6122);
#6122 = CARTESIAN_POINT('',(34.,20.,4.));
#6123 = LINE('',#6124,#6125);
#6124 = CARTESIAN_POINT('',(31.,20.,4.));
#6125 = VECTOR('',#6126,1.);
#6126 = DIRECTION('',(1.,0.,-0.));
#6127 = ORIENTED_EDGE('',*,*,#6128,.T.);
#6128 = EDGE_CURVE('',#6119,#6129,#6131,.T.);
#6129 = VERTEX_POINT('',#6130);
#6130 = CARTESIAN_POINT('',(31.,75.,4.));
#6131 = LINE('',#6132,#6133);
#6132 = CARTESIAN_POINT('',(31.,20.,4.));
#6133 = VECTOR('',#6134,1.);
#6134 = DIRECTION('',(-0.,1.,0.));
#6135 = ORIENTED_EDGE('',*,*,#6136,.T.);
#6136 = EDGE_CURVE('',#6129,#6137,#6139,.T.);
#6137 = VERTEX_POINT('',#6138);
#6138 = CARTESIAN_POINT('',(34.,75.,4.));
#6139 = LINE('',#6140,#6141);
#6140 = CARTESIAN_POINT('',(31.,75.,4.));
#6141 = VECTOR('',#6142,1.);
#6142 = DIRECTION('',(1.,0.,-0.));
#6143 = ORIENTED_EDGE('',*,*,#6144,.F.);
#6144 = EDGE_CURVE('',#6121,#6137,#6145,.T.);
#6145 = LINE('',#6146,#6147);
#6146 = CARTESIAN_POINT('',(34.,20.,4.));
#6147 = VECTOR('',#6148,1.);
#6148 = DIRECTION('',(-0.,1.,0.));
#6149 = FACE_BOUND('',#6150,.T.);
#6150 = EDGE_LOOP('',(#6151,#6161,#6169,#6177));
#6151 = ORIENTED_EDGE('',*,*,#6152,.F.);
#6152 = EDGE_CURVE('',#6153,#6155,#6157,.T.);
#6153 = VERTEX_POINT('',#6154);
#6154 = CARTESIAN_POINT('',(86.,20.,4.));
#6155 = VERTEX_POINT('',#6156);
#6156 = CARTESIAN_POINT('',(89.,20.,4.));
#6157 = LINE('',#6158,#6159);
#6158 = CARTESIAN_POINT('',(86.,20.,4.));
#6159 = VECTOR('',#6160,1.);
#6160 = DIRECTION('',(1.,0.,-0.));
#6161 = ORIENTED_EDGE('',*,*,#6162,.T.);
#6162 = EDGE_CURVE('',#6153,#6163,#6165,.T.);
#6163 = VERTEX_POINT('',#6164);
#6164 = CARTESIAN_POINT('',(86.,75.,4.));
#6165 = LINE('',#6166,#6167);
#6166 = CARTESIAN_POINT('',(86.,20.,4.));
#6167 = VECTOR('',#6168,1.);
#6168 = DIRECTION('',(-0.,1.,0.));
#6169 = ORIENTED_EDGE('',*,*,#6170,.T.);
#6170 = EDGE_CURVE('',#6163,#6171,#6173,.T.);
#6171 = VERTEX_POINT('',#6172);
#6172 = CARTESIAN_POINT('',(89.,75.,4.));
#6173 = LINE('',#6174,#6175);
#6174 = CARTESIAN_POINT('',(86.,75.,4.));
#6175 = VECTOR('',#6176,1.);
#6176 = DIRECTION('',(1.,0.,-0.));
#6177 = ORIENTED_EDGE('',*,*,#6178,.F.);
#6178 = EDGE_CURVE('',#6155,#6171,#6179,.T.);
#6179 = LINE('',#6180,#6181);
#6180 = CARTESIAN_POINT('',(89.,20.,4.));
#6181 = VECTOR('',#6182,1.);
#6182 = DIRECTION('',(-0.,1.,0.));
#6183 = FACE_BOUND('',#6184,.T.);
#6184 = EDGE_LOOP('',(#6185,#6195,#6203,#6211));
#6185 = ORIENTED_EDGE('',*,*,#6186,.F.);
#6186 = EDGE_CURVE('',#6187,#6189,#6191,.T.);
#6187 = VERTEX_POINT('',#6188);
#6188 = CARTESIAN_POINT('',(14.,80.,4.));
#6189 = VERTEX_POINT('',#6190);
#6190 = CARTESIAN_POINT('',(106.,80.,4.));
#6191 = LINE('',#6192,#6193);
#6192 = CARTESIAN_POINT('',(14.,80.,4.));
#6193 = VECTOR('',#6194,1.);
#6194 = DIRECTION('',(1.,0.,-0.));
#6195 = ORIENTED_EDGE('',*,*,#6196,.T.);
#6196 = EDGE_CURVE('',#6187,#6197,#6199,.T.);
#6197 = VERTEX_POINT('',#6198);
#6198 = CARTESIAN_POINT('',(14.,83.,4.));
#6199 = LINE('',#6200,#6201);
#6200 = CARTESIAN_POINT('',(14.,80.,4.));
#6201 = VECTOR('',#6202,1.);
#6202 = DIRECTION('',(-0.,1.,0.));
#6203 = ORIENTED_EDGE('',*,*,#6204,.T.);
#6204 = EDGE_CURVE('',#6197,#6205,#6207,.T.);
#6205 = VERTEX_POINT('',#6206);
#6206 = CARTESIAN_POINT('',(106.,83.,4.));
#6207 = LINE('',#6208,#6209);
#6208 = CARTESIAN_POINT('',(14.,83.,4.));
#6209 = VECTOR('',#6210,1.);
#6210 = DIRECTION('',(1.,0.,-0.));
#6211 = ORIENTED_EDGE('',*,*,#6212,.F.);
#6212 = EDGE_CURVE('',#6189,#6205,#6213,.T.);
#6213 = LINE('',#6214,#6215);
#6214 = CARTESIAN_POINT('',(106.,80.,4.));
#6215 = VECTOR('',#6216,1.);
#6216 = DIRECTION('',(-0.,1.,0.));
#6217 = PLANE('',#6218);
#6218 = AXIS2_PLACEMENT_3D('',#6219,#6220,#6221);
#6219 = CARTESIAN_POINT('',(0.,0.,4.));
#6220 = DIRECTION('',(0.,0.,1.));
#6221 = DIRECTION('',(1.,0.,0.));
#6222 = ADVANCED_FACE('',(#6223),#6234,.T.);
#6223 = FACE_BOUND('',#6224,.T.);
#6224 = EDGE_LOOP('',(#6225,#6231,#6232,#6233));
#6225 = ORIENTED_EDGE('',*,*,#6226,.F.);
#6226 = EDGE_CURVE('',#6025,#5902,#6227,.T.);
#6227 = LINE('',#6228,#6229);
#6228 = CARTESIAN_POINT('',(109.,12.,4.));
#6229 = VECTOR('',#6230,1.);
#6230 = DIRECTION('',(0.,0.,1.));
#6231 = ORIENTED_EDGE('',*,*,#6024,.T.);
#6232 = ORIENTED_EDGE('',*,*,#5449,.T.);
#6233 = ORIENTED_EDGE('',*,*,#5909,.F.);
#6234 = CYLINDRICAL_SURFACE('',#6235,5.);
#6235 = AXIS2_PLACEMENT_3D('',#6236,#6237,#6238);
#6236 = CARTESIAN_POINT('',(112.,8.,0.));
#6237 = DIRECTION('',(0.,0.,1.));
#6238 = DIRECTION('',(1.,0.,0.));
#6239 = ADVANCED_FACE('',(#6240),#6259,.T.);
#6240 = FACE_BOUND('',#6241,.T.);
#6241 = EDGE_LOOP('',(#6242,#6251,#6257,#6258));
#6242 = ORIENTED_EDGE('',*,*,#6243,.T.);
#6243 = EDGE_CURVE('',#5426,#6244,#6246,.T.);
#6244 = VERTEX_POINT('',#6245);
#6245 = CARTESIAN_POINT('',(116.,5.,4.));
#6246 = CIRCLE('',#6247,5.);
#6247 = AXIS2_PLACEMENT_3D('',#6248,#6249,#6250);
#6248 = CARTESIAN_POINT('',(112.,8.,4.));
#6249 = DIRECTION('',(0.,0.,1.));
#6250 = DIRECTION('',(1.,0.,0.));
#6251 = ORIENTED_EDGE('',*,*,#6252,.T.);
#6252 = EDGE_CURVE('',#6244,#5868,#6253,.T.);
#6253 = LINE('',#6254,#6255);
#6254 = CARTESIAN_POINT('',(116.,5.,0.));
#6255 = VECTOR('',#6256,1.);
#6256 = DIRECTION('',(0.,0.,1.));
#6257 = ORIENTED_EDGE('',*,*,#5867,.F.);
#6258 = ORIENTED_EDGE('',*,*,#5433,.F.);
#6259 = CYLINDRICAL_SURFACE('',#6260,5.);
#6260 = AXIS2_PLACEMENT_3D('',#6261,#6262,#6263);
#6261 = CARTESIAN_POINT('',(112.,8.,0.));
#6262 = DIRECTION('',(0.,0.,1.));
#6263 = DIRECTION('',(1.,0.,0.));
#6264 = ADVANCED_FACE('',(#6265),#6275,.T.);
#6265 = FACE_BOUND('',#6266,.T.);
#6266 = EDGE_LOOP('',(#6267,#6268,#6274));
#6267 = ORIENTED_EDGE('',*,*,#5425,.T.);
#6268 = ORIENTED_EDGE('',*,*,#6269,.T.);
#6269 = EDGE_CURVE('',#5418,#6244,#6270,.T.);
#6270 = LINE('',#6271,#6272);
#6271 = CARTESIAN_POINT('',(116.,4.,4.));
#6272 = VECTOR('',#6273,1.);
#6273 = DIRECTION('',(0.,1.,0.));
#6274 = ORIENTED_EDGE('',*,*,#6243,.F.);
#6275 = PLANE('',#6276);
#6276 = AXIS2_PLACEMENT_3D('',#6277,#6278,#6279);
#6277 = CARTESIAN_POINT('',(0.,0.,4.));
#6278 = DIRECTION('',(0.,0.,1.));
#6279 = DIRECTION('',(1.,0.,0.));
#6280 = ADVANCED_FACE('',(#6281),#6326,.F.);
#6281 = FACE_BOUND('',#6282,.F.);
#6282 = EDGE_LOOP('',(#6283,#6284,#6285,#6286,#6287,#6295,#6303,#6309,
    #6310,#6318,#6324,#6325));
#6283 = ORIENTED_EDGE('',*,*,#5417,.F.);
#6284 = ORIENTED_EDGE('',*,*,#6269,.T.);
#6285 = ORIENTED_EDGE('',*,*,#6252,.T.);
#6286 = ORIENTED_EDGE('',*,*,#5876,.T.);
#6287 = ORIENTED_EDGE('',*,*,#6288,.F.);
#6288 = EDGE_CURVE('',#6289,#5877,#6291,.T.);
#6289 = VERTEX_POINT('',#6290);
#6290 = CARTESIAN_POINT('',(116.,11.,4.));
#6291 = LINE('',#6292,#6293);
#6292 = CARTESIAN_POINT('',(116.,11.,0.));
#6293 = VECTOR('',#6294,1.);
#6294 = DIRECTION('',(0.,0.,1.));
#6295 = ORIENTED_EDGE('',*,*,#6296,.T.);
#6296 = EDGE_CURVE('',#6289,#6297,#6299,.T.);
#6297 = VERTEX_POINT('',#6298);
#6298 = CARTESIAN_POINT('',(116.,84.,4.));
#6299 = LINE('',#6300,#6301);
#6300 = CARTESIAN_POINT('',(116.,4.,4.));
#6301 = VECTOR('',#6302,1.);
#6302 = DIRECTION('',(0.,1.,0.));
#6303 = ORIENTED_EDGE('',*,*,#6304,.T.);
#6304 = EDGE_CURVE('',#6297,#5931,#6305,.T.);
#6305 = LINE('',#6306,#6307);
#6306 = CARTESIAN_POINT('',(116.,84.,0.));
#6307 = VECTOR('',#6308,1.);
#6308 = DIRECTION('',(0.,0.,1.));
#6309 = ORIENTED_EDGE('',*,*,#5939,.T.);
#6310 = ORIENTED_EDGE('',*,*,#6311,.F.);
#6311 = EDGE_CURVE('',#6312,#5940,#6314,.T.);
#6312 = VERTEX_POINT('',#6313);
#6313 = CARTESIAN_POINT('',(116.,90.,4.));
#6314 = LINE('',#6315,#6316);
#6315 = CARTESIAN_POINT('',(116.,90.,0.));
#6316 = VECTOR('',#6317,1.);
#6317 = DIRECTION('',(0.,0.,1.));
#6318 = ORIENTED_EDGE('',*,*,#6319,.T.);
#6319 = EDGE_CURVE('',#6312,#5535,#6320,.T.);
#6320 = LINE('',#6321,#6322);
#6321 = CARTESIAN_POINT('',(116.,4.,4.));
#6322 = VECTOR('',#6323,1.);
#6323 = DIRECTION('',(0.,1.,0.));
#6324 = ORIENTED_EDGE('',*,*,#5534,.T.);
#6325 = ORIENTED_EDGE('',*,*,#5495,.F.);
#6326 = PLANE('',#6327);
#6327 = AXIS2_PLACEMENT_3D('',#6328,#6329,#6330);
#6328 = CARTESIAN_POINT('',(116.,4.,4.));
#6329 = DIRECTION('',(1.,0.,0.));
#6330 = DIRECTION('',(0.,0.,1.));
#6331 = ADVANCED_FACE('',(#6332),#6343,.T.);
#6332 = FACE_BOUND('',#6333,.T.);
#6333 = EDGE_LOOP('',(#6334,#6340,#6341,#6342));
#6334 = ORIENTED_EDGE('',*,*,#6335,.F.);
#6335 = EDGE_CURVE('',#6050,#5682,#6336,.T.);
#6336 = LINE('',#6337,#6338);
#6337 = CARTESIAN_POINT('',(13.,87.,0.));
#6338 = VECTOR('',#6339,1.);
#6339 = DIRECTION('',(0.,0.,1.));
#6340 = ORIENTED_EDGE('',*,*,#6049,.T.);
#6341 = ORIENTED_EDGE('',*,*,#5582,.T.);
#6342 = ORIENTED_EDGE('',*,*,#5690,.F.);
#6343 = CYLINDRICAL_SURFACE('',#6344,5.);
#6344 = AXIS2_PLACEMENT_3D('',#6345,#6346,#6347);
#6345 = CARTESIAN_POINT('',(8.,87.,0.));
#6346 = DIRECTION('',(0.,0.,1.));
#6347 = DIRECTION('',(1.,0.,0.));
#6348 = ADVANCED_FACE('',(#6349),#6360,.T.);
#6349 = FACE_BOUND('',#6350,.T.);
#6350 = EDGE_LOOP('',(#6351,#6352,#6353,#6359));
#6351 = ORIENTED_EDGE('',*,*,#5566,.F.);
#6352 = ORIENTED_EDGE('',*,*,#6041,.T.);
#6353 = ORIENTED_EDGE('',*,*,#6354,.T.);
#6354 = EDGE_CURVE('',#6034,#5956,#6355,.T.);
#6355 = LINE('',#6356,#6357);
#6356 = CARTESIAN_POINT('',(109.,83.,0.));
#6357 = VECTOR('',#6358,1.);
#6358 = DIRECTION('',(0.,0.,1.));
#6359 = ORIENTED_EDGE('',*,*,#5955,.F.);
#6360 = CYLINDRICAL_SURFACE('',#6361,5.);
#6361 = AXIS2_PLACEMENT_3D('',#6362,#6363,#6364);
#6362 = CARTESIAN_POINT('',(112.,87.,0.));
#6363 = DIRECTION('',(0.,0.,1.));
#6364 = DIRECTION('',(1.,0.,0.));
#6365 = ADVANCED_FACE('',(#6366),#6378,.T.);
#6366 = FACE_BOUND('',#6367,.T.);
#6367 = EDGE_LOOP('',(#6368,#6369,#6376,#6377));
#6368 = ORIENTED_EDGE('',*,*,#6311,.F.);
#6369 = ORIENTED_EDGE('',*,*,#6370,.T.);
#6370 = EDGE_CURVE('',#6312,#5543,#6371,.T.);
#6371 = CIRCLE('',#6372,5.);
#6372 = AXIS2_PLACEMENT_3D('',#6373,#6374,#6375);
#6373 = CARTESIAN_POINT('',(112.,87.,4.));
#6374 = DIRECTION('',(0.,0.,1.));
#6375 = DIRECTION('',(1.,0.,0.));
#6376 = ORIENTED_EDGE('',*,*,#5550,.T.);
#6377 = ORIENTED_EDGE('',*,*,#5947,.F.);
#6378 = CYLINDRICAL_SURFACE('',#6379,5.);
#6379 = AXIS2_PLACEMENT_3D('',#6380,#6381,#6382);
#6380 = CARTESIAN_POINT('',(112.,87.,0.));
#6381 = DIRECTION('',(0.,0.,1.));
#6382 = DIRECTION('',(1.,0.,0.));
#6383 = ADVANCED_FACE('',(#6384),#6389,.T.);
#6384 = FACE_BOUND('',#6385,.T.);
#6385 = EDGE_LOOP('',(#6386,#6387,#6388));
#6386 = ORIENTED_EDGE('',*,*,#6319,.T.);
#6387 = ORIENTED_EDGE('',*,*,#5542,.F.);
#6388 = ORIENTED_EDGE('',*,*,#6370,.F.);
#6389 = PLANE('',#6390);
#6390 = AXIS2_PLACEMENT_3D('',#6391,#6392,#6393);
#6391 = CARTESIAN_POINT('',(0.,0.,4.));
#6392 = DIRECTION('',(0.,0.,1.));
#6393 = DIRECTION('',(1.,0.,0.));
#6394 = ADVANCED_FACE('',(#6395),#6406,.T.);
#6395 = FACE_BOUND('',#6396,.T.);
#6396 = EDGE_LOOP('',(#6397,#6403,#6404,#6405));
#6397 = ORIENTED_EDGE('',*,*,#6398,.F.);
#6398 = EDGE_CURVE('',#6059,#5674,#6399,.T.);
#6399 = LINE('',#6400,#6401);
#6400 = CARTESIAN_POINT('',(11.,83.,0.));
#6401 = VECTOR('',#6402,1.);
#6402 = DIRECTION('',(0.,0.,1.));
#6403 = ORIENTED_EDGE('',*,*,#6058,.T.);
#6404 = ORIENTED_EDGE('',*,*,#6335,.T.);
#6405 = ORIENTED_EDGE('',*,*,#5681,.F.);
#6406 = CYLINDRICAL_SURFACE('',#6407,5.);
#6407 = AXIS2_PLACEMENT_3D('',#6408,#6409,#6410);
#6408 = CARTESIAN_POINT('',(8.,87.,0.));
#6409 = DIRECTION('',(0.,0.,1.));
#6410 = DIRECTION('',(1.,0.,0.));
#6411 = ADVANCED_FACE('',(#6412),#6445,.T.);
#6412 = FACE_BOUND('',#6413,.T.);
#6413 = EDGE_LOOP('',(#6414,#6420,#6421,#6422,#6423,#6431,#6439));
#6414 = ORIENTED_EDGE('',*,*,#6415,.F.);
#6415 = EDGE_CURVE('',#6068,#5796,#6416,.T.);
#6416 = LINE('',#6417,#6418);
#6417 = CARTESIAN_POINT('',(11.,12.,4.));
#6418 = VECTOR('',#6419,1.);
#6419 = DIRECTION('',(0.,0.,1.));
#6420 = ORIENTED_EDGE('',*,*,#6067,.T.);
#6421 = ORIENTED_EDGE('',*,*,#6398,.T.);
#6422 = ORIENTED_EDGE('',*,*,#5673,.T.);
#6423 = ORIENTED_EDGE('',*,*,#6424,.T.);
#6424 = EDGE_CURVE('',#5666,#6425,#6427,.T.);
#6425 = VERTEX_POINT('',#6426);
#6426 = CARTESIAN_POINT('',(11.,84.,12.));
#6427 = LINE('',#6428,#6429);
#6428 = CARTESIAN_POINT('',(11.,84.,4.));
#6429 = VECTOR('',#6430,1.);
#6430 = DIRECTION('',(0.,0.,1.));
#6431 = ORIENTED_EDGE('',*,*,#6432,.F.);
#6432 = EDGE_CURVE('',#6433,#6425,#6435,.T.);
#6433 = VERTEX_POINT('',#6434);
#6434 = CARTESIAN_POINT('',(11.,12.,12.));
#6435 = LINE('',#6436,#6437);
#6436 = CARTESIAN_POINT('',(11.,12.,12.));
#6437 = VECTOR('',#6438,1.);
#6438 = DIRECTION('',(-0.,1.,0.));
#6439 = ORIENTED_EDGE('',*,*,#6440,.F.);
#6440 = EDGE_CURVE('',#5796,#6433,#6441,.T.);
#6441 = LINE('',#6442,#6443);
#6442 = CARTESIAN_POINT('',(11.,12.,4.));
#6443 = VECTOR('',#6444,1.);
#6444 = DIRECTION('',(0.,0.,1.));
#6445 = PLANE('',#6446);
#6446 = AXIS2_PLACEMENT_3D('',#6447,#6448,#6449);
#6447 = CARTESIAN_POINT('',(11.,12.,4.));
#6448 = DIRECTION('',(1.,0.,-0.));
#6449 = DIRECTION('',(0.,0.,1.));
#6450 = ADVANCED_FACE('',(#6451),#6469,.T.);
#6451 = FACE_BOUND('',#6452,.T.);
#6452 = EDGE_LOOP('',(#6453,#6454,#6455,#6463));
#6453 = ORIENTED_EDGE('',*,*,#6424,.F.);
#6454 = ORIENTED_EDGE('',*,*,#5665,.T.);
#6455 = ORIENTED_EDGE('',*,*,#6456,.T.);
#6456 = EDGE_CURVE('',#5658,#6457,#6459,.T.);
#6457 = VERTEX_POINT('',#6458);
#6458 = CARTESIAN_POINT('',(8.,84.,12.));
#6459 = LINE('',#6460,#6461);
#6460 = CARTESIAN_POINT('',(8.,84.,4.));
#6461 = VECTOR('',#6462,1.);
#6462 = DIRECTION('',(0.,0.,1.));
#6463 = ORIENTED_EDGE('',*,*,#6464,.T.);
#6464 = EDGE_CURVE('',#6457,#6425,#6465,.T.);
#6465 = LINE('',#6466,#6467);
#6466 = CARTESIAN_POINT('',(8.,84.,12.));
#6467 = VECTOR('',#6468,1.);
#6468 = DIRECTION('',(1.,0.,-0.));
#6469 = PLANE('',#6470);
#6470 = AXIS2_PLACEMENT_3D('',#6471,#6472,#6473);
#6471 = CARTESIAN_POINT('',(8.,84.,4.));
#6472 = DIRECTION('',(-0.,1.,0.));
#6473 = DIRECTION('',(0.,0.,1.));
#6474 = ADVANCED_FACE('',(#6475),#6497,.F.);
#6475 = FACE_BOUND('',#6476,.F.);
#6476 = EDGE_LOOP('',(#6477,#6485,#6486,#6487,#6488,#6489,#6490,#6491));
#6477 = ORIENTED_EDGE('',*,*,#6478,.F.);
#6478 = EDGE_CURVE('',#5805,#6479,#6481,.T.);
#6479 = VERTEX_POINT('',#6480);
#6480 = CARTESIAN_POINT('',(8.,12.,12.));
#6481 = LINE('',#6482,#6483);
#6482 = CARTESIAN_POINT('',(8.,12.,4.));
#6483 = VECTOR('',#6484,1.);
#6484 = DIRECTION('',(0.,0.,1.));
#6485 = ORIENTED_EDGE('',*,*,#5812,.T.);
#6486 = ORIENTED_EDGE('',*,*,#5760,.F.);
#6487 = ORIENTED_EDGE('',*,*,#5744,.T.);
#6488 = ORIENTED_EDGE('',*,*,#5720,.T.);
#6489 = ORIENTED_EDGE('',*,*,#5657,.T.);
#6490 = ORIENTED_EDGE('',*,*,#6456,.T.);
#6491 = ORIENTED_EDGE('',*,*,#6492,.F.);
#6492 = EDGE_CURVE('',#6479,#6457,#6493,.T.);
#6493 = LINE('',#6494,#6495);
#6494 = CARTESIAN_POINT('',(8.,12.,12.));
#6495 = VECTOR('',#6496,1.);
#6496 = DIRECTION('',(-0.,1.,0.));
#6497 = PLANE('',#6498);
#6498 = AXIS2_PLACEMENT_3D('',#6499,#6500,#6501);
#6499 = CARTESIAN_POINT('',(8.,12.,4.));
#6500 = DIRECTION('',(1.,0.,-0.));
#6501 = DIRECTION('',(0.,0.,1.));
#6502 = ADVANCED_FACE('',(#6503),#6514,.F.);
#6503 = FACE_BOUND('',#6504,.F.);
#6504 = EDGE_LOOP('',(#6505,#6506,#6507,#6513));
#6505 = ORIENTED_EDGE('',*,*,#5804,.T.);
#6506 = ORIENTED_EDGE('',*,*,#6478,.T.);
#6507 = ORIENTED_EDGE('',*,*,#6508,.T.);
#6508 = EDGE_CURVE('',#6479,#6433,#6509,.T.);
#6509 = LINE('',#6510,#6511);
#6510 = CARTESIAN_POINT('',(8.,12.,12.));
#6511 = VECTOR('',#6512,1.);
#6512 = DIRECTION('',(1.,0.,-0.));
#6513 = ORIENTED_EDGE('',*,*,#6440,.F.);
#6514 = PLANE('',#6515);
#6515 = AXIS2_PLACEMENT_3D('',#6516,#6517,#6518);
#6516 = CARTESIAN_POINT('',(8.,12.,4.));
#6517 = DIRECTION('',(-0.,1.,0.));
#6518 = DIRECTION('',(0.,0.,1.));
#6519 = ADVANCED_FACE('',(#6520),#6526,.T.);
#6520 = FACE_BOUND('',#6521,.T.);
#6521 = EDGE_LOOP('',(#6522,#6523,#6524,#6525));
#6522 = ORIENTED_EDGE('',*,*,#6006,.F.);
#6523 = ORIENTED_EDGE('',*,*,#6075,.T.);
#6524 = ORIENTED_EDGE('',*,*,#6415,.T.);
#6525 = ORIENTED_EDGE('',*,*,#5795,.F.);
#6526 = CYLINDRICAL_SURFACE('',#6527,5.);
#6527 = AXIS2_PLACEMENT_3D('',#6528,#6529,#6530);
#6528 = CARTESIAN_POINT('',(8.,8.,0.));
#6529 = DIRECTION('',(0.,0.,1.));
#6530 = DIRECTION('',(1.,0.,0.));
#6531 = ADVANCED_FACE('',(#6532),#6557,.F.);
#6532 = FACE_BOUND('',#6533,.F.);
#6533 = EDGE_LOOP('',(#6534,#6535,#6543,#6551));
#6534 = ORIENTED_EDGE('',*,*,#5901,.T.);
#6535 = ORIENTED_EDGE('',*,*,#6536,.T.);
#6536 = EDGE_CURVE('',#5902,#6537,#6539,.T.);
#6537 = VERTEX_POINT('',#6538);
#6538 = CARTESIAN_POINT('',(109.,12.,12.));
#6539 = LINE('',#6540,#6541);
#6540 = CARTESIAN_POINT('',(109.,12.,4.));
#6541 = VECTOR('',#6542,1.);
#6542 = DIRECTION('',(0.,0.,1.));
#6543 = ORIENTED_EDGE('',*,*,#6544,.T.);
#6544 = EDGE_CURVE('',#6537,#6545,#6547,.T.);
#6545 = VERTEX_POINT('',#6546);
#6546 = CARTESIAN_POINT('',(112.,12.,12.));
#6547 = LINE('',#6548,#6549);
#6548 = CARTESIAN_POINT('',(109.,12.,12.));
#6549 = VECTOR('',#6550,1.);
#6550 = DIRECTION('',(1.,0.,-0.));
#6551 = ORIENTED_EDGE('',*,*,#6552,.F.);
#6552 = EDGE_CURVE('',#5894,#6545,#6553,.T.);
#6553 = LINE('',#6554,#6555);
#6554 = CARTESIAN_POINT('',(112.,12.,4.));
#6555 = VECTOR('',#6556,1.);
#6556 = DIRECTION('',(0.,0.,1.));
#6557 = PLANE('',#6558);
#6558 = AXIS2_PLACEMENT_3D('',#6559,#6560,#6561);
#6559 = CARTESIAN_POINT('',(109.,12.,4.));
#6560 = DIRECTION('',(-0.,1.,0.));
#6561 = DIRECTION('',(0.,0.,1.));
#6562 = ADVANCED_FACE('',(#6563),#6604,.T.);
#6563 = FACE_BOUND('',#6564,.T.);
#6564 = EDGE_LOOP('',(#6565,#6566,#6567,#6575,#6583,#6589,#6590,#6598));
#6565 = ORIENTED_EDGE('',*,*,#6552,.F.);
#6566 = ORIENTED_EDGE('',*,*,#5893,.T.);
#6567 = ORIENTED_EDGE('',*,*,#6568,.F.);
#6568 = EDGE_CURVE('',#6569,#5885,#6571,.T.);
#6569 = VERTEX_POINT('',#6570);
#6570 = CARTESIAN_POINT('',(112.,13.,4.));
#6571 = LINE('',#6572,#6573);
#6572 = CARTESIAN_POINT('',(112.,13.,0.));
#6573 = VECTOR('',#6574,1.);
#6574 = DIRECTION('',(0.,0.,1.));
#6575 = ORIENTED_EDGE('',*,*,#6576,.T.);
#6576 = EDGE_CURVE('',#6569,#6577,#6579,.T.);
#6577 = VERTEX_POINT('',#6578);
#6578 = CARTESIAN_POINT('',(112.,82.,4.));
#6579 = LINE('',#6580,#6581);
#6580 = CARTESIAN_POINT('',(112.,12.,4.));
#6581 = VECTOR('',#6582,1.);
#6582 = DIRECTION('',(-0.,1.,0.));
#6583 = ORIENTED_EDGE('',*,*,#6584,.T.);
#6584 = EDGE_CURVE('',#6577,#5929,#6585,.T.);
#6585 = LINE('',#6586,#6587);
#6586 = CARTESIAN_POINT('',(112.,82.,0.));
#6587 = VECTOR('',#6588,1.);
#6588 = DIRECTION('',(0.,0.,1.));
#6589 = ORIENTED_EDGE('',*,*,#5980,.T.);
#6590 = ORIENTED_EDGE('',*,*,#6591,.T.);
#6591 = EDGE_CURVE('',#5973,#6592,#6594,.T.);
#6592 = VERTEX_POINT('',#6593);
#6593 = CARTESIAN_POINT('',(112.,84.,12.));
#6594 = LINE('',#6595,#6596);
#6595 = CARTESIAN_POINT('',(112.,84.,4.));
#6596 = VECTOR('',#6597,1.);
#6597 = DIRECTION('',(0.,0.,1.));
#6598 = ORIENTED_EDGE('',*,*,#6599,.F.);
#6599 = EDGE_CURVE('',#6545,#6592,#6600,.T.);
#6600 = LINE('',#6601,#6602);
#6601 = CARTESIAN_POINT('',(112.,12.,12.));
#6602 = VECTOR('',#6603,1.);
#6603 = DIRECTION('',(-0.,1.,0.));
#6604 = PLANE('',#6605);
#6605 = AXIS2_PLACEMENT_3D('',#6606,#6607,#6608);
#6606 = CARTESIAN_POINT('',(112.,12.,4.));
#6607 = DIRECTION('',(1.,0.,-0.));
#6608 = DIRECTION('',(0.,0.,1.));
#6609 = ADVANCED_FACE('',(#6610),#6622,.T.);
#6610 = FACE_BOUND('',#6611,.T.);
#6611 = EDGE_LOOP('',(#6612,#6613,#6620,#6621));
#6612 = ORIENTED_EDGE('',*,*,#6288,.F.);
#6613 = ORIENTED_EDGE('',*,*,#6614,.T.);
#6614 = EDGE_CURVE('',#6289,#6569,#6615,.T.);
#6615 = CIRCLE('',#6616,5.);
#6616 = AXIS2_PLACEMENT_3D('',#6617,#6618,#6619);
#6617 = CARTESIAN_POINT('',(112.,8.,4.));
#6618 = DIRECTION('',(0.,0.,1.));
#6619 = DIRECTION('',(1.,0.,0.));
#6620 = ORIENTED_EDGE('',*,*,#6568,.T.);
#6621 = ORIENTED_EDGE('',*,*,#5884,.F.);
#6622 = CYLINDRICAL_SURFACE('',#6623,5.);
#6623 = AXIS2_PLACEMENT_3D('',#6624,#6625,#6626);
#6624 = CARTESIAN_POINT('',(112.,8.,0.));
#6625 = DIRECTION('',(0.,0.,1.));
#6626 = DIRECTION('',(1.,0.,0.));
#6627 = ADVANCED_FACE('',(#6628),#6640,.T.);
#6628 = FACE_BOUND('',#6629,.T.);
#6629 = EDGE_LOOP('',(#6630,#6631,#6638,#6639));
#6630 = ORIENTED_EDGE('',*,*,#6584,.F.);
#6631 = ORIENTED_EDGE('',*,*,#6632,.T.);
#6632 = EDGE_CURVE('',#6577,#6297,#6633,.T.);
#6633 = CIRCLE('',#6634,5.);
#6634 = AXIS2_PLACEMENT_3D('',#6635,#6636,#6637);
#6635 = CARTESIAN_POINT('',(112.,87.,4.));
#6636 = DIRECTION('',(0.,0.,1.));
#6637 = DIRECTION('',(1.,0.,0.));
#6638 = ORIENTED_EDGE('',*,*,#6304,.T.);
#6639 = ORIENTED_EDGE('',*,*,#5928,.F.);
#6640 = CYLINDRICAL_SURFACE('',#6641,5.);
#6641 = AXIS2_PLACEMENT_3D('',#6642,#6643,#6644);
#6642 = CARTESIAN_POINT('',(112.,87.,0.));
#6643 = DIRECTION('',(0.,0.,1.));
#6644 = DIRECTION('',(1.,0.,0.));
#6645 = ADVANCED_FACE('',(#6646),#6664,.T.);
#6646 = FACE_BOUND('',#6647,.T.);
#6647 = EDGE_LOOP('',(#6648,#6649,#6650,#6658));
#6648 = ORIENTED_EDGE('',*,*,#6591,.F.);
#6649 = ORIENTED_EDGE('',*,*,#5972,.T.);
#6650 = ORIENTED_EDGE('',*,*,#6651,.T.);
#6651 = EDGE_CURVE('',#5965,#6652,#6654,.T.);
#6652 = VERTEX_POINT('',#6653);
#6653 = CARTESIAN_POINT('',(109.,84.,12.));
#6654 = LINE('',#6655,#6656);
#6655 = CARTESIAN_POINT('',(109.,84.,4.));
#6656 = VECTOR('',#6657,1.);
#6657 = DIRECTION('',(0.,0.,1.));
#6658 = ORIENTED_EDGE('',*,*,#6659,.T.);
#6659 = EDGE_CURVE('',#6652,#6592,#6660,.T.);
#6660 = LINE('',#6661,#6662);
#6661 = CARTESIAN_POINT('',(109.,84.,12.));
#6662 = VECTOR('',#6663,1.);
#6663 = DIRECTION('',(1.,0.,-0.));
#6664 = PLANE('',#6665);
#6665 = AXIS2_PLACEMENT_3D('',#6666,#6667,#6668);
#6666 = CARTESIAN_POINT('',(109.,84.,4.));
#6667 = DIRECTION('',(-0.,1.,0.));
#6668 = DIRECTION('',(0.,0.,1.));
#6669 = ADVANCED_FACE('',(#6670),#6684,.F.);
#6670 = FACE_BOUND('',#6671,.F.);
#6671 = EDGE_LOOP('',(#6672,#6673,#6674,#6675,#6676,#6677,#6683));
#6672 = ORIENTED_EDGE('',*,*,#6226,.F.);
#6673 = ORIENTED_EDGE('',*,*,#6033,.T.);
#6674 = ORIENTED_EDGE('',*,*,#6354,.T.);
#6675 = ORIENTED_EDGE('',*,*,#5964,.T.);
#6676 = ORIENTED_EDGE('',*,*,#6651,.T.);
#6677 = ORIENTED_EDGE('',*,*,#6678,.F.);
#6678 = EDGE_CURVE('',#6537,#6652,#6679,.T.);
#6679 = LINE('',#6680,#6681);
#6680 = CARTESIAN_POINT('',(109.,12.,12.));
#6681 = VECTOR('',#6682,1.);
#6682 = DIRECTION('',(-0.,1.,0.));
#6683 = ORIENTED_EDGE('',*,*,#6536,.F.);
#6684 = PLANE('',#6685);
#6685 = AXIS2_PLACEMENT_3D('',#6686,#6687,#6688);
#6686 = CARTESIAN_POINT('',(109.,12.,4.));
#6687 = DIRECTION('',(1.,0.,-0.));
#6688 = DIRECTION('',(0.,0.,1.));
#6689 = ADVANCED_FACE('',(#6690),#6715,.F.);
#6690 = FACE_BOUND('',#6691,.F.);
#6691 = EDGE_LOOP('',(#6692,#6693,#6701,#6709));
#6692 = ORIENTED_EDGE('',*,*,#6084,.F.);
#6693 = ORIENTED_EDGE('',*,*,#6694,.T.);
#6694 = EDGE_CURVE('',#6085,#6695,#6697,.T.);
#6695 = VERTEX_POINT('',#6696);
#6696 = CARTESIAN_POINT('',(14.,12.,11.));
#6697 = LINE('',#6698,#6699);
#6698 = CARTESIAN_POINT('',(14.,12.,4.));
#6699 = VECTOR('',#6700,1.);
#6700 = DIRECTION('',(0.,0.,1.));
#6701 = ORIENTED_EDGE('',*,*,#6702,.T.);
#6702 = EDGE_CURVE('',#6695,#6703,#6705,.T.);
#6703 = VERTEX_POINT('',#6704);
#6704 = CARTESIAN_POINT('',(106.,12.,11.));
#6705 = LINE('',#6706,#6707);
#6706 = CARTESIAN_POINT('',(14.,12.,11.));
#6707 = VECTOR('',#6708,1.);
#6708 = DIRECTION('',(1.,0.,-0.));
#6709 = ORIENTED_EDGE('',*,*,#6710,.F.);
#6710 = EDGE_CURVE('',#6087,#6703,#6711,.T.);
#6711 = LINE('',#6712,#6713);
#6712 = CARTESIAN_POINT('',(106.,12.,4.));
#6713 = VECTOR('',#6714,1.);
#6714 = DIRECTION('',(0.,0.,1.));
#6715 = PLANE('',#6716);
#6716 = AXIS2_PLACEMENT_3D('',#6717,#6718,#6719);
#6717 = CARTESIAN_POINT('',(14.,12.,4.));
#6718 = DIRECTION('',(-0.,1.,0.));
#6719 = DIRECTION('',(0.,0.,1.));
#6720 = ADVANCED_FACE('',(#6721),#6739,.T.);
#6721 = FACE_BOUND('',#6722,.T.);
#6722 = EDGE_LOOP('',(#6723,#6724,#6725,#6733));
#6723 = ORIENTED_EDGE('',*,*,#6710,.F.);
#6724 = ORIENTED_EDGE('',*,*,#6110,.T.);
#6725 = ORIENTED_EDGE('',*,*,#6726,.T.);
#6726 = EDGE_CURVE('',#6103,#6727,#6729,.T.);
#6727 = VERTEX_POINT('',#6728);
#6728 = CARTESIAN_POINT('',(106.,15.,11.));
#6729 = LINE('',#6730,#6731);
#6730 = CARTESIAN_POINT('',(106.,15.,4.));
#6731 = VECTOR('',#6732,1.);
#6732 = DIRECTION('',(0.,0.,1.));
#6733 = ORIENTED_EDGE('',*,*,#6734,.F.);
#6734 = EDGE_CURVE('',#6703,#6727,#6735,.T.);
#6735 = LINE('',#6736,#6737);
#6736 = CARTESIAN_POINT('',(106.,12.,11.));
#6737 = VECTOR('',#6738,1.);
#6738 = DIRECTION('',(-0.,1.,0.));
#6739 = PLANE('',#6740);
#6740 = AXIS2_PLACEMENT_3D('',#6741,#6742,#6743);
#6741 = CARTESIAN_POINT('',(106.,12.,4.));
#6742 = DIRECTION('',(1.,0.,-0.));
#6743 = DIRECTION('',(0.,0.,1.));
#6744 = ADVANCED_FACE('',(#6745),#6763,.T.);
#6745 = FACE_BOUND('',#6746,.T.);
#6746 = EDGE_LOOP('',(#6747,#6748,#6756,#6762));
#6747 = ORIENTED_EDGE('',*,*,#6102,.F.);
#6748 = ORIENTED_EDGE('',*,*,#6749,.T.);
#6749 = EDGE_CURVE('',#6095,#6750,#6752,.T.);
#6750 = VERTEX_POINT('',#6751);
#6751 = CARTESIAN_POINT('',(14.,15.,11.));
#6752 = LINE('',#6753,#6754);
#6753 = CARTESIAN_POINT('',(14.,15.,4.));
#6754 = VECTOR('',#6755,1.);
#6755 = DIRECTION('',(0.,0.,1.));
#6756 = ORIENTED_EDGE('',*,*,#6757,.T.);
#6757 = EDGE_CURVE('',#6750,#6727,#6758,.T.);
#6758 = LINE('',#6759,#6760);
#6759 = CARTESIAN_POINT('',(14.,15.,11.));
#6760 = VECTOR('',#6761,1.);
#6761 = DIRECTION('',(1.,0.,-0.));
#6762 = ORIENTED_EDGE('',*,*,#6726,.F.);
#6763 = PLANE('',#6764);
#6764 = AXIS2_PLACEMENT_3D('',#6765,#6766,#6767);
#6765 = CARTESIAN_POINT('',(14.,15.,4.));
#6766 = DIRECTION('',(-0.,1.,0.));
#6767 = DIRECTION('',(0.,0.,1.));
#6768 = ADVANCED_FACE('',(#6769),#6780,.F.);
#6769 = FACE_BOUND('',#6770,.F.);
#6770 = EDGE_LOOP('',(#6771,#6772,#6773,#6774));
#6771 = ORIENTED_EDGE('',*,*,#6694,.F.);
#6772 = ORIENTED_EDGE('',*,*,#6094,.T.);
#6773 = ORIENTED_EDGE('',*,*,#6749,.T.);
#6774 = ORIENTED_EDGE('',*,*,#6775,.F.);
#6775 = EDGE_CURVE('',#6695,#6750,#6776,.T.);
#6776 = LINE('',#6777,#6778);
#6777 = CARTESIAN_POINT('',(14.,12.,11.));
#6778 = VECTOR('',#6779,1.);
#6779 = DIRECTION('',(-0.,1.,0.));
#6780 = PLANE('',#6781);
#6781 = AXIS2_PLACEMENT_3D('',#6782,#6783,#6784);
#6782 = CARTESIAN_POINT('',(14.,12.,4.));
#6783 = DIRECTION('',(1.,0.,-0.));
#6784 = DIRECTION('',(0.,0.,1.));
#6785 = ADVANCED_FACE('',(#6786),#6811,.F.);
#6786 = FACE_BOUND('',#6787,.F.);
#6787 = EDGE_LOOP('',(#6788,#6789,#6797,#6805));
#6788 = ORIENTED_EDGE('',*,*,#6118,.F.);
#6789 = ORIENTED_EDGE('',*,*,#6790,.T.);
#6790 = EDGE_CURVE('',#6119,#6791,#6793,.T.);
#6791 = VERTEX_POINT('',#6792);
#6792 = CARTESIAN_POINT('',(31.,20.,10.));
#6793 = LINE('',#6794,#6795);
#6794 = CARTESIAN_POINT('',(31.,20.,4.));
#6795 = VECTOR('',#6796,1.);
#6796 = DIRECTION('',(0.,0.,1.));
#6797 = ORIENTED_EDGE('',*,*,#6798,.T.);
#6798 = EDGE_CURVE('',#6791,#6799,#6801,.T.);
#6799 = VERTEX_POINT('',#6800);
#6800 = CARTESIAN_POINT('',(34.,20.,10.));
#6801 = LINE('',#6802,#6803);
#6802 = CARTESIAN_POINT('',(31.,20.,10.));
#6803 = VECTOR('',#6804,1.);
#6804 = DIRECTION('',(1.,0.,-0.));
#6805 = ORIENTED_EDGE('',*,*,#6806,.F.);
#6806 = EDGE_CURVE('',#6121,#6799,#6807,.T.);
#6807 = LINE('',#6808,#6809);
#6808 = CARTESIAN_POINT('',(34.,20.,4.));
#6809 = VECTOR('',#6810,1.);
#6810 = DIRECTION('',(0.,0.,1.));
#6811 = PLANE('',#6812);
#6812 = AXIS2_PLACEMENT_3D('',#6813,#6814,#6815);
#6813 = CARTESIAN_POINT('',(31.,20.,4.));
#6814 = DIRECTION('',(-0.,1.,0.));
#6815 = DIRECTION('',(0.,0.,1.));
#6816 = ADVANCED_FACE('',(#6817),#6835,.T.);
#6817 = FACE_BOUND('',#6818,.T.);
#6818 = EDGE_LOOP('',(#6819,#6820,#6821,#6829));
#6819 = ORIENTED_EDGE('',*,*,#6806,.F.);
#6820 = ORIENTED_EDGE('',*,*,#6144,.T.);
#6821 = ORIENTED_EDGE('',*,*,#6822,.T.);
#6822 = EDGE_CURVE('',#6137,#6823,#6825,.T.);
#6823 = VERTEX_POINT('',#6824);
#6824 = CARTESIAN_POINT('',(34.,75.,10.));
#6825 = LINE('',#6826,#6827);
#6826 = CARTESIAN_POINT('',(34.,75.,4.));
#6827 = VECTOR('',#6828,1.);
#6828 = DIRECTION('',(0.,0.,1.));
#6829 = ORIENTED_EDGE('',*,*,#6830,.F.);
#6830 = EDGE_CURVE('',#6799,#6823,#6831,.T.);
#6831 = LINE('',#6832,#6833);
#6832 = CARTESIAN_POINT('',(34.,20.,10.));
#6833 = VECTOR('',#6834,1.);
#6834 = DIRECTION('',(-0.,1.,0.));
#6835 = PLANE('',#6836);
#6836 = AXIS2_PLACEMENT_3D('',#6837,#6838,#6839);
#6837 = CARTESIAN_POINT('',(34.,20.,4.));
#6838 = DIRECTION('',(1.,0.,-0.));
#6839 = DIRECTION('',(0.,0.,1.));
#6840 = ADVANCED_FACE('',(#6841),#6859,.T.);
#6841 = FACE_BOUND('',#6842,.T.);
#6842 = EDGE_LOOP('',(#6843,#6844,#6852,#6858));
#6843 = ORIENTED_EDGE('',*,*,#6136,.F.);
#6844 = ORIENTED_EDGE('',*,*,#6845,.T.);
#6845 = EDGE_CURVE('',#6129,#6846,#6848,.T.);
#6846 = VERTEX_POINT('',#6847);
#6847 = CARTESIAN_POINT('',(31.,75.,10.));
#6848 = LINE('',#6849,#6850);
#6849 = CARTESIAN_POINT('',(31.,75.,4.));
#6850 = VECTOR('',#6851,1.);
#6851 = DIRECTION('',(0.,0.,1.));
#6852 = ORIENTED_EDGE('',*,*,#6853,.T.);
#6853 = EDGE_CURVE('',#6846,#6823,#6854,.T.);
#6854 = LINE('',#6855,#6856);
#6855 = CARTESIAN_POINT('',(31.,75.,10.));
#6856 = VECTOR('',#6857,1.);
#6857 = DIRECTION('',(1.,0.,-0.));
#6858 = ORIENTED_EDGE('',*,*,#6822,.F.);
#6859 = PLANE('',#6860);
#6860 = AXIS2_PLACEMENT_3D('',#6861,#6862,#6863);
#6861 = CARTESIAN_POINT('',(31.,75.,4.));
#6862 = DIRECTION('',(-0.,1.,0.));
#6863 = DIRECTION('',(0.,0.,1.));
#6864 = ADVANCED_FACE('',(#6865),#6876,.F.);
#6865 = FACE_BOUND('',#6866,.F.);
#6866 = EDGE_LOOP('',(#6867,#6868,#6869,#6870));
#6867 = ORIENTED_EDGE('',*,*,#6790,.F.);
#6868 = ORIENTED_EDGE('',*,*,#6128,.T.);
#6869 = ORIENTED_EDGE('',*,*,#6845,.T.);
#6870 = ORIENTED_EDGE('',*,*,#6871,.F.);
#6871 = EDGE_CURVE('',#6791,#6846,#6872,.T.);
#6872 = LINE('',#6873,#6874);
#6873 = CARTESIAN_POINT('',(31.,20.,10.));
#6874 = VECTOR('',#6875,1.);
#6875 = DIRECTION('',(-0.,1.,0.));
#6876 = PLANE('',#6877);
#6877 = AXIS2_PLACEMENT_3D('',#6878,#6879,#6880);
#6878 = CARTESIAN_POINT('',(31.,20.,4.));
#6879 = DIRECTION('',(1.,0.,-0.));
#6880 = DIRECTION('',(0.,0.,1.));
#6881 = ADVANCED_FACE('',(#6882),#6907,.F.);
#6882 = FACE_BOUND('',#6883,.F.);
#6883 = EDGE_LOOP('',(#6884,#6885,#6893,#6901));
#6884 = ORIENTED_EDGE('',*,*,#6152,.F.);
#6885 = ORIENTED_EDGE('',*,*,#6886,.T.);
#6886 = EDGE_CURVE('',#6153,#6887,#6889,.T.);
#6887 = VERTEX_POINT('',#6888);
#6888 = CARTESIAN_POINT('',(86.,20.,10.));
#6889 = LINE('',#6890,#6891);
#6890 = CARTESIAN_POINT('',(86.,20.,4.));
#6891 = VECTOR('',#6892,1.);
#6892 = DIRECTION('',(0.,0.,1.));
#6893 = ORIENTED_EDGE('',*,*,#6894,.T.);
#6894 = EDGE_CURVE('',#6887,#6895,#6897,.T.);
#6895 = VERTEX_POINT('',#6896);
#6896 = CARTESIAN_POINT('',(89.,20.,10.));
#6897 = LINE('',#6898,#6899);
#6898 = CARTESIAN_POINT('',(86.,20.,10.));
#6899 = VECTOR('',#6900,1.);
#6900 = DIRECTION('',(1.,0.,-0.));
#6901 = ORIENTED_EDGE('',*,*,#6902,.F.);
#6902 = EDGE_CURVE('',#6155,#6895,#6903,.T.);
#6903 = LINE('',#6904,#6905);
#6904 = CARTESIAN_POINT('',(89.,20.,4.));
#6905 = VECTOR('',#6906,1.);
#6906 = DIRECTION('',(0.,0.,1.));
#6907 = PLANE('',#6908);
#6908 = AXIS2_PLACEMENT_3D('',#6909,#6910,#6911);
#6909 = CARTESIAN_POINT('',(86.,20.,4.));
#6910 = DIRECTION('',(-0.,1.,0.));
#6911 = DIRECTION('',(0.,0.,1.));
#6912 = ADVANCED_FACE('',(#6913),#6931,.T.);
#6913 = FACE_BOUND('',#6914,.T.);
#6914 = EDGE_LOOP('',(#6915,#6916,#6917,#6925));
#6915 = ORIENTED_EDGE('',*,*,#6902,.F.);
#6916 = ORIENTED_EDGE('',*,*,#6178,.T.);
#6917 = ORIENTED_EDGE('',*,*,#6918,.T.);
#6918 = EDGE_CURVE('',#6171,#6919,#6921,.T.);
#6919 = VERTEX_POINT('',#6920);
#6920 = CARTESIAN_POINT('',(89.,75.,10.));
#6921 = LINE('',#6922,#6923);
#6922 = CARTESIAN_POINT('',(89.,75.,4.));
#6923 = VECTOR('',#6924,1.);
#6924 = DIRECTION('',(0.,0.,1.));
#6925 = ORIENTED_EDGE('',*,*,#6926,.F.);
#6926 = EDGE_CURVE('',#6895,#6919,#6927,.T.);
#6927 = LINE('',#6928,#6929);
#6928 = CARTESIAN_POINT('',(89.,20.,10.));
#6929 = VECTOR('',#6930,1.);
#6930 = DIRECTION('',(-0.,1.,0.));
#6931 = PLANE('',#6932);
#6932 = AXIS2_PLACEMENT_3D('',#6933,#6934,#6935);
#6933 = CARTESIAN_POINT('',(89.,20.,4.));
#6934 = DIRECTION('',(1.,0.,-0.));
#6935 = DIRECTION('',(0.,0.,1.));
#6936 = ADVANCED_FACE('',(#6937),#6955,.T.);
#6937 = FACE_BOUND('',#6938,.T.);
#6938 = EDGE_LOOP('',(#6939,#6940,#6948,#6954));
#6939 = ORIENTED_EDGE('',*,*,#6170,.F.);
#6940 = ORIENTED_EDGE('',*,*,#6941,.T.);
#6941 = EDGE_CURVE('',#6163,#6942,#6944,.T.);
#6942 = VERTEX_POINT('',#6943);
#6943 = CARTESIAN_POINT('',(86.,75.,10.));
#6944 = LINE('',#6945,#6946);
#6945 = CARTESIAN_POINT('',(86.,75.,4.));
#6946 = VECTOR('',#6947,1.);
#6947 = DIRECTION('',(0.,0.,1.));
#6948 = ORIENTED_EDGE('',*,*,#6949,.T.);
#6949 = EDGE_CURVE('',#6942,#6919,#6950,.T.);
#6950 = LINE('',#6951,#6952);
#6951 = CARTESIAN_POINT('',(86.,75.,10.));
#6952 = VECTOR('',#6953,1.);
#6953 = DIRECTION('',(1.,0.,-0.));
#6954 = ORIENTED_EDGE('',*,*,#6918,.F.);
#6955 = PLANE('',#6956);
#6956 = AXIS2_PLACEMENT_3D('',#6957,#6958,#6959);
#6957 = CARTESIAN_POINT('',(86.,75.,4.));
#6958 = DIRECTION('',(-0.,1.,0.));
#6959 = DIRECTION('',(0.,0.,1.));
#6960 = ADVANCED_FACE('',(#6961),#6972,.F.);
#6961 = FACE_BOUND('',#6962,.F.);
#6962 = EDGE_LOOP('',(#6963,#6964,#6965,#6966));
#6963 = ORIENTED_EDGE('',*,*,#6886,.F.);
#6964 = ORIENTED_EDGE('',*,*,#6162,.T.);
#6965 = ORIENTED_EDGE('',*,*,#6941,.T.);
#6966 = ORIENTED_EDGE('',*,*,#6967,.F.);
#6967 = EDGE_CURVE('',#6887,#6942,#6968,.T.);
#6968 = LINE('',#6969,#6970);
#6969 = CARTESIAN_POINT('',(86.,20.,10.));
#6970 = VECTOR('',#6971,1.);
#6971 = DIRECTION('',(-0.,1.,0.));
#6972 = PLANE('',#6973);
#6973 = AXIS2_PLACEMENT_3D('',#6974,#6975,#6976);
#6974 = CARTESIAN_POINT('',(86.,20.,4.));
#6975 = DIRECTION('',(1.,0.,-0.));
#6976 = DIRECTION('',(0.,0.,1.));
#6977 = ADVANCED_FACE('',(#6978),#7003,.F.);
#6978 = FACE_BOUND('',#6979,.F.);
#6979 = EDGE_LOOP('',(#6980,#6981,#6989,#6997));
#6980 = ORIENTED_EDGE('',*,*,#6186,.F.);
#6981 = ORIENTED_EDGE('',*,*,#6982,.T.);
#6982 = EDGE_CURVE('',#6187,#6983,#6985,.T.);
#6983 = VERTEX_POINT('',#6984);
#6984 = CARTESIAN_POINT('',(14.,80.,11.));
#6985 = LINE('',#6986,#6987);
#6986 = CARTESIAN_POINT('',(14.,80.,4.));
#6987 = VECTOR('',#6988,1.);
#6988 = DIRECTION('',(0.,0.,1.));
#6989 = ORIENTED_EDGE('',*,*,#6990,.T.);
#6990 = EDGE_CURVE('',#6983,#6991,#6993,.T.);
#6991 = VERTEX_POINT('',#6992);
#6992 = CARTESIAN_POINT('',(106.,80.,11.));
#6993 = LINE('',#6994,#6995);
#6994 = CARTESIAN_POINT('',(14.,80.,11.));
#6995 = VECTOR('',#6996,1.);
#6996 = DIRECTION('',(1.,0.,-0.));
#6997 = ORIENTED_EDGE('',*,*,#6998,.F.);
#6998 = EDGE_CURVE('',#6189,#6991,#6999,.T.);
#6999 = LINE('',#7000,#7001);
#7000 = CARTESIAN_POINT('',(106.,80.,4.));
#7001 = VECTOR('',#7002,1.);
#7002 = DIRECTION('',(0.,0.,1.));
#7003 = PLANE('',#7004);
#7004 = AXIS2_PLACEMENT_3D('',#7005,#7006,#7007);
#7005 = CARTESIAN_POINT('',(14.,80.,4.));
#7006 = DIRECTION('',(-0.,1.,0.));
#7007 = DIRECTION('',(0.,0.,1.));
#7008 = ADVANCED_FACE('',(#7009),#7027,.T.);
#7009 = FACE_BOUND('',#7010,.T.);
#7010 = EDGE_LOOP('',(#7011,#7012,#7013,#7021));
#7011 = ORIENTED_EDGE('',*,*,#6998,.F.);
#7012 = ORIENTED_EDGE('',*,*,#6212,.T.);
#7013 = ORIENTED_EDGE('',*,*,#7014,.T.);
#7014 = EDGE_CURVE('',#6205,#7015,#7017,.T.);
#7015 = VERTEX_POINT('',#7016);
#7016 = CARTESIAN_POINT('',(106.,83.,11.));
#7017 = LINE('',#7018,#7019);
#7018 = CARTESIAN_POINT('',(106.,83.,4.));
#7019 = VECTOR('',#7020,1.);
#7020 = DIRECTION('',(0.,0.,1.));
#7021 = ORIENTED_EDGE('',*,*,#7022,.F.);
#7022 = EDGE_CURVE('',#6991,#7015,#7023,.T.);
#7023 = LINE('',#7024,#7025);
#7024 = CARTESIAN_POINT('',(106.,80.,11.));
#7025 = VECTOR('',#7026,1.);
#7026 = DIRECTION('',(-0.,1.,0.));
#7027 = PLANE('',#7028);
#7028 = AXIS2_PLACEMENT_3D('',#7029,#7030,#7031);
#7029 = CARTESIAN_POINT('',(106.,80.,4.));
#7030 = DIRECTION('',(1.,0.,-0.));
#7031 = DIRECTION('',(0.,0.,1.));
#7032 = ADVANCED_FACE('',(#7033),#7051,.T.);
#7033 = FACE_BOUND('',#7034,.T.);
#7034 = EDGE_LOOP('',(#7035,#7036,#7044,#7050));
#7035 = ORIENTED_EDGE('',*,*,#6204,.F.);
#7036 = ORIENTED_EDGE('',*,*,#7037,.T.);
#7037 = EDGE_CURVE('',#6197,#7038,#7040,.T.);
#7038 = VERTEX_POINT('',#7039);
#7039 = CARTESIAN_POINT('',(14.,83.,11.));
#7040 = LINE('',#7041,#7042);
#7041 = CARTESIAN_POINT('',(14.,83.,4.));
#7042 = VECTOR('',#7043,1.);
#7043 = DIRECTION('',(0.,0.,1.));
#7044 = ORIENTED_EDGE('',*,*,#7045,.T.);
#7045 = EDGE_CURVE('',#7038,#7015,#7046,.T.);
#7046 = LINE('',#7047,#7048);
#7047 = CARTESIAN_POINT('',(14.,83.,11.));
#7048 = VECTOR('',#7049,1.);
#7049 = DIRECTION('',(1.,0.,-0.));
#7050 = ORIENTED_EDGE('',*,*,#7014,.F.);
#7051 = PLANE('',#7052);
#7052 = AXIS2_PLACEMENT_3D('',#7053,#7054,#7055);
#7053 = CARTESIAN_POINT('',(14.,83.,4.));
#7054 = DIRECTION('',(-0.,1.,0.));
#7055 = DIRECTION('',(0.,0.,1.));
#7056 = ADVANCED_FACE('',(#7057),#7068,.F.);
#7057 = FACE_BOUND('',#7058,.F.);
#7058 = EDGE_LOOP('',(#7059,#7060,#7061,#7062));
#7059 = ORIENTED_EDGE('',*,*,#6982,.F.);
#7060 = ORIENTED_EDGE('',*,*,#6196,.T.);
#7061 = ORIENTED_EDGE('',*,*,#7037,.T.);
#7062 = ORIENTED_EDGE('',*,*,#7063,.F.);
#7063 = EDGE_CURVE('',#6983,#7038,#7064,.T.);
#7064 = LINE('',#7065,#7066);
#7065 = CARTESIAN_POINT('',(14.,80.,11.));
#7066 = VECTOR('',#7067,1.);
#7067 = DIRECTION('',(-0.,1.,0.));
#7068 = PLANE('',#7069);
#7069 = AXIS2_PLACEMENT_3D('',#7070,#7071,#7072);
#7070 = CARTESIAN_POINT('',(14.,80.,4.));
#7071 = DIRECTION('',(1.,0.,-0.));
#7072 = DIRECTION('',(0.,0.,1.));
#7073 = ADVANCED_FACE('',(#7074),#7080,.T.);
#7074 = FACE_BOUND('',#7075,.T.);
#7075 = EDGE_LOOP('',(#7076,#7077,#7078,#7079));
#7076 = ORIENTED_EDGE('',*,*,#6576,.F.);
#7077 = ORIENTED_EDGE('',*,*,#6614,.F.);
#7078 = ORIENTED_EDGE('',*,*,#6296,.T.);
#7079 = ORIENTED_EDGE('',*,*,#6632,.F.);
#7080 = PLANE('',#7081);
#7081 = AXIS2_PLACEMENT_3D('',#7082,#7083,#7084);
#7082 = CARTESIAN_POINT('',(0.,0.,4.));
#7083 = DIRECTION('',(0.,0.,1.));
#7084 = DIRECTION('',(1.,0.,0.));
#7085 = ADVANCED_FACE('',(#7086),#7092,.T.);
#7086 = FACE_BOUND('',#7087,.T.);
#7087 = EDGE_LOOP('',(#7088,#7089,#7090,#7091));
#7088 = ORIENTED_EDGE('',*,*,#6492,.F.);
#7089 = ORIENTED_EDGE('',*,*,#6508,.T.);
#7090 = ORIENTED_EDGE('',*,*,#6432,.T.);
#7091 = ORIENTED_EDGE('',*,*,#6464,.F.);
#7092 = PLANE('',#7093);
#7093 = AXIS2_PLACEMENT_3D('',#7094,#7095,#7096);
#7094 = CARTESIAN_POINT('',(8.,12.,12.));
#7095 = DIRECTION('',(0.,0.,1.));
#7096 = DIRECTION('',(1.,0.,-0.));
#7097 = ADVANCED_FACE('',(#7098),#7104,.T.);
#7098 = FACE_BOUND('',#7099,.T.);
#7099 = EDGE_LOOP('',(#7100,#7101,#7102,#7103));
#7100 = ORIENTED_EDGE('',*,*,#6678,.F.);
#7101 = ORIENTED_EDGE('',*,*,#6544,.T.);
#7102 = ORIENTED_EDGE('',*,*,#6599,.T.);
#7103 = ORIENTED_EDGE('',*,*,#6659,.F.);
#7104 = PLANE('',#7105);
#7105 = AXIS2_PLACEMENT_3D('',#7106,#7107,#7108);
#7106 = CARTESIAN_POINT('',(109.,12.,12.));
#7107 = DIRECTION('',(0.,0.,1.));
#7108 = DIRECTION('',(1.,0.,-0.));
#7109 = ADVANCED_FACE('',(#7110),#7116,.T.);
#7110 = FACE_BOUND('',#7111,.T.);
#7111 = EDGE_LOOP('',(#7112,#7113,#7114,#7115));
#7112 = ORIENTED_EDGE('',*,*,#6775,.F.);
#7113 = ORIENTED_EDGE('',*,*,#6702,.T.);
#7114 = ORIENTED_EDGE('',*,*,#6734,.T.);
#7115 = ORIENTED_EDGE('',*,*,#6757,.F.);
#7116 = PLANE('',#7117);
#7117 = AXIS2_PLACEMENT_3D('',#7118,#7119,#7120);
#7118 = CARTESIAN_POINT('',(14.,12.,11.));
#7119 = DIRECTION('',(0.,0.,1.));
#7120 = DIRECTION('',(1.,0.,-0.));
#7121 = ADVANCED_FACE('',(#7122),#7128,.T.);
#7122 = FACE_BOUND('',#7123,.T.);
#7123 = EDGE_LOOP('',(#7124,#7125,#7126,#7127));
#7124 = ORIENTED_EDGE('',*,*,#6871,.F.);
#7125 = ORIENTED_EDGE('',*,*,#6798,.T.);
#7126 = ORIENTED_EDGE('',*,*,#6830,.T.);
#7127 = ORIENTED_EDGE('',*,*,#6853,.F.);
#7128 = PLANE('',#7129);
#7129 = AXIS2_PLACEMENT_3D('',#7130,#7131,#7132);
#7130 = CARTESIAN_POINT('',(31.,20.,10.));
#7131 = DIRECTION('',(0.,0.,1.));
#7132 = DIRECTION('',(1.,0.,-0.));
#7133 = ADVANCED_FACE('',(#7134),#7140,.T.);
#7134 = FACE_BOUND('',#7135,.T.);
#7135 = EDGE_LOOP('',(#7136,#7137,#7138,#7139));
#7136 = ORIENTED_EDGE('',*,*,#6967,.F.);
#7137 = ORIENTED_EDGE('',*,*,#6894,.T.);
#7138 = ORIENTED_EDGE('',*,*,#6926,.T.);
#7139 = ORIENTED_EDGE('',*,*,#6949,.F.);
#7140 = PLANE('',#7141);
#7141 = AXIS2_PLACEMENT_3D('',#7142,#7143,#7144);
#7142 = CARTESIAN_POINT('',(86.,20.,10.));
#7143 = DIRECTION('',(0.,0.,1.));
#7144 = DIRECTION('',(1.,0.,-0.));
#7145 = ADVANCED_FACE('',(#7146),#7152,.T.);
#7146 = FACE_BOUND('',#7147,.T.);
#7147 = EDGE_LOOP('',(#7148,#7149,#7150,#7151));
#7148 = ORIENTED_EDGE('',*,*,#7063,.F.);
#7149 = ORIENTED_EDGE('',*,*,#6990,.T.);
#7150 = ORIENTED_EDGE('',*,*,#7022,.T.);
#7151 = ORIENTED_EDGE('',*,*,#7045,.F.);
#7152 = PLANE('',#7153);
#7153 = AXIS2_PLACEMENT_3D('',#7154,#7155,#7156);
#7154 = CARTESIAN_POINT('',(14.,80.,11.));
#7155 = DIRECTION('',(0.,0.,1.));
#7156 = DIRECTION('',(1.,0.,-0.));
#7157 = ( GEOMETRIC_REPRESENTATION_CONTEXT(3) 
GLOBAL_UNCERTAINTY_ASSIGNED_CONTEXT((#7161)) 
GLOBAL_UNIT_ASSIGNED_CONTEXT((#7158,#7159,#7160)) REPRESENTATION_CONTEXT
('Context #1','3D Context with UNIT and UNCERTAINTY') );
#7158 = ( LENGTH_UNIT() NAMED_UNIT(*) SI_UNIT(.MILLI.,.METRE.) );
#7159 = ( NAMED_UNIT(*) PLANE_ANGLE_UNIT() SI_UNIT($,.RADIAN.) );
#7160 = ( NAMED_UNIT(*) SI_UNIT($,.STERADIAN.) SOLID_ANGLE_UNIT() );
#7161 = UNCERTAINTY_MEASURE_WITH_UNIT(LENGTH_MEASURE(1.E-07),#7158,
  'distance_accuracy_value','confusion accuracy');
#7162 = CONTEXT_DEPENDENT_SHAPE_REPRESENTATION(#7163,#7165);
#7163 = ( REPRESENTATION_RELATIONSHIP('','',#4314,#10) 
REPRESENTATION_RELATIONSHIP_WITH_TRANSFORMATION(#7164) 
SHAPE_REPRESENTATION_RELATIONSHIP() );
#7164 = ITEM_DEFINED_TRANSFORMATION('','',#11,#39);
#7165 = PRODUCT_DEFINITION_SHAPE('Placement','Placement of an item',
  #7166);
#7166 = NEXT_ASSEMBLY_USAGE_OCCURRENCE('7','BottomShell','',#5,#4309,$);
#7167 = PRODUCT_RELATED_PRODUCT_CATEGORY('part',$,(#4311));
#7168 = MECHANICAL_DESIGN_GEOMETRIC_PRESENTATION_REPRESENTATION('',(
    #7169),#7157);
#7169 = STYLED_ITEM('color',(#7170),#4315);
#7170 = PRESENTATION_STYLE_ASSIGNMENT((#7171,#7177));
#7171 = SURFACE_STYLE_USAGE(.BOTH.,#7172);
#7172 = SURFACE_SIDE_STYLE('',(#7173));
#7173 = SURFACE_STYLE_FILL_AREA(#7174);
#7174 = FILL_AREA_STYLE('',(#7175));
#7175 = FILL_AREA_STYLE_COLOUR('',#7176);
#7176 = COLOUR_RGB('',0.447058818107,0.474509808674,0.501960817233);
#7177 = CURVE_STYLE('',#7178,POSITIVE_LENGTH_MEASURE(0.1),#7179);
#7178 = DRAUGHTING_PRE_DEFINED_CURVE_FONT('continuous');
#7179 = COLOUR_RGB('',9.803921802644E-02,9.803921802644E-02,
  9.803921802644E-02);
#7180 = MECHANICAL_DESIGN_GEOMETRIC_PRESENTATION_REPRESENTATION('',(
    #7181),#1745);
#7181 = STYLED_ITEM('color',(#7182),#1595);
#7182 = PRESENTATION_STYLE_ASSIGNMENT((#7183,#7188));
#7183 = SURFACE_STYLE_USAGE(.BOTH.,#7184);
#7184 = SURFACE_SIDE_STYLE('',(#7185));
#7185 = SURFACE_STYLE_FILL_AREA(#7186);
#7186 = FILL_AREA_STYLE('',(#7187));
#7187 = FILL_AREA_STYLE_COLOUR('',#7176);
#7188 = CURVE_STYLE('',#7189,POSITIVE_LENGTH_MEASURE(0.1),#7179);
#7189 = DRAUGHTING_PRE_DEFINED_CURVE_FONT('continuous');
#7190 = MECHANICAL_DESIGN_GEOMETRIC_PRESENTATION_REPRESENTATION('',(
    #7191,#7200,#7209,#7218),#1576);
#7191 = STYLED_ITEM('color',(#7192),#976);
#7192 = PRESENTATION_STYLE_ASSIGNMENT((#7193,#7198));
#7193 = SURFACE_STYLE_USAGE(.BOTH.,#7194);
#7194 = SURFACE_SIDE_STYLE('',(#7195));
#7195 = SURFACE_STYLE_FILL_AREA(#7196);
#7196 = FILL_AREA_STYLE('',(#7197));
#7197 = FILL_AREA_STYLE_COLOUR('',#7176);
#7198 = CURVE_STYLE('',#7199,POSITIVE_LENGTH_MEASURE(0.1),#7179);
#7199 = DRAUGHTING_PRE_DEFINED_CURVE_FONT('continuous');
#7200 = STYLED_ITEM('color',(#7201),#1126);
#7201 = PRESENTATION_STYLE_ASSIGNMENT((#7202,#7207));
#7202 = SURFACE_STYLE_USAGE(.BOTH.,#7203);
#7203 = SURFACE_SIDE_STYLE('',(#7204));
#7204 = SURFACE_STYLE_FILL_AREA(#7205);
#7205 = FILL_AREA_STYLE('',(#7206));
#7206 = FILL_AREA_STYLE_COLOUR('',#7176);
#7207 = CURVE_STYLE('',#7208,POSITIVE_LENGTH_MEASURE(0.1),#7179);
#7208 = DRAUGHTING_PRE_DEFINED_CURVE_FONT('continuous');
#7209 = STYLED_ITEM('color',(#7210),#1276);
#7210 = PRESENTATION_STYLE_ASSIGNMENT((#7211,#7216));
#7211 = SURFACE_STYLE_USAGE(.BOTH.,#7212);
#7212 = SURFACE_SIDE_STYLE('',(#7213));
#7213 = SURFACE_STYLE_FILL_AREA(#7214);
#7214 = FILL_AREA_STYLE('',(#7215));
#7215 = FILL_AREA_STYLE_COLOUR('',#7176);
#7216 = CURVE_STYLE('',#7217,POSITIVE_LENGTH_MEASURE(0.1),#7179);
#7217 = DRAUGHTING_PRE_DEFINED_CURVE_FONT('continuous');
#7218 = STYLED_ITEM('color',(#7219),#1426);
#7219 = PRESENTATION_STYLE_ASSIGNMENT((#7220,#7225));
#7220 = SURFACE_STYLE_USAGE(.BOTH.,#7221);
#7221 = SURFACE_SIDE_STYLE('',(#7222));
#7222 = SURFACE_STYLE_FILL_AREA(#7223);
#7223 = FILL_AREA_STYLE('',(#7224));
#7224 = FILL_AREA_STYLE_COLOUR('',#7176);
#7225 = CURVE_STYLE('',#7226,POSITIVE_LENGTH_MEASURE(0.1),#7179);
#7226 = DRAUGHTING_PRE_DEFINED_CURVE_FONT('continuous');
#7227 = MECHANICAL_DESIGN_GEOMETRIC_PRESENTATION_REPRESENTATION('',(
    #7228,#7237,#7246,#7255,#7264,#7273),#957);
#7228 = STYLED_ITEM('color',(#7229),#57);
#7229 = PRESENTATION_STYLE_ASSIGNMENT((#7230,#7235));
#7230 = SURFACE_STYLE_USAGE(.BOTH.,#7231);
#7231 = SURFACE_SIDE_STYLE('',(#7232));
#7232 = SURFACE_STYLE_FILL_AREA(#7233);
#7233 = FILL_AREA_STYLE('',(#7234));
#7234 = FILL_AREA_STYLE_COLOUR('',#7176);
#7235 = CURVE_STYLE('',#7236,POSITIVE_LENGTH_MEASURE(0.1),#7179);
#7236 = DRAUGHTING_PRE_DEFINED_CURVE_FONT('continuous');
#7237 = STYLED_ITEM('color',(#7238),#207);
#7238 = PRESENTATION_STYLE_ASSIGNMENT((#7239,#7244));
#7239 = SURFACE_STYLE_USAGE(.BOTH.,#7240);
#7240 = SURFACE_SIDE_STYLE('',(#7241));
#7241 = SURFACE_STYLE_FILL_AREA(#7242);
#7242 = FILL_AREA_STYLE('',(#7243));
#7243 = FILL_AREA_STYLE_COLOUR('',#7176);
#7244 = CURVE_STYLE('',#7245,POSITIVE_LENGTH_MEASURE(0.1),#7179);
#7245 = DRAUGHTING_PRE_DEFINED_CURVE_FONT('continuous');
#7246 = STYLED_ITEM('color',(#7247),#357);
#7247 = PRESENTATION_STYLE_ASSIGNMENT((#7248,#7253));
#7248 = SURFACE_STYLE_USAGE(.BOTH.,#7249);
#7249 = SURFACE_SIDE_STYLE('',(#7250));
#7250 = SURFACE_STYLE_FILL_AREA(#7251);
#7251 = FILL_AREA_STYLE('',(#7252));
#7252 = FILL_AREA_STYLE_COLOUR('',#7176);
#7253 = CURVE_STYLE('',#7254,POSITIVE_LENGTH_MEASURE(0.1),#7179);
#7254 = DRAUGHTING_PRE_DEFINED_CURVE_FONT('continuous');
#7255 = STYLED_ITEM('color',(#7256),#507);
#7256 = PRESENTATION_STYLE_ASSIGNMENT((#7257,#7262));
#7257 = SURFACE_STYLE_USAGE(.BOTH.,#7258);
#7258 = SURFACE_SIDE_STYLE('',(#7259));
#7259 = SURFACE_STYLE_FILL_AREA(#7260);
#7260 = FILL_AREA_STYLE('',(#7261));
#7261 = FILL_AREA_STYLE_COLOUR('',#7176);
#7262 = CURVE_STYLE('',#7263,POSITIVE_LENGTH_MEASURE(0.1),#7179);
#7263 = DRAUGHTING_PRE_DEFINED_CURVE_FONT('continuous');
#7264 = STYLED_ITEM('color',(#7265),#657);
#7265 = PRESENTATION_STYLE_ASSIGNMENT((#7266,#7271));
#7266 = SURFACE_STYLE_USAGE(.BOTH.,#7267);
#7267 = SURFACE_SIDE_STYLE('',(#7268));
#7268 = SURFACE_STYLE_FILL_AREA(#7269);
#7269 = FILL_AREA_STYLE('',(#7270));
#7270 = FILL_AREA_STYLE_COLOUR('',#7176);
#7271 = CURVE_STYLE('',#7272,POSITIVE_LENGTH_MEASURE(0.1),#7179);
#7272 = DRAUGHTING_PRE_DEFINED_CURVE_FONT('continuous');
#7273 = STYLED_ITEM('color',(#7274),#807);
#7274 = PRESENTATION_STYLE_ASSIGNMENT((#7275,#7280));
#7275 = SURFACE_STYLE_USAGE(.BOTH.,#7276);
#7276 = SURFACE_SIDE_STYLE('',(#7277));
#7277 = SURFACE_STYLE_FILL_AREA(#7278);
#7278 = FILL_AREA_STYLE('',(#7279));
#7279 = FILL_AREA_STYLE_COLOUR('',#7176);
#7280 = CURVE_STYLE('',#7281,POSITIVE_LENGTH_MEASURE(0.1),#7179);
#7281 = DRAUGHTING_PRE_DEFINED_CURVE_FONT('continuous');
#7282 = MECHANICAL_DESIGN_GEOMETRIC_PRESENTATION_REPRESENTATION('',(
    #7283),#3896);
#7283 = STYLED_ITEM('color',(#7284),#1764);
#7284 = PRESENTATION_STYLE_ASSIGNMENT((#7285,#7290));
#7285 = SURFACE_STYLE_USAGE(.BOTH.,#7286);
#7286 = SURFACE_SIDE_STYLE('',(#7287));
#7287 = SURFACE_STYLE_FILL_AREA(#7288);
#7288 = FILL_AREA_STYLE('',(#7289));
#7289 = FILL_AREA_STYLE_COLOUR('',#7176);
#7290 = CURVE_STYLE('',#7291,POSITIVE_LENGTH_MEASURE(0.1),#7179);
#7291 = DRAUGHTING_PRE_DEFINED_CURVE_FONT('continuous');
#7292 = MECHANICAL_DESIGN_GEOMETRIC_PRESENTATION_REPRESENTATION('',(
    #7293),#4065);
#7293 = STYLED_ITEM('color',(#7294),#3915);
#7294 = PRESENTATION_STYLE_ASSIGNMENT((#7295,#7300));
#7295 = SURFACE_STYLE_USAGE(.BOTH.,#7296);
#7296 = SURFACE_SIDE_STYLE('',(#7297));
#7297 = SURFACE_STYLE_FILL_AREA(#7298);
#7298 = FILL_AREA_STYLE('',(#7299));
#7299 = FILL_AREA_STYLE_COLOUR('',#7176);
#7300 = CURVE_STYLE('',#7301,POSITIVE_LENGTH_MEASURE(0.1),#7179);
#7301 = DRAUGHTING_PRE_DEFINED_CURVE_FONT('continuous');
#7302 = MECHANICAL_DESIGN_GEOMETRIC_PRESENTATION_REPRESENTATION('',(
    #7303,#7312,#7321,#7330),#4296);
#7303 = STYLED_ITEM('color',(#7304),#4084);
#7304 = PRESENTATION_STYLE_ASSIGNMENT((#7305,#7310));
#7305 = SURFACE_STYLE_USAGE(.BOTH.,#7306);
#7306 = SURFACE_SIDE_STYLE('',(#7307));
#7307 = SURFACE_STYLE_FILL_AREA(#7308);
#7308 = FILL_AREA_STYLE('',(#7309));
#7309 = FILL_AREA_STYLE_COLOUR('',#7176);
#7310 = CURVE_STYLE('',#7311,POSITIVE_LENGTH_MEASURE(0.1),#7179);
#7311 = DRAUGHTING_PRE_DEFINED_CURVE_FONT('continuous');
#7312 = STYLED_ITEM('color',(#7313),#4137);
#7313 = PRESENTATION_STYLE_ASSIGNMENT((#7314,#7319));
#7314 = SURFACE_STYLE_USAGE(.BOTH.,#7315);
#7315 = SURFACE_SIDE_STYLE('',(#7316));
#7316 = SURFACE_STYLE_FILL_AREA(#7317);
#7317 = FILL_AREA_STYLE('',(#7318));
#7318 = FILL_AREA_STYLE_COLOUR('',#7176);
#7319 = CURVE_STYLE('',#7320,POSITIVE_LENGTH_MEASURE(0.1),#7179);
#7320 = DRAUGHTING_PRE_DEFINED_CURVE_FONT('continuous');
#7321 = STYLED_ITEM('color',(#7322),#4190);
#7322 = PRESENTATION_STYLE_ASSIGNMENT((#7323,#7328));
#7323 = SURFACE_STYLE_USAGE(.BOTH.,#7324);
#7324 = SURFACE_SIDE_STYLE('',(#7325));
#7325 = SURFACE_STYLE_FILL_AREA(#7326);
#7326 = FILL_AREA_STYLE('',(#7327));
#7327 = FILL_AREA_STYLE_COLOUR('',#7176);
#7328 = CURVE_STYLE('',#7329,POSITIVE_LENGTH_MEASURE(0.1),#7179);
#7329 = DRAUGHTING_PRE_DEFINED_CURVE_FONT('continuous');
#7330 = STYLED_ITEM('color',(#7331),#4243);
#7331 = PRESENTATION_STYLE_ASSIGNMENT((#7332,#7337));
#7332 = SURFACE_STYLE_USAGE(.BOTH.,#7333);
#7333 = SURFACE_SIDE_STYLE('',(#7334));
#7334 = SURFACE_STYLE_FILL_AREA(#7335);
#7335 = FILL_AREA_STYLE('',(#7336));
#7336 = FILL_AREA_STYLE_COLOUR('',#7176);
#7337 = CURVE_STYLE('',#7338,POSITIVE_LENGTH_MEASURE(0.1),#7179);
#7338 = DRAUGHTING_PRE_DEFINED_CURVE_FONT('continuous');
ENDSEC;
END-ISO-10303-21;
